target,participant_id,feature,delta_mse_mean,delta_mse_std,baseline_mse_mean
angle,1,acceleration_at_release,0.0,0.0,0.0019217965009923291
angle,1,arm_extension_angle,0.0,0.0,0.0019217965009923291
angle,1,arm_plane_angle,0.0,0.0,0.0019217965009923291
angle,1,azimuth_angle,0.0,0.0,0.0019217965009923291
angle,1,elbow_alignment,0.0,0.0,0.0019217965009923291
angle,1,elbow_height_relative,0.0,0.0,0.0019217965009923291
angle,1,elevation_angle,0.0,0.0,0.0019217965009923291
angle,1,forward_position,0.0,0.0,0.0019217965009923291
angle,1,guide_hand_vx,0.0,0.0,0.0019217965009923291
angle,1,hip_lateral_range,0.0,0.0,0.0019217965009923291
angle,1,hip_vertical_velocity_max,0.0,0.0,0.0019217965009923291
angle,1,jerk_at_release,0.0,0.0,0.0019217965009923291
angle,1,knee_bend_depth,0.0,0.0,0.0019217965009923291
angle,1,knee_extension_rate_max,0.0,0.0,0.0019217965009923291
angle,1,lateral_offset,0.0,0.0,0.0019217965009923291
angle,1,left_wrist_z_energy,0.0,0.0,0.0019217965009923291
angle,1,left_wrist_z_max,0.0,0.0,0.0019217965009923291
angle,1,left_wrist_z_mean,0.0,0.0,0.0019217965009923291
angle,1,left_wrist_z_min,0.0,0.0,0.0019217965009923291
angle,1,left_wrist_z_q25,0.0,0.0,0.0019217965009923291
angle,1,left_wrist_z_q75,0.0,0.0,0.0019217965009923291
angle,1,left_wrist_z_range,0.0,0.0,0.0019217965009923291
angle,1,left_wrist_z_std,0.0,0.0,0.0019217965009923291
angle,1,mid_hip_z_energy,0.0,0.0,0.0019217965009923291
angle,1,mid_hip_z_max,0.0,0.0,0.0019217965009923291
angle,1,mid_hip_z_mean,0.0,0.0,0.0019217965009923291
angle,1,mid_hip_z_min,0.0,0.0,0.0019217965009923291
angle,1,mid_hip_z_q25,0.0,0.0,0.0019217965009923291
angle,1,mid_hip_z_q75,0.0,0.0,0.0019217965009923291
angle,1,mid_hip_z_range,0.0,0.0,0.0019217965009923291
angle,1,mid_hip_z_std,0.0,0.0,0.0019217965009923291
angle,1,neck_z_energy,0.0,0.0,0.0019217965009923291
angle,1,neck_z_max,0.0,0.0,0.0019217965009923291
angle,1,neck_z_mean,0.0,0.0,0.0019217965009923291
angle,1,neck_z_min,0.0,0.0,0.0019217965009923291
angle,1,neck_z_q25,0.0,0.0,0.0019217965009923291
angle,1,neck_z_q75,0.0,0.0,0.0019217965009923291
angle,1,neck_z_range,0.0,0.0,0.0019217965009923291
angle,1,neck_z_std,0.0,0.0,0.0019217965009923291
angle,1,participant_1,0.0,0.0,0.0019217965009923291
angle,1,participant_2,0.0,0.0,0.0019217965009923291
angle,1,participant_3,0.0,0.0,0.0019217965009923291
angle,1,participant_4,0.0,0.0,0.0019217965009923291
angle,1,participant_5,0.0,0.0,0.0019217965009923291
angle,1,participant_id,0.0,0.0,0.0019217965009923291
angle,1,peak_velocity_magnitude,0.0,0.0,0.0019217965009923291
angle,1,release_frame,0.0,0.0,0.0019217965009923291
angle,1,release_height_relative,0.0,0.0,0.0019217965009923291
angle,1,release_time,0.0,0.0,0.0019217965009923291
angle,1,right_elbow_vel_load_mean,0.0,0.0,0.0019217965009923291
angle,1,right_elbow_vel_max,0.0,0.0,0.0019217965009923291
angle,1,right_elbow_vel_max_time,0.0,0.0,0.0019217965009923291
angle,1,right_elbow_vel_mean,0.0,0.0,0.0019217965009923291
angle,1,right_elbow_vel_min,0.0,0.0,0.0019217965009923291
angle,1,right_elbow_vel_prep_mean,0.0,0.0,0.0019217965009923291
angle,1,right_elbow_vel_prop_mean,0.0,0.0,0.0019217965009923291
angle,1,right_elbow_vel_range,0.0,0.0,0.0019217965009923291
angle,1,right_elbow_vel_release_mean,0.0,0.0,0.0019217965009923291
angle,1,right_elbow_vel_std,0.0,0.0,0.0019217965009923291
angle,1,right_elbow_z_energy,0.0,0.0,0.0019217965009923291
angle,1,right_elbow_z_max,0.0,0.0,0.0019217965009923291
angle,1,right_elbow_z_mean,0.0,0.0,0.0019217965009923291
angle,1,right_elbow_z_min,0.0,0.0,0.0019217965009923291
angle,1,right_elbow_z_q25,0.0,0.0,0.0019217965009923291
angle,1,right_elbow_z_q75,0.0,0.0,0.0019217965009923291
angle,1,right_elbow_z_range,0.0,0.0,0.0019217965009923291
angle,1,right_elbow_z_std,0.0,0.0,0.0019217965009923291
angle,1,right_hip_z_energy,0.0,0.0,0.0019217965009923291
angle,1,right_hip_z_max,0.0,0.0,0.0019217965009923291
angle,1,right_hip_z_mean,0.0,0.0,0.0019217965009923291
angle,1,right_hip_z_min,0.0,0.0,0.0019217965009923291
angle,1,right_hip_z_q25,0.0,0.0,0.0019217965009923291
angle,1,right_hip_z_q75,0.0,0.0,0.0019217965009923291
angle,1,right_hip_z_range,0.0,0.0,0.0019217965009923291
angle,1,right_hip_z_std,0.0,0.0,0.0019217965009923291
angle,1,right_knee_vel_load_mean,0.0,0.0,0.0019217965009923291
angle,1,right_knee_vel_max,0.0,0.0,0.0019217965009923291
angle,1,right_knee_vel_max_time,0.0,0.0,0.0019217965009923291
angle,1,right_knee_vel_mean,0.0,0.0,0.0019217965009923291
angle,1,right_knee_vel_min,-3.410623484173999e-07,6.821246968347998e-07,0.0019217965009923291
angle,1,right_knee_vel_prep_mean,0.0,0.0,0.0019217965009923291
angle,1,right_knee_vel_prop_mean,0.0,0.0,0.0019217965009923291
angle,1,right_knee_vel_range,0.0,0.0,0.0019217965009923291
angle,1,right_knee_vel_release_mean,0.0,0.0,0.0019217965009923291
angle,1,right_knee_vel_std,0.0,0.0,0.0019217965009923291
angle,1,right_knee_z_energy,0.0,0.0,0.0019217965009923291
angle,1,right_knee_z_max,0.0,0.0,0.0019217965009923291
angle,1,right_knee_z_mean,0.0,0.0,0.0019217965009923291
angle,1,right_knee_z_min,0.0,0.0,0.0019217965009923291
angle,1,right_knee_z_q25,0.0,0.0,0.0019217965009923291
angle,1,right_knee_z_q75,0.0,0.0,0.0019217965009923291
angle,1,right_knee_z_range,0.0,0.0,0.0019217965009923291
angle,1,right_knee_z_std,0.0,0.0,0.0019217965009923291
angle,1,right_shoulder_z_energy,0.0,0.0,0.0019217965009923291
angle,1,right_shoulder_z_max,0.0,0.0,0.0019217965009923291
angle,1,right_shoulder_z_mean,0.0,0.0,0.0019217965009923291
angle,1,right_shoulder_z_min,0.0,0.0,0.0019217965009923291
angle,1,right_shoulder_z_q25,0.0,0.0,0.0019217965009923291
angle,1,right_shoulder_z_q75,0.0,0.0,0.0019217965009923291
angle,1,right_shoulder_z_range,-1.8937137219994314e-06,3.7874274439988632e-06,0.0019217965009923291
angle,1,right_shoulder_z_std,0.0,0.0,0.0019217965009923291
angle,1,right_wrist_vel_load_mean,-4.486806956607743e-07,8.973613913215487e-07,0.0019217965009923291
angle,1,right_wrist_vel_max,0.0,0.0,0.0019217965009923291
angle,1,right_wrist_vel_max_time,0.0,0.0,0.0019217965009923291
angle,1,right_wrist_vel_mean,0.0,0.0,0.0019217965009923291
angle,1,right_wrist_vel_min,0.0,0.0,0.0019217965009923291
angle,1,right_wrist_vel_prep_mean,0.0,0.0,0.0019217965009923291
angle,1,right_wrist_vel_prop_mean,0.0,0.0,0.0019217965009923291
angle,1,right_wrist_vel_range,0.0,0.0,0.0019217965009923291
angle,1,right_wrist_vel_release_mean,0.0,0.0,0.0019217965009923291
angle,1,right_wrist_vel_std,0.0,0.0,0.0019217965009923291
angle,1,right_wrist_z_energy,0.0,0.0,0.0019217965009923291
angle,1,right_wrist_z_max,0.0,0.0,0.0019217965009923291
angle,1,right_wrist_z_mean,0.0,0.0,0.0019217965009923291
angle,1,right_wrist_z_min,0.0,0.0,0.0019217965009923291
angle,1,right_wrist_z_q25,0.0,0.0,0.0019217965009923291
angle,1,right_wrist_z_q75,0.0,0.0,0.0019217965009923291
angle,1,right_wrist_z_range,-7.5873917312771485e-06,1.411126701394505e-05,0.0019217965009923291
angle,1,right_wrist_z_std,0.0,0.0,0.0019217965009923291
angle,1,set_point_height,0.0,0.0,0.0019217965009923291
angle,1,set_position_stability,0.0,0.0,0.0019217965009923291
angle,1,shoulder_elevation_rate,0.0,0.0,0.0019217965009923291
angle,1,shoulder_rotation,0.0,0.0,0.0019217965009923291
angle,1,time_to_peak_velocity,0.0,0.0,0.0019217965009923291
angle,1,velocity_magnitude_release,0.0,0.0,0.0019217965009923291
angle,1,wrist_snap_angle,0.0,0.0,0.0019217965009923291
angle,1,wrist_vx_release,0.0,0.0,0.0019217965009923291
angle,1,wrist_vy_release,0.0,0.0,0.0019217965009923291
angle,1,wrist_vz_release,0.0,0.0,0.0019217965009923291
angle,1,wrist_x_release,0.0,0.0,0.0019217965009923291
angle,1,wrist_y_release,0.0,0.0,0.0019217965009923291
angle,1,wrist_z_release,0.0,0.0,0.0019217965009923291
depth,1,acceleration_at_release,0.00016339020057450762,0.00012050644252130946,0.006976055359739115
depth,1,arm_extension_angle,-0.00016499516793763296,0.00041518041506790335,0.006976055359739115
depth,1,arm_plane_angle,7.743115752294077e-06,3.27944428291968e-05,0.006976055359739115
depth,1,azimuth_angle,3.851004636449875e-06,7.70200927289975e-06,0.006976055359739115
depth,1,elbow_alignment,1.0486379174642785e-05,9.494552596465645e-06,0.006976055359739115
depth,1,elbow_height_relative,0.0,0.0,0.006976055359739115
depth,1,elevation_angle,0.0,0.0,0.006976055359739115
depth,1,forward_position,0.0,0.0,0.006976055359739115
depth,1,guide_hand_vx,7.272931346605064e-05,0.0001507822910043609,0.006976055359739115
depth,1,hip_lateral_range,8.943292385053665e-05,9.686448274978444e-05,0.006976055359739115
depth,1,hip_vertical_velocity_max,0.0,0.0,0.006976055359739115
depth,1,jerk_at_release,0.0,0.0,0.006976055359739115
depth,1,knee_bend_depth,-1.7434490510937622e-05,3.4868981021875245e-05,0.006976055359739115
depth,1,knee_extension_rate_max,-4.246133157677076e-05,5.427242839717847e-05,0.006976055359739115
depth,1,lateral_offset,0.0,0.0,0.006976055359739115
depth,1,left_wrist_z_energy,-1.0702865870719561e-05,2.140573174143912e-05,0.006976055359739115
depth,1,left_wrist_z_max,-2.944803038475736e-05,6.375360967502033e-05,0.006976055359739115
depth,1,left_wrist_z_mean,-1.8351510963687233e-07,3.670302192737446e-07,0.006976055359739115
depth,1,left_wrist_z_min,9.133645281716252e-05,0.00012068054143678678,0.006976055359739115
depth,1,left_wrist_z_q25,0.0,0.0,0.006976055359739115
depth,1,left_wrist_z_q75,4.446251754682123e-05,0.00028795779607400135,0.006976055359739115
depth,1,left_wrist_z_range,4.436047134231567e-05,9.051351532482163e-05,0.006976055359739115
depth,1,left_wrist_z_std,-1.1386665337627216e-05,3.97650684312568e-05,0.006976055359739115
depth,1,mid_hip_z_energy,0.0,0.0,0.006976055359739115
depth,1,mid_hip_z_max,0.0,0.0,0.006976055359739115
depth,1,mid_hip_z_mean,0.0,0.0,0.006976055359739115
depth,1,mid_hip_z_min,0.0,0.0,0.006976055359739115
depth,1,mid_hip_z_q25,5.761911736566615e-06,7.3129885692174135e-06,0.006976055359739115
depth,1,mid_hip_z_q75,0.0,0.0,0.006976055359739115
depth,1,mid_hip_z_range,0.0,0.0,0.006976055359739115
depth,1,mid_hip_z_std,0.0,0.0,0.006976055359739115
depth,1,neck_z_energy,0.0,0.0,0.006976055359739115
depth,1,neck_z_max,0.0,0.0,0.006976055359739115
depth,1,neck_z_mean,0.0,0.0,0.006976055359739115
depth,1,neck_z_min,0.0,0.0,0.006976055359739115
depth,1,neck_z_q25,0.0,0.0,0.006976055359739115
depth,1,neck_z_q75,0.0,0.0,0.006976055359739115
depth,1,neck_z_range,-1.0792842039512631e-05,2.158568407902526e-05,0.006976055359739115
depth,1,neck_z_std,0.0,0.0,0.006976055359739115
depth,1,participant_1,0.0,0.0,0.006976055359739115
depth,1,participant_2,0.0,0.0,0.006976055359739115
depth,1,participant_3,0.0,0.0,0.006976055359739115
depth,1,participant_4,0.0,0.0,0.006976055359739115
depth,1,participant_5,0.0,0.0,0.006976055359739115
depth,1,participant_id,0.0,0.0,0.006976055359739115
depth,1,peak_velocity_magnitude,-1.3443277319230042e-05,3.195218931109461e-05,0.006976055359739115
depth,1,release_frame,-6.616958817279365e-06,0.00010472214401845557,0.006976055359739115
depth,1,release_height_relative,0.0,0.0,0.006976055359739115
depth,1,release_time,-8.8714067180857e-07,2.4182801105838753e-05,0.006976055359739115
depth,1,right_elbow_vel_load_mean,1.6445497333635994e-05,2.3206926713768103e-05,0.006976055359739115
depth,1,right_elbow_vel_max,0.0,0.0,0.006976055359739115
depth,1,right_elbow_vel_max_time,-2.5577301154727614e-06,1.0857359199861127e-05,0.006976055359739115
depth,1,right_elbow_vel_mean,0.0,0.0,0.006976055359739115
depth,1,right_elbow_vel_min,-3.378315719160252e-06,6.7566314383205034e-06,0.006976055359739115
depth,1,right_elbow_vel_prep_mean,6.441091555518577e-05,9.523971172854548e-05,0.006976055359739115
depth,1,right_elbow_vel_prop_mean,2.2573618211045963e-05,3.855548710830147e-05,0.006976055359739115
depth,1,right_elbow_vel_range,0.0,0.0,0.006976055359739115
depth,1,right_elbow_vel_release_mean,0.0,0.0,0.006976055359739115
depth,1,right_elbow_vel_std,0.0,0.0,0.006976055359739115
depth,1,right_elbow_z_energy,-1.8718137505518405e-05,3.743627501103681e-05,0.006976055359739115
depth,1,right_elbow_z_max,-5.9089763141085065e-06,1.1817952628217013e-05,0.006976055359739115
depth,1,right_elbow_z_mean,-4.516546001114702e-06,9.033092002229404e-06,0.006976055359739115
depth,1,right_elbow_z_min,0.0,0.0,0.006976055359739115
depth,1,right_elbow_z_q25,0.0,0.0,0.006976055359739115
depth,1,right_elbow_z_q75,-1.3251302179536086e-05,2.7834908258869778e-05,0.006976055359739115
depth,1,right_elbow_z_range,0.0,0.0,0.006976055359739115
depth,1,right_elbow_z_std,-1.3056063719885566e-07,2.611212743977113e-07,0.006976055359739115
depth,1,right_hip_z_energy,0.0,0.0,0.006976055359739115
depth,1,right_hip_z_max,-6.790202734214118e-06,1.3580405468428236e-05,0.006976055359739115
depth,1,right_hip_z_mean,0.0,0.0,0.006976055359739115
depth,1,right_hip_z_min,0.0,0.0,0.006976055359739115
depth,1,right_hip_z_q25,0.0,0.0,0.006976055359739115
depth,1,right_hip_z_q75,-1.7567484360404373e-06,6.179386255390201e-06,0.006976055359739115
depth,1,right_hip_z_range,0.0,0.0,0.006976055359739115
depth,1,right_hip_z_std,0.0,0.0,0.006976055359739115
depth,1,right_knee_vel_load_mean,0.0,0.0,0.006976055359739115
depth,1,right_knee_vel_max,0.0,0.0,0.006976055359739115
depth,1,right_knee_vel_max_time,0.0019545775893130704,0.0011354088282221253,0.006976055359739115
depth,1,right_knee_vel_mean,-9.350802556001314e-05,0.0001884360846849995,0.006976055359739115
depth,1,right_knee_vel_min,-9.010718372232176e-05,0.00018021436744464353,0.006976055359739115
depth,1,right_knee_vel_prep_mean,0.0,0.0,0.006976055359739115
depth,1,right_knee_vel_prop_mean,0.0,0.0,0.006976055359739115
depth,1,right_knee_vel_range,0.0,0.0,0.006976055359739115
depth,1,right_knee_vel_release_mean,3.7515951930147205e-05,0.00013217650858917069,0.006976055359739115
depth,1,right_knee_vel_std,0.0,0.0,0.006976055359739115
depth,1,right_knee_z_energy,0.0,0.0,0.006976055359739115
depth,1,right_knee_z_max,2.7521542494838083e-07,5.504308498967617e-07,0.006976055359739115
depth,1,right_knee_z_mean,0.0,0.0,0.006976055359739115
depth,1,right_knee_z_min,-1.0314672068048477e-05,2.0629344136096954e-05,0.006976055359739115
depth,1,right_knee_z_q25,-1.0968755889042882e-05,1.571958138909443e-05,0.006976055359739115
depth,1,right_knee_z_q75,0.0,0.0,0.006976055359739115
depth,1,right_knee_z_range,0.0,0.0,0.006976055359739115
depth,1,right_knee_z_std,0.0,0.0,0.006976055359739115
depth,1,right_shoulder_z_energy,0.0,0.0,0.006976055359739115
depth,1,right_shoulder_z_max,-4.84555244371516e-06,8.703265956019663e-06,0.006976055359739115
depth,1,right_shoulder_z_mean,0.0,0.0,0.006976055359739115
depth,1,right_shoulder_z_min,0.0,0.0,0.006976055359739115
depth,1,right_shoulder_z_q25,0.0,0.0,0.006976055359739115
depth,1,right_shoulder_z_q75,3.937434918066414e-07,7.874869836132828e-07,0.006976055359739115
depth,1,right_shoulder_z_range,0.0,0.0,0.006976055359739115
depth,1,right_shoulder_z_std,0.0,0.0,0.006976055359739115
depth,1,right_wrist_vel_load_mean,0.000830325185187945,0.0006122821511879056,0.006976055359739115
depth,1,right_wrist_vel_max,5.395085261309061e-07,1.0790170522618121e-06,0.006976055359739115
depth,1,right_wrist_vel_max_time,1.6725759534070031e-06,1.9902861989685444e-05,0.006976055359739115
depth,1,right_wrist_vel_mean,0.0,0.0,0.006976055359739115
depth,1,right_wrist_vel_min,0.0,0.0,0.006976055359739115
depth,1,right_wrist_vel_prep_mean,0.0003797260075526175,0.00033091657736362284,0.006976055359739115
depth,1,right_wrist_vel_prop_mean,2.196682660932786e-06,4.393365321865572e-06,0.006976055359739115
depth,1,right_wrist_vel_range,-6.398954478713711e-07,1.2797908957427421e-06,0.006976055359739115
depth,1,right_wrist_vel_release_mean,0.0,0.0,0.006976055359739115
depth,1,right_wrist_vel_std,0.0,0.0,0.006976055359739115
depth,1,right_wrist_z_energy,0.0,0.0,0.006976055359739115
depth,1,right_wrist_z_max,0.0006170069583147721,0.00029556085130512014,0.006976055359739115
depth,1,right_wrist_z_mean,0.0,0.0,0.006976055359739115
depth,1,right_wrist_z_min,0.0,0.0,0.006976055359739115
depth,1,right_wrist_z_q25,0.0,0.0,0.006976055359739115
depth,1,right_wrist_z_q75,8.462363282030497e-07,7.778588567617072e-06,0.006976055359739115
depth,1,right_wrist_z_range,0.0,0.0,0.006976055359739115
depth,1,right_wrist_z_std,8.477177158814029e-06,1.0849672321629334e-05,0.006976055359739115
depth,1,set_point_height,8.497215531513027e-06,1.6994431063026054e-05,0.006976055359739115
depth,1,set_position_stability,0.0011323130039158872,0.0008993875996269652,0.006976055359739115
depth,1,shoulder_elevation_rate,-7.805477184216237e-07,1.2013636784799824e-05,0.006976055359739115
depth,1,shoulder_rotation,0.0,0.0,0.006976055359739115
depth,1,time_to_peak_velocity,4.907712366813716e-06,7.748397795063514e-06,0.006976055359739115
depth,1,velocity_magnitude_release,-1.277753698329884e-05,2.574632331199954e-05,0.006976055359739115
depth,1,wrist_snap_angle,0.0,0.0,0.006976055359739115
depth,1,wrist_vx_release,-6.698528946363336e-06,5.655526289456482e-05,0.006976055359739115
depth,1,wrist_vy_release,-1.2149995821961538e-05,2.4299991643923076e-05,0.006976055359739115
depth,1,wrist_vz_release,-2.7670148282905985e-05,4.417700070166404e-05,0.006976055359739115
depth,1,wrist_x_release,0.0,0.0,0.006976055359739115
depth,1,wrist_y_release,-5.2985696256962575e-06,8.279893697516502e-06,0.006976055359739115
depth,1,wrist_z_release,0.0,0.0,0.006976055359739115
left_right,1,acceleration_at_release,-3.4953860547350578e-06,6.990772109470116e-06,0.0157593525632394
left_right,1,arm_extension_angle,-0.00014783045024728883,0.00017434520312752325,0.0157593525632394
left_right,1,arm_plane_angle,-4.124971432581161e-06,1.779675377782151e-05,0.0157593525632394
left_right,1,azimuth_angle,-6.26422879980125e-06,1.1183321622934978e-05,0.0157593525632394
left_right,1,elbow_alignment,-5.02633504834496e-06,1.005267009668992e-05,0.0157593525632394
left_right,1,elbow_height_relative,-2.286962237879724e-06,7.5575217287187635e-06,0.0157593525632394
left_right,1,elevation_angle,0.0,0.0,0.0157593525632394
left_right,1,forward_position,-6.817112606846698e-06,1.3634225213693396e-05,0.0157593525632394
left_right,1,guide_hand_vx,-8.875559187544002e-05,0.0008044777290944935,0.0157593525632394
left_right,1,hip_lateral_range,0.0,0.0,0.0157593525632394
left_right,1,hip_vertical_velocity_max,0.0,0.0,0.0157593525632394
left_right,1,jerk_at_release,0.0,0.0,0.0157593525632394
left_right,1,knee_bend_depth,0.0,0.0,0.0157593525632394
left_right,1,knee_extension_rate_max,-3.1757897509724365e-05,0.00027290996662419854,0.0157593525632394
left_right,1,lateral_offset,0.0,0.0,0.0157593525632394
left_right,1,left_wrist_z_energy,-1.92359428604789e-06,9.669562671404509e-06,0.0157593525632394
left_right,1,left_wrist_z_max,-2.5856206316984006e-05,0.0005183589057274621,0.0157593525632394
left_right,1,left_wrist_z_mean,-4.889281119494516e-06,1.5992847058771017e-05,0.0157593525632394
left_right,1,left_wrist_z_min,-9.733970867244677e-05,0.00020836184764420762,0.0157593525632394
left_right,1,left_wrist_z_q25,-3.1880812747735186e-06,6.376162549547037e-06,0.0157593525632394
left_right,1,left_wrist_z_q75,8.111791139495255e-05,0.00014784281118291077,0.0157593525632394
left_right,1,left_wrist_z_range,0.0005781105677161988,0.001071006774964612,0.0157593525632394
left_right,1,left_wrist_z_std,-1.436742826551307e-05,1.9776716954522147e-05,0.0157593525632394
left_right,1,mid_hip_z_energy,0.0015808732721881058,0.0016297443419835812,0.0157593525632394
left_right,1,mid_hip_z_max,-1.211864782253482e-06,2.423729564506964e-06,0.0157593525632394
left_right,1,mid_hip_z_mean,-7.177814114039477e-07,5.488050616690191e-05,0.0157593525632394
left_right,1,mid_hip_z_min,1.4446488123125387e-05,2.8892976246250774e-05,0.0157593525632394
left_right,1,mid_hip_z_q25,0.0,0.0,0.0157593525632394
left_right,1,mid_hip_z_q75,-5.90328354834665e-06,1.1806567096693301e-05,0.0157593525632394
left_right,1,mid_hip_z_range,0.0,0.0,0.0157593525632394
left_right,1,mid_hip_z_std,0.0,0.0,0.0157593525632394
left_right,1,neck_z_energy,3.68579579132731e-06,7.371591582654621e-06,0.0157593525632394
left_right,1,neck_z_max,0.0,0.0,0.0157593525632394
left_right,1,neck_z_mean,0.0,0.0,0.0157593525632394
left_right,1,neck_z_min,-1.971004500041553e-05,3.9420090000831066e-05,0.0157593525632394
left_right,1,neck_z_q25,0.000157001920466678,0.0004300074594958827,0.0157593525632394
left_right,1,neck_z_q75,0.0,0.0,0.0157593525632394
left_right,1,neck_z_range,-6.841377211276612e-05,9.85788307532311e-05,0.0157593525632394
left_right,1,neck_z_std,-1.013881440026336e-05,1.3221416740324056e-05,0.0157593525632394
left_right,1,participant_1,0.0,0.0,0.0157593525632394
left_right,1,participant_2,0.0,0.0,0.0157593525632394
left_right,1,participant_3,0.0,0.0,0.0157593525632394
left_right,1,participant_4,0.0,0.0,0.0157593525632394
left_right,1,participant_5,0.0,0.0,0.0157593525632394
left_right,1,participant_id,0.0,0.0,0.0157593525632394
left_right,1,peak_velocity_magnitude,-0.00029211133120581273,0.0005842226624116255,0.0157593525632394
left_right,1,release_frame,-6.3971427187674765e-06,7.872579287043668e-06,0.0157593525632394
left_right,1,release_height_relative,0.0,0.0,0.0157593525632394
left_right,1,release_time,0.0,0.0,0.0157593525632394
left_right,1,right_elbow_vel_load_mean,0.0,0.0,0.0157593525632394
left_right,1,right_elbow_vel_max,-1.85270472969401e-05,6.397912424827218e-05,0.0157593525632394
left_right,1,right_elbow_vel_max_time,-2.1991942315742938e-07,4.398388463148587e-07,0.0157593525632394
left_right,1,right_elbow_vel_mean,5.052188307870057e-08,1.0104376615740114e-07,0.0157593525632394
left_right,1,right_elbow_vel_min,0.0,0.0,0.0157593525632394
left_right,1,right_elbow_vel_prep_mean,0.0,0.0,0.0157593525632394
left_right,1,right_elbow_vel_prop_mean,0.0,0.0,0.0157593525632394
left_right,1,right_elbow_vel_range,-0.00010451647388486408,0.00020903294776972815,0.0157593525632394
left_right,1,right_elbow_vel_release_mean,-8.7016246232838e-05,0.000174032492465676,0.0157593525632394
left_right,1,right_elbow_vel_std,2.8502278268650872e-06,5.7004556537301744e-06,0.0157593525632394
left_right,1,right_elbow_z_energy,3.494526709374377e-05,4.559130640292536e-05,0.0157593525632394
left_right,1,right_elbow_z_max,1.7185098736975656e-05,3.8204191777793186e-05,0.0157593525632394
left_right,1,right_elbow_z_mean,-8.88824591734986e-08,1.777649183469972e-07,0.0157593525632394
left_right,1,right_elbow_z_min,-1.6779656168831408e-06,3.3559312337662815e-06,0.0157593525632394
left_right,1,right_elbow_z_q25,0.0,0.0,0.0157593525632394
left_right,1,right_elbow_z_q75,7.5923716517165925e-06,2.953397897238208e-05,0.0157593525632394
left_right,1,right_elbow_z_range,-1.3019340802223936e-05,2.9274945136239435e-05,0.0157593525632394
left_right,1,right_elbow_z_std,9.072670084206886e-07,1.7102282276610533e-06,0.0157593525632394
left_right,1,right_hip_z_energy,3.250778501281993e-05,6.312053127325418e-05,0.0157593525632394
left_right,1,right_hip_z_max,0.0,0.0,0.0157593525632394
left_right,1,right_hip_z_mean,-4.605075203270812e-06,9.210150406541624e-06,0.0157593525632394
left_right,1,right_hip_z_min,3.245920106230288e-05,4.474368350211538e-05,0.0157593525632394
left_right,1,right_hip_z_q25,-5.1849876427262806e-05,0.0001730141895299914,0.0157593525632394
left_right,1,right_hip_z_q75,-1.5188173415163486e-07,3.037634683032697e-07,0.0157593525632394
left_right,1,right_hip_z_range,0.0,0.0,0.0157593525632394
left_right,1,right_hip_z_std,0.0,0.0,0.0157593525632394
left_right,1,right_knee_vel_load_mean,-2.653226778341807e-05,5.306453556683614e-05,0.0157593525632394
left_right,1,right_knee_vel_max,-5.148550355386199e-05,0.00010297100710772398,0.0157593525632394
left_right,1,right_knee_vel_max_time,0.0,0.0,0.0157593525632394
left_right,1,right_knee_vel_mean,-1.898613154983769e-05,3.797226309967538e-05,0.0157593525632394
left_right,1,right_knee_vel_min,-8.313654740703625e-06,0.00013497119200835548,0.0157593525632394
left_right,1,right_knee_vel_prep_mean,-6.427292091512593e-05,0.00012981857657031398,0.0157593525632394
left_right,1,right_knee_vel_prop_mean,-4.8604440965137795e-05,8.310714027748608e-05,0.0157593525632394
left_right,1,right_knee_vel_range,-1.755549015419212e-05,2.3143472481835864e-05,0.0157593525632394
left_right,1,right_knee_vel_release_mean,-6.279134638527417e-06,1.2558269277054833e-05,0.0157593525632394
left_right,1,right_knee_vel_std,-4.30435785798159e-05,6.735900852307926e-05,0.0157593525632394
left_right,1,right_knee_z_energy,-1.0809066411558477e-05,2.1618132823116955e-05,0.0157593525632394
left_right,1,right_knee_z_max,-2.337995292708307e-05,4.544338614530844e-05,0.0157593525632394
left_right,1,right_knee_z_mean,-2.2634713678602872e-05,5.495200634085648e-05,0.0157593525632394
left_right,1,right_knee_z_min,0.0,0.0,0.0157593525632394
left_right,1,right_knee_z_q25,-0.00018200872081628808,0.0002434857468198981,0.0157593525632394
left_right,1,right_knee_z_q75,8.01178044006895e-07,1.60235608801379e-06,0.0157593525632394
left_right,1,right_knee_z_range,0.0,0.0,0.0157593525632394
left_right,1,right_knee_z_std,1.5379988537167026e-06,3.0759977074334053e-06,0.0157593525632394
left_right,1,right_shoulder_z_energy,0.0,0.0,0.0157593525632394
left_right,1,right_shoulder_z_max,0.00039910537153110235,0.00033764949313536585,0.0157593525632394
left_right,1,right_shoulder_z_mean,0.0,0.0,0.0157593525632394
left_right,1,right_shoulder_z_min,3.0460189481174477e-06,6.0920378962348955e-06,0.0157593525632394
left_right,1,right_shoulder_z_q25,-5.104916907842257e-05,0.00010571112307325946,0.0157593525632394
left_right,1,right_shoulder_z_q75,-4.538414698640354e-06,9.076829397280707e-06,0.0157593525632394
left_right,1,right_shoulder_z_range,1.0615487844962275e-05,4.344220352403742e-05,0.0157593525632394
left_right,1,right_shoulder_z_std,-5.243953134934087e-07,3.962903635204824e-05,0.0157593525632394
left_right,1,right_wrist_vel_load_mean,6.094528875654389e-07,1.2189057751308778e-06,0.0157593525632394
left_right,1,right_wrist_vel_max,0.0,0.0,0.0157593525632394
left_right,1,right_wrist_vel_max_time,0.0,0.0,0.0157593525632394
left_right,1,right_wrist_vel_mean,-2.416866044100627e-05,4.380862179488275e-05,0.0157593525632394
left_right,1,right_wrist_vel_min,6.194714581630029e-05,6.701473262962661e-05,0.0157593525632394
left_right,1,right_wrist_vel_prep_mean,-7.276277259200478e-06,1.4552554518400958e-05,0.0157593525632394
left_right,1,right_wrist_vel_prop_mean,0.0,0.0,0.0157593525632394
left_right,1,right_wrist_vel_range,0.0,0.0,0.0157593525632394
left_right,1,right_wrist_vel_release_mean,2.4216571974199767e-05,9.497206107182822e-05,0.0157593525632394
left_right,1,right_wrist_vel_std,0.0008517412629262531,0.0010824958181187725,0.0157593525632394
left_right,1,right_wrist_z_energy,0.0,0.0,0.0157593525632394
left_right,1,right_wrist_z_max,0.0001287614315694635,0.00013819163661560473,0.0157593525632394
left_right,1,right_wrist_z_mean,0.0,0.0,0.0157593525632394
left_right,1,right_wrist_z_min,-0.000173047940298784,0.0003354234325546378,0.0157593525632394
left_right,1,right_wrist_z_q25,0.0,0.0,0.0157593525632394
left_right,1,right_wrist_z_q75,-3.9863860651509025e-05,7.972772130301804e-05,0.0157593525632394
left_right,1,right_wrist_z_range,-6.312439226730504e-05,0.00012624878453461008,0.0157593525632394
left_right,1,right_wrist_z_std,-1.8265732574485166e-05,3.653146514897033e-05,0.0157593525632394
left_right,1,set_point_height,9.226636670342861e-05,0.00015433490554555215,0.0157593525632394
left_right,1,set_position_stability,-0.0001099907845286212,0.00026726924690595303,0.0157593525632394
left_right,1,shoulder_elevation_rate,-0.00020325832562217912,0.0004330528253887275,0.0157593525632394
left_right,1,shoulder_rotation,-6.870500563595145e-05,0.00020778934813138862,0.0157593525632394
left_right,1,time_to_peak_velocity,0.0,0.0,0.0157593525632394
left_right,1,velocity_magnitude_release,-6.15326782824543e-05,0.0001230653565649086,0.0157593525632394
left_right,1,wrist_snap_angle,-8.403996620856164e-05,0.00019004609473966585,0.0157593525632394
left_right,1,wrist_vx_release,-3.7939979692634455e-05,7.723671045954785e-05,0.0157593525632394
left_right,1,wrist_vy_release,-6.108243943047283e-05,0.00018189446871006112,0.0157593525632394
left_right,1,wrist_vz_release,4.778235541884335e-06,9.55647108376867e-06,0.0157593525632394
left_right,1,wrist_x_release,7.892963169434895e-05,0.0001578592633886979,0.0157593525632394
left_right,1,wrist_y_release,0.00035108221758140554,0.0006920337502654553,0.0157593525632394
left_right,1,wrist_z_release,2.1973771393353493e-06,4.394754278670699e-06,0.0157593525632394
angle,2,acceleration_at_release,0.0,0.0,0.004862185364983966
angle,2,arm_extension_angle,0.0,0.0,0.004862185364983966
angle,2,arm_plane_angle,0.0,0.0,0.004862185364983966
angle,2,azimuth_angle,0.0,0.0,0.004862185364983966
angle,2,elbow_alignment,0.0,0.0,0.004862185364983966
angle,2,elbow_height_relative,0.0,0.0,0.004862185364983966
angle,2,elevation_angle,7.617221584575537e-05,8.37850838487304e-05,0.004862185364983966
angle,2,forward_position,0.0,0.0,0.004862185364983966
angle,2,guide_hand_vx,3.7889360507946164e-05,4.5888239500070775e-05,0.004862185364983966
angle,2,hip_lateral_range,-1.9840265942086254e-05,2.8886068430664402e-05,0.004862185364983966
angle,2,hip_vertical_velocity_max,-5.618362177693536e-06,9.200153047136335e-06,0.004862185364983966
angle,2,jerk_at_release,0.0,0.0,0.004862185364983966
angle,2,knee_bend_depth,0.0,0.0,0.004862185364983966
angle,2,knee_extension_rate_max,0.0,0.0,0.004862185364983966
angle,2,lateral_offset,-2.7285294681873792e-05,5.457058936374758e-05,0.004862185364983966
angle,2,left_wrist_z_energy,0.0,0.0,0.004862185364983966
angle,2,left_wrist_z_max,-3.069764104559842e-05,6.139528209119684e-05,0.004862185364983966
angle,2,left_wrist_z_mean,-2.2564521098617645e-05,4.512904219723529e-05,0.004862185364983966
angle,2,left_wrist_z_min,0.0,0.0,0.004862185364983966
angle,2,left_wrist_z_q25,1.059523883001387e-05,0.00018453504415823726,0.004862185364983966
angle,2,left_wrist_z_q75,-5.628060265995694e-06,9.570732900067885e-06,0.004862185364983966
angle,2,left_wrist_z_range,0.0,0.0,0.004862185364983966
angle,2,left_wrist_z_std,9.150728475441292e-05,9.809841827161967e-05,0.004862185364983966
angle,2,mid_hip_z_energy,0.0,0.0,0.004862185364983966
angle,2,mid_hip_z_max,0.0,0.0,0.004862185364983966
angle,2,mid_hip_z_mean,0.0,0.0,0.004862185364983966
angle,2,mid_hip_z_min,0.0,0.0,0.004862185364983966
angle,2,mid_hip_z_q25,-4.062962639667968e-06,8.125925279335936e-06,0.004862185364983966
angle,2,mid_hip_z_q75,0.0,0.0,0.004862185364983966
angle,2,mid_hip_z_range,0.0,0.0,0.004862185364983966
angle,2,mid_hip_z_std,0.0,0.0,0.004862185364983966
angle,2,neck_z_energy,0.0,0.0,0.004862185364983966
angle,2,neck_z_max,-1.103480041634725e-06,2.20696008326945e-06,0.004862185364983966
angle,2,neck_z_mean,0.0,0.0,0.004862185364983966
angle,2,neck_z_min,-1.3835174737559466e-05,4.624438516134509e-05,0.004862185364983966
angle,2,neck_z_q25,0.0,0.0,0.004862185364983966
angle,2,neck_z_q75,1.0999453260320438e-06,2.1366484203388314e-05,0.004862185364983966
angle,2,neck_z_range,0.0,0.0,0.004862185364983966
angle,2,neck_z_std,3.97555852274459e-06,7.95111704548918e-06,0.004862185364983966
angle,2,participant_1,0.0,0.0,0.004862185364983966
angle,2,participant_2,0.0,0.0,0.004862185364983966
angle,2,participant_3,0.0,0.0,0.004862185364983966
angle,2,participant_4,0.0,0.0,0.004862185364983966
angle,2,participant_5,0.0,0.0,0.004862185364983966
angle,2,participant_id,0.0,0.0,0.004862185364983966
angle,2,peak_velocity_magnitude,0.0,0.0,0.004862185364983966
angle,2,release_frame,-1.7901884317746488e-06,3.5803768635492976e-06,0.004862185364983966
angle,2,release_height_relative,0.0,0.0,0.004862185364983966
angle,2,release_time,-9.290094597789433e-07,1.8580189195578866e-06,0.004862185364983966
angle,2,right_elbow_vel_load_mean,-2.8094537910724566e-06,5.618907582144912e-06,0.004862185364983966
angle,2,right_elbow_vel_max,0.0,0.0,0.004862185364983966
angle,2,right_elbow_vel_max_time,-5.278166885177028e-06,1.3692109135801508e-05,0.004862185364983966
angle,2,right_elbow_vel_mean,4.0906620759737e-06,8.181324151947402e-06,0.004862185364983966
angle,2,right_elbow_vel_min,0.0,0.0,0.004862185364983966
angle,2,right_elbow_vel_prep_mean,-7.095775278313845e-07,1.419155055662769e-06,0.004862185364983966
angle,2,right_elbow_vel_prop_mean,0.0,0.0,0.004862185364983966
angle,2,right_elbow_vel_range,0.0,0.0,0.004862185364983966
angle,2,right_elbow_vel_release_mean,0.0,0.0,0.004862185364983966
angle,2,right_elbow_vel_std,0.0,0.0,0.004862185364983966
angle,2,right_elbow_z_energy,0.0,0.0,0.004862185364983966
angle,2,right_elbow_z_max,0.0,0.0,0.004862185364983966
angle,2,right_elbow_z_mean,0.0,0.0,0.004862185364983966
angle,2,right_elbow_z_min,0.0,0.0,0.004862185364983966
angle,2,right_elbow_z_q25,0.0,0.0,0.004862185364983966
angle,2,right_elbow_z_q75,0.0,0.0,0.004862185364983966
angle,2,right_elbow_z_range,0.0,0.0,0.004862185364983966
angle,2,right_elbow_z_std,0.0,0.0,0.004862185364983966
angle,2,right_hip_z_energy,0.0,0.0,0.004862185364983966
angle,2,right_hip_z_max,7.793429174976871e-06,1.4710834029466151e-05,0.004862185364983966
angle,2,right_hip_z_mean,0.0,0.0,0.004862185364983966
angle,2,right_hip_z_min,0.0,0.0,0.004862185364983966
angle,2,right_hip_z_q25,1.4107844724436127e-07,2.8215689448872254e-07,0.004862185364983966
angle,2,right_hip_z_q75,0.0,0.0,0.004862185364983966
angle,2,right_hip_z_range,0.0,0.0,0.004862185364983966
angle,2,right_hip_z_std,0.0,0.0,0.004862185364983966
angle,2,right_knee_vel_load_mean,4.6706901596531177e-07,9.341380319306235e-07,0.004862185364983966
angle,2,right_knee_vel_max,0.0,0.0,0.004862185364983966
angle,2,right_knee_vel_max_time,0.0,0.0,0.004862185364983966
angle,2,right_knee_vel_mean,-8.883212595012408e-06,1.7766425190024816e-05,0.004862185364983966
angle,2,right_knee_vel_min,0.0,0.0,0.004862185364983966
angle,2,right_knee_vel_prep_mean,9.482868281968966e-05,0.00011130956906654843,0.004862185364983966
angle,2,right_knee_vel_prop_mean,0.0,0.0,0.004862185364983966
angle,2,right_knee_vel_range,0.0,0.0,0.004862185364983966
angle,2,right_knee_vel_release_mean,0.0,0.0,0.004862185364983966
angle,2,right_knee_vel_std,0.0,0.0,0.004862185364983966
angle,2,right_knee_z_energy,0.0,0.0,0.004862185364983966
angle,2,right_knee_z_max,-3.345119244307843e-05,6.745872955721717e-05,0.004862185364983966
angle,2,right_knee_z_mean,0.0,0.0,0.004862185364983966
angle,2,right_knee_z_min,0.0,0.0,0.004862185364983966
angle,2,right_knee_z_q25,0.0,0.0,0.004862185364983966
angle,2,right_knee_z_q75,0.0,0.0,0.004862185364983966
angle,2,right_knee_z_range,1.1315505281738717e-05,0.00018607254435999771,0.004862185364983966
angle,2,right_knee_z_std,0.0,0.0,0.004862185364983966
angle,2,right_shoulder_z_energy,0.0,0.0,0.004862185364983966
angle,2,right_shoulder_z_max,2.2071323871343934e-05,9.633466585527623e-05,0.004862185364983966
angle,2,right_shoulder_z_mean,0.0,0.0,0.004862185364983966
angle,2,right_shoulder_z_min,-1.0911335797192737e-06,2.1822671594385477e-06,0.004862185364983966
angle,2,right_shoulder_z_q25,0.0,0.0,0.004862185364983966
angle,2,right_shoulder_z_q75,0.0,0.0,0.004862185364983966
angle,2,right_shoulder_z_range,0.0,0.0,0.004862185364983966
angle,2,right_shoulder_z_std,0.0,0.0,0.004862185364983966
angle,2,right_wrist_vel_load_mean,0.0,0.0,0.004862185364983966
angle,2,right_wrist_vel_max,0.0,0.0,0.004862185364983966
angle,2,right_wrist_vel_max_time,0.0,0.0,0.004862185364983966
angle,2,right_wrist_vel_mean,0.0,0.0,0.004862185364983966
angle,2,right_wrist_vel_min,0.00010349544838963755,0.00011832591610273937,0.004862185364983966
angle,2,right_wrist_vel_prep_mean,0.0,0.0,0.004862185364983966
angle,2,right_wrist_vel_prop_mean,0.0,0.0,0.004862185364983966
angle,2,right_wrist_vel_range,0.0,0.0,0.004862185364983966
angle,2,right_wrist_vel_release_mean,0.0,0.0,0.004862185364983966
angle,2,right_wrist_vel_std,0.0,0.0,0.004862185364983966
angle,2,right_wrist_z_energy,0.0,0.0,0.004862185364983966
angle,2,right_wrist_z_max,2.5101938424402016e-07,1.3729559175165922e-05,0.004862185364983966
angle,2,right_wrist_z_mean,0.0,0.0,0.004862185364983966
angle,2,right_wrist_z_min,0.0,0.0,0.004862185364983966
angle,2,right_wrist_z_q25,1.8566793901374686e-05,3.713358780274937e-05,0.004862185364983966
angle,2,right_wrist_z_q75,0.0,0.0,0.004862185364983966
angle,2,right_wrist_z_range,0.0,0.0,0.004862185364983966
angle,2,right_wrist_z_std,0.0,0.0,0.004862185364983966
angle,2,set_point_height,0.0,0.0,0.004862185364983966
angle,2,set_position_stability,0.0,0.0,0.004862185364983966
angle,2,shoulder_elevation_rate,5.270580044582837e-06,1.0541160089165673e-05,0.004862185364983966
angle,2,shoulder_rotation,0.0,0.0,0.004862185364983966
angle,2,time_to_peak_velocity,0.0,0.0,0.004862185364983966
angle,2,velocity_magnitude_release,0.0,0.0,0.004862185364983966
angle,2,wrist_snap_angle,0.0,0.0,0.004862185364983966
angle,2,wrist_vx_release,0.0,0.0,0.004862185364983966
angle,2,wrist_vy_release,0.0,0.0,0.004862185364983966
angle,2,wrist_vz_release,0.0,0.0,0.004862185364983966
angle,2,wrist_x_release,0.0,0.0,0.004862185364983966
angle,2,wrist_y_release,-2.1681622097210798e-07,4.3363244194421596e-07,0.004862185364983966
angle,2,wrist_z_release,0.0,0.0,0.004862185364983966
depth,2,acceleration_at_release,0.0,0.0,0.007815412792040472
depth,2,arm_extension_angle,-3.258859079357581e-05,6.517718158715162e-05,0.007815412792040472
depth,2,arm_plane_angle,0.0,0.0,0.007815412792040472
depth,2,azimuth_angle,0.0,0.0,0.007815412792040472
depth,2,elbow_alignment,0.0,0.0,0.007815412792040472
depth,2,elbow_height_relative,0.0,0.0,0.007815412792040472
depth,2,elevation_angle,-1.6303861643395556e-05,3.260772328679111e-05,0.007815412792040472
depth,2,forward_position,-2.9365519636281866e-06,5.873103927256373e-06,0.007815412792040472
depth,2,guide_hand_vx,0.0,0.0,0.007815412792040472
depth,2,hip_lateral_range,2.441908310337031e-06,4.883816620674062e-06,0.007815412792040472
depth,2,hip_vertical_velocity_max,0.0,0.0,0.007815412792040472
depth,2,jerk_at_release,0.0004251482224479238,0.0005324075583477562,0.007815412792040472
depth,2,knee_bend_depth,1.5031620057732488e-05,5.8761868372405316e-05,0.007815412792040472
depth,2,knee_extension_rate_max,-4.415990258989829e-06,8.831980517979658e-06,0.007815412792040472
depth,2,lateral_offset,-6.587915831886861e-06,1.317583166377372e-05,0.007815412792040472
depth,2,left_wrist_z_energy,-3.6864476068830995e-05,6.968862347626057e-05,0.007815412792040472
depth,2,left_wrist_z_max,-4.203594287486833e-06,8.407188574973666e-06,0.007815412792040472
depth,2,left_wrist_z_mean,2.408985700843094e-06,4.817971401686188e-06,0.007815412792040472
depth,2,left_wrist_z_min,-6.275188192134708e-06,1.2550376384269414e-05,0.007815412792040472
depth,2,left_wrist_z_q25,2.154887447628877e-05,3.012129848106242e-05,0.007815412792040472
depth,2,left_wrist_z_q75,6.554029786168212e-05,6.194106432008929e-05,0.007815412792040472
depth,2,left_wrist_z_range,7.044009302052735e-06,3.8184952873037546e-05,0.007815412792040472
depth,2,left_wrist_z_std,0.00039031377359494466,0.000568339193788715,0.007815412792040472
depth,2,mid_hip_z_energy,1.40822160197146e-06,2.8164432039429204e-06,0.007815412792040472
depth,2,mid_hip_z_max,0.0,0.0,0.007815412792040472
depth,2,mid_hip_z_mean,0.0,0.0,0.007815412792040472
depth,2,mid_hip_z_min,2.4010016772373545e-05,7.24266894263993e-05,0.007815412792040472
depth,2,mid_hip_z_q25,0.0,0.0,0.007815412792040472
depth,2,mid_hip_z_q75,-3.0494258337377772e-05,6.098851667475554e-05,0.007815412792040472
depth,2,mid_hip_z_range,0.00010432614171677912,0.0002328285962803236,0.007815412792040472
depth,2,mid_hip_z_std,-2.8968143303619715e-06,5.793628660723943e-06,0.007815412792040472
depth,2,neck_z_energy,0.0,0.0,0.007815412792040472
depth,2,neck_z_max,0.0,0.0,0.007815412792040472
depth,2,neck_z_mean,0.0,0.0,0.007815412792040472
depth,2,neck_z_min,0.0,0.0,0.007815412792040472
depth,2,neck_z_q25,0.0,0.0,0.007815412792040472
depth,2,neck_z_q75,3.429390384286288e-06,6.858780768572576e-06,0.007815412792040472
depth,2,neck_z_range,-1.576888397998022e-05,3.153776795996044e-05,0.007815412792040472
depth,2,neck_z_std,0.0,0.0,0.007815412792040472
depth,2,participant_1,0.0,0.0,0.007815412792040472
depth,2,participant_2,0.0,0.0,0.007815412792040472
depth,2,participant_3,0.0,0.0,0.007815412792040472
depth,2,participant_4,0.0,0.0,0.007815412792040472
depth,2,participant_5,0.0,0.0,0.007815412792040472
depth,2,participant_id,0.0,0.0,0.007815412792040472
depth,2,peak_velocity_magnitude,-5.53774610094991e-05,0.00011208965596880665,0.007815412792040472
depth,2,release_frame,0.0,0.0,0.007815412792040472
depth,2,release_height_relative,0.0,0.0,0.007815412792040472
depth,2,release_time,0.0,0.0,0.007815412792040472
depth,2,right_elbow_vel_load_mean,0.0006914447419407434,0.000497315001642635,0.007815412792040472
depth,2,right_elbow_vel_max,-2.7398414702512613e-05,5.4796829405025226e-05,0.007815412792040472
depth,2,right_elbow_vel_max_time,0.0,0.0,0.007815412792040472
depth,2,right_elbow_vel_mean,0.0,0.0,0.007815412792040472
depth,2,right_elbow_vel_min,0.0,0.0,0.007815412792040472
depth,2,right_elbow_vel_prep_mean,-5.003996939457386e-05,6.659492498347762e-05,0.007815412792040472
depth,2,right_elbow_vel_prop_mean,3.006183294863446e-06,6.012366589726892e-06,0.007815412792040472
depth,2,right_elbow_vel_range,-1.2790315161972354e-05,2.5580630323944707e-05,0.007815412792040472
depth,2,right_elbow_vel_release_mean,0.0,0.0,0.007815412792040472
depth,2,right_elbow_vel_std,0.0,0.0,0.007815412792040472
depth,2,right_elbow_z_energy,1.9391623907568863e-05,3.8783247815137725e-05,0.007815412792040472
depth,2,right_elbow_z_max,8.010995389153355e-06,1.602199077830671e-05,0.007815412792040472
depth,2,right_elbow_z_mean,1.288539440426987e-05,2.577078880853974e-05,0.007815412792040472
depth,2,right_elbow_z_min,0.0,0.0,0.007815412792040472
depth,2,right_elbow_z_q25,-2.172071746696855e-05,4.34414349339371e-05,0.007815412792040472
depth,2,right_elbow_z_q75,0.0,0.0,0.007815412792040472
depth,2,right_elbow_z_range,0.0,0.0,0.007815412792040472
depth,2,right_elbow_z_std,3.125538362213082e-05,5.483012635831498e-05,0.007815412792040472
depth,2,right_hip_z_energy,-2.4300901427125374e-09,2.676998820689745e-05,0.007815412792040472
depth,2,right_hip_z_max,-3.813512048637252e-06,7.627024097274505e-06,0.007815412792040472
depth,2,right_hip_z_mean,4.762994386623906e-06,9.525988773247813e-06,0.007815412792040472
depth,2,right_hip_z_min,7.366953743960873e-05,0.00010069284790862893,0.007815412792040472
depth,2,right_hip_z_q25,0.0,0.0,0.007815412792040472
depth,2,right_hip_z_q75,0.0,0.0,0.007815412792040472
depth,2,right_hip_z_range,2.0949079468040213e-06,3.4431656904672886e-05,0.007815412792040472
depth,2,right_hip_z_std,-8.086653247378096e-06,2.8745379504008246e-05,0.007815412792040472
depth,2,right_knee_vel_load_mean,-1.4265335716449774e-05,7.377981068971361e-05,0.007815412792040472
depth,2,right_knee_vel_max,0.0,0.0,0.007815412792040472
depth,2,right_knee_vel_max_time,0.0,0.0,0.007815412792040472
depth,2,right_knee_vel_mean,2.829811678166372e-06,5.659623356332744e-06,0.007815412792040472
depth,2,right_knee_vel_min,0.0,0.0,0.007815412792040472
depth,2,right_knee_vel_prep_mean,-2.8181491354668216e-05,4.3277701509798736e-05,0.007815412792040472
depth,2,right_knee_vel_prop_mean,0.0,0.0,0.007815412792040472
depth,2,right_knee_vel_range,0.0,0.0,0.007815412792040472
depth,2,right_knee_vel_release_mean,0.0,0.0,0.007815412792040472
depth,2,right_knee_vel_std,-9.666732045565674e-06,1.933346409113135e-05,0.007815412792040472
depth,2,right_knee_z_energy,-1.243126930927507e-05,2.486253861855014e-05,0.007815412792040472
depth,2,right_knee_z_max,0.0,0.0,0.007815412792040472
depth,2,right_knee_z_mean,1.752863441748497e-05,3.477246024959239e-05,0.007815412792040472
depth,2,right_knee_z_min,-9.384841894608785e-06,1.876968378921757e-05,0.007815412792040472
depth,2,right_knee_z_q25,0.0,0.0,0.007815412792040472
depth,2,right_knee_z_q75,0.0,0.0,0.007815412792040472
depth,2,right_knee_z_range,0.0,0.0,0.007815412792040472
depth,2,right_knee_z_std,0.0,0.0,0.007815412792040472
depth,2,right_shoulder_z_energy,0.0,0.0,0.007815412792040472
depth,2,right_shoulder_z_max,0.0,0.0,0.007815412792040472
depth,2,right_shoulder_z_mean,-2.142676555106441e-05,4.285353110212882e-05,0.007815412792040472
depth,2,right_shoulder_z_min,0.0,0.0,0.007815412792040472
depth,2,right_shoulder_z_q25,0.0,0.0,0.007815412792040472
depth,2,right_shoulder_z_q75,0.0,0.0,0.007815412792040472
depth,2,right_shoulder_z_range,0.0,0.0,0.007815412792040472
depth,2,right_shoulder_z_std,0.0,0.0,0.007815412792040472
depth,2,right_wrist_vel_load_mean,0.00030602009328610676,0.0005397019323506794,0.007815412792040472
depth,2,right_wrist_vel_max,-5.023148753581508e-06,1.1878575753127083e-05,0.007815412792040472
depth,2,right_wrist_vel_max_time,0.0,0.0,0.007815412792040472
depth,2,right_wrist_vel_mean,0.0,0.0,0.007815412792040472
depth,2,right_wrist_vel_min,-3.424700227518494e-05,4.3418684373021154e-05,0.007815412792040472
depth,2,right_wrist_vel_prep_mean,0.00011949456320602537,0.00016803469929583327,0.007815412792040472
depth,2,right_wrist_vel_prop_mean,2.2017514573963058e-06,4.4035029147926116e-06,0.007815412792040472
depth,2,right_wrist_vel_range,-7.69955758790266e-06,1.539911517580532e-05,0.007815412792040472
depth,2,right_wrist_vel_release_mean,0.0,0.0,0.007815412792040472
depth,2,right_wrist_vel_std,0.0,0.0,0.007815412792040472
depth,2,right_wrist_z_energy,0.0,0.0,0.007815412792040472
depth,2,right_wrist_z_max,0.0,0.0,0.007815412792040472
depth,2,right_wrist_z_mean,0.0,0.0,0.007815412792040472
depth,2,right_wrist_z_min,-5.113056548414728e-06,1.0226113096829456e-05,0.007815412792040472
depth,2,right_wrist_z_q25,-2.3617790960923033e-06,0.00011526012558493987,0.007815412792040472
depth,2,right_wrist_z_q75,0.0,0.0,0.007815412792040472
depth,2,right_wrist_z_range,0.0,0.0,0.007815412792040472
depth,2,right_wrist_z_std,0.0,0.0,0.007815412792040472
depth,2,set_point_height,0.0,0.0,0.007815412792040472
depth,2,set_position_stability,0.0006658424948527989,0.0007847331305769143,0.007815412792040472
depth,2,shoulder_elevation_rate,0.0,0.0,0.007815412792040472
depth,2,shoulder_rotation,0.0,0.0,0.007815412792040472
depth,2,time_to_peak_velocity,0.0,0.0,0.007815412792040472
depth,2,velocity_magnitude_release,-9.563758290621893e-08,1.9127516581243786e-07,0.007815412792040472
depth,2,wrist_snap_angle,-5.107155592192318e-05,0.00010214311184384637,0.007815412792040472
depth,2,wrist_vx_release,1.413471337180968e-06,2.826942674361936e-06,0.007815412792040472
depth,2,wrist_vy_release,0.0,0.0,0.007815412792040472
depth,2,wrist_vz_release,-9.516017835606295e-06,1.903203567121259e-05,0.007815412792040472
depth,2,wrist_x_release,3.6576764260122748e-06,7.315352852024549e-06,0.007815412792040472
depth,2,wrist_y_release,-3.8060128765021505e-05,7.612025753004301e-05,0.007815412792040472
depth,2,wrist_z_release,0.0,0.0,0.007815412792040472
left_right,2,acceleration_at_release,0.0,0.0,0.016987904118535485
left_right,2,arm_extension_angle,-2.2759809902580158e-05,3.6148602429280215e-05,0.016987904118535485
left_right,2,arm_plane_angle,-1.7689437388029861e-06,3.5378874776059723e-06,0.016987904118535485
left_right,2,azimuth_angle,-2.1218324799042915e-06,4.243664959808582e-06,0.016987904118535485
left_right,2,elbow_alignment,-1.74938346703641e-05,3.318821580958085e-05,0.016987904118535485
left_right,2,elbow_height_relative,1.1574093214856047e-05,2.1746120926834997e-05,0.016987904118535485
left_right,2,elevation_angle,0.0,0.0,0.016987904118535485
left_right,2,forward_position,-1.7689048531215172e-05,0.00013553794524904326,0.016987904118535485
left_right,2,guide_hand_vx,-6.161744559669835e-06,1.232348911933967e-05,0.016987904118535485
left_right,2,hip_lateral_range,-7.89718573300675e-06,1.57943714660135e-05,0.016987904118535485
left_right,2,hip_vertical_velocity_max,-8.225377377275473e-05,0.00016450754754550946,0.016987904118535485
left_right,2,jerk_at_release,0.0,0.0,0.016987904118535485
left_right,2,knee_bend_depth,-4.3928384985608e-05,8.239171048101445e-05,0.016987904118535485
left_right,2,knee_extension_rate_max,-0.00023635753501900759,0.0004474094156363589,0.016987904118535485
left_right,2,lateral_offset,-7.255931085163951e-05,0.00012396666072997766,0.016987904118535485
left_right,2,left_wrist_z_energy,-0.00012801489590160892,0.0007218091650769412,0.016987904118535485
left_right,2,left_wrist_z_max,6.43987778130295e-07,1.28797555626059e-06,0.016987904118535485
left_right,2,left_wrist_z_mean,0.0003633265340468734,0.00039659550360842896,0.016987904118535485
left_right,2,left_wrist_z_min,1.5034478570062626e-05,3.0068957140125252e-05,0.016987904118535485
left_right,2,left_wrist_z_q25,-9.972523374416828e-06,4.794421073138477e-05,0.016987904118535485
left_right,2,left_wrist_z_q75,2.2397745813258644e-05,0.00014158066085287149,0.016987904118535485
left_right,2,left_wrist_z_range,3.172385890780592e-05,5.1474255262549896e-05,0.016987904118535485
left_right,2,left_wrist_z_std,4.478983647288048e-06,8.957967294576097e-06,0.016987904118535485
left_right,2,mid_hip_z_energy,0.0,0.0,0.016987904118535485
left_right,2,mid_hip_z_max,0.0,0.0,0.016987904118535485
left_right,2,mid_hip_z_mean,-2.687231809067048e-05,5.374463618134096e-05,0.016987904118535485
left_right,2,mid_hip_z_min,0.0,0.0,0.016987904118535485
left_right,2,mid_hip_z_q25,0.0,0.0,0.016987904118535485
left_right,2,mid_hip_z_q75,-7.02007012572576e-05,0.00015625877451843574,0.016987904118535485
left_right,2,mid_hip_z_range,0.0,0.0,0.016987904118535485
left_right,2,mid_hip_z_std,0.0,0.0,0.016987904118535485
left_right,2,neck_z_energy,0.0,0.0,0.016987904118535485
left_right,2,neck_z_max,0.0,0.0,0.016987904118535485
left_right,2,neck_z_mean,-7.399775727482036e-05,0.0001479955145496407,0.016987904118535485
left_right,2,neck_z_min,1.281525304552856e-05,1.818539785646656e-05,0.016987904118535485
left_right,2,neck_z_q25,6.301784278670934e-06,1.7817318860221496e-05,0.016987904118535485
left_right,2,neck_z_q75,1.497354781282376e-05,3.406808395930407e-05,0.016987904118535485
left_right,2,neck_z_range,-1.8001177565277426e-06,4.632823099027189e-06,0.016987904118535485
left_right,2,neck_z_std,0.0,0.0,0.016987904118535485
left_right,2,participant_1,0.0,0.0,0.016987904118535485
left_right,2,participant_2,0.0,0.0,0.016987904118535485
left_right,2,participant_3,0.0,0.0,0.016987904118535485
left_right,2,participant_4,0.0,0.0,0.016987904118535485
left_right,2,participant_5,0.0,0.0,0.016987904118535485
left_right,2,participant_id,0.0,0.0,0.016987904118535485
left_right,2,peak_velocity_magnitude,-9.855796596024609e-06,1.9711593192049217e-05,0.016987904118535485
left_right,2,release_frame,0.0,0.0,0.016987904118535485
left_right,2,release_height_relative,1.2444279695469675e-06,2.488855939093935e-06,0.016987904118535485
left_right,2,release_time,-4.532090852889248e-07,9.064181705778495e-07,0.016987904118535485
left_right,2,right_elbow_vel_load_mean,-7.514936727898736e-06,1.365554570987744e-05,0.016987904118535485
left_right,2,right_elbow_vel_max,4.346675848538224e-06,5.792854872657242e-06,0.016987904118535485
left_right,2,right_elbow_vel_max_time,7.352418377580435e-06,4.1480914391033834e-05,0.016987904118535485
left_right,2,right_elbow_vel_mean,0.0,0.0,0.016987904118535485
left_right,2,right_elbow_vel_min,-3.8259436091978014e-05,7.651887218395603e-05,0.016987904118535485
left_right,2,right_elbow_vel_prep_mean,-7.803523887895982e-05,0.00014125838995883774,0.016987904118535485
left_right,2,right_elbow_vel_prop_mean,0.0,0.0,0.016987904118535485
left_right,2,right_elbow_vel_range,0.0,0.0,0.016987904118535485
left_right,2,right_elbow_vel_release_mean,-0.00014235357176444044,0.00034728389854305386,0.016987904118535485
left_right,2,right_elbow_vel_std,0.0,0.0,0.016987904118535485
left_right,2,right_elbow_z_energy,5.122959828393614e-07,4.027263003292057e-06,0.016987904118535485
left_right,2,right_elbow_z_max,-6.119996412907425e-06,7.495748965949947e-06,0.016987904118535485
left_right,2,right_elbow_z_mean,0.0,0.0,0.016987904118535485
left_right,2,right_elbow_z_min,7.5816906598871746e-06,1.5163381319774349e-05,0.016987904118535485
left_right,2,right_elbow_z_q25,7.272492079024515e-05,0.00014475275373982625,0.016987904118535485
left_right,2,right_elbow_z_q75,0.0,0.0,0.016987904118535485
left_right,2,right_elbow_z_range,1.558986423247366e-06,3.1179728464947316e-06,0.016987904118535485
left_right,2,right_elbow_z_std,-3.5918006242622683e-06,7.183601248524537e-06,0.016987904118535485
left_right,2,right_hip_z_energy,1.0604118150583005e-05,3.7226000756173524e-05,0.016987904118535485
left_right,2,right_hip_z_max,0.0,0.0,0.016987904118535485
left_right,2,right_hip_z_mean,2.7982673657033288e-05,4.496695816377409e-05,0.016987904118535485
left_right,2,right_hip_z_min,-9.603280558276075e-07,1.920656111655215e-06,0.016987904118535485
left_right,2,right_hip_z_q25,0.0,0.0,0.016987904118535485
left_right,2,right_hip_z_q75,0.00017407732875261592,0.0003114355086327097,0.016987904118535485
left_right,2,right_hip_z_range,1.1921020071614893e-06,2.384204014322979e-06,0.016987904118535485
left_right,2,right_hip_z_std,3.3931434339276016e-05,7.696683037332244e-05,0.016987904118535485
left_right,2,right_knee_vel_load_mean,8.714850723483502e-06,1.7429701446967007e-05,0.016987904118535485
left_right,2,right_knee_vel_max,-2.1961518486157337e-05,4.4252350238417155e-05,0.016987904118535485
left_right,2,right_knee_vel_max_time,0.0,0.0,0.016987904118535485
left_right,2,right_knee_vel_mean,-0.00013988266588015597,0.00033997438530265295,0.016987904118535485
left_right,2,right_knee_vel_min,0.0001233116493650741,0.00022821010660341255,0.016987904118535485
left_right,2,right_knee_vel_prep_mean,3.258588459914234e-05,6.568574833471797e-05,0.016987904118535485
left_right,2,right_knee_vel_prop_mean,0.00034027160482260493,0.00039765780743340913,0.016987904118535485
left_right,2,right_knee_vel_range,0.0,0.0,0.016987904118535485
left_right,2,right_knee_vel_release_mean,1.0918034924509852e-06,2.1836069849019703e-06,0.016987904118535485
left_right,2,right_knee_vel_std,1.6537320427591322e-05,3.3074640855182644e-05,0.016987904118535485
left_right,2,right_knee_z_energy,0.0,0.0,0.016987904118535485
left_right,2,right_knee_z_max,-4.155973480250083e-05,8.472475872699693e-05,0.016987904118535485
left_right,2,right_knee_z_mean,0.0,0.0,0.016987904118535485
left_right,2,right_knee_z_min,-0.0003433477656699923,0.000728850161770254,0.016987904118535485
left_right,2,right_knee_z_q25,-0.0004768196813652524,0.0006623879063341862,0.016987904118535485
left_right,2,right_knee_z_q75,2.0563705714470605e-05,4.945199793369849e-05,0.016987904118535485
left_right,2,right_knee_z_range,0.0,0.0,0.016987904118535485
left_right,2,right_knee_z_std,3.152999876487109e-05,9.436556998892442e-05,0.016987904118535485
left_right,2,right_shoulder_z_energy,0.00012494852495364094,0.00033773520934047657,0.016987904118535485
left_right,2,right_shoulder_z_max,0.0,0.0,0.016987904118535485
left_right,2,right_shoulder_z_mean,1.3454471188595793e-05,1.648510508217688e-05,0.016987904118535485
left_right,2,right_shoulder_z_min,0.0,0.0,0.016987904118535485
left_right,2,right_shoulder_z_q25,-1.2922792384172794e-05,4.106393948829612e-05,0.016987904118535485
left_right,2,right_shoulder_z_q75,-1.7425383328870114e-06,3.4850766657740228e-06,0.016987904118535485
left_right,2,right_shoulder_z_range,0.0,0.0,0.016987904118535485
left_right,2,right_shoulder_z_std,-4.028021175054205e-06,8.05604235010841e-06,0.016987904118535485
left_right,2,right_wrist_vel_load_mean,-8.663174193332968e-05,0.0002613008006547651,0.016987904118535485
left_right,2,right_wrist_vel_max,0.0,0.0,0.016987904118535485
left_right,2,right_wrist_vel_max_time,0.0,0.0,0.016987904118535485
left_right,2,right_wrist_vel_mean,0.00018791535781314248,0.00039639145424573495,0.016987904118535485
left_right,2,right_wrist_vel_min,6.952043680719688e-06,6.43794026242522e-05,0.016987904118535485
left_right,2,right_wrist_vel_prep_mean,1.391229015489566e-06,2.2055468690216406e-05,0.016987904118535485
left_right,2,right_wrist_vel_prop_mean,-2.9502327097518054e-05,7.820634372014496e-05,0.016987904118535485
left_right,2,right_wrist_vel_range,0.0,0.0,0.016987904118535485
left_right,2,right_wrist_vel_release_mean,-1.1640565916208022e-05,3.082156701435354e-05,0.016987904118535485
left_right,2,right_wrist_vel_std,-8.775347418110516e-05,0.00010213660515141888,0.016987904118535485
left_right,2,right_wrist_z_energy,-2.784677236497649e-05,7.617543404615836e-05,0.016987904118535485
left_right,2,right_wrist_z_max,-8.185408288169025e-05,0.0003585723602569655,0.016987904118535485
left_right,2,right_wrist_z_mean,0.0,0.0,0.016987904118535485
left_right,2,right_wrist_z_min,3.0738114645516756e-05,5.504684142853023e-05,0.016987904118535485
left_right,2,right_wrist_z_q25,0.000212432066934529,0.00020809773128381505,0.016987904118535485
left_right,2,right_wrist_z_q75,0.0,0.0,0.016987904118535485
left_right,2,right_wrist_z_range,0.0,0.0,0.016987904118535485
left_right,2,right_wrist_z_std,-0.00015386241780625346,0.0003077248356125069,0.016987904118535485
left_right,2,set_point_height,2.6526749349113644e-05,3.598824552569558e-05,0.016987904118535485
left_right,2,set_position_stability,2.6952934448048102e-06,4.293906831678228e-06,0.016987904118535485
left_right,2,shoulder_elevation_rate,-4.371368025767204e-05,8.742736051534407e-05,0.016987904118535485
left_right,2,shoulder_rotation,-6.660262245683755e-05,8.209098529258498e-05,0.016987904118535485
left_right,2,time_to_peak_velocity,0.0,0.0,0.016987904118535485
left_right,2,velocity_magnitude_release,-4.2700349419586696e-06,8.540069883917339e-06,0.016987904118535485
left_right,2,wrist_snap_angle,3.395120157802615e-05,6.798304096922681e-05,0.016987904118535485
left_right,2,wrist_vx_release,-5.5891112336351956e-05,0.00010915570016555995,0.016987904118535485
left_right,2,wrist_vy_release,-6.47893070635878e-06,1.295786141271756e-05,0.016987904118535485
left_right,2,wrist_vz_release,-0.0002008172437772948,0.0003741405640261295,0.016987904118535485
left_right,2,wrist_x_release,0.0,0.0,0.016987904118535485
left_right,2,wrist_y_release,-0.0006798939831805008,0.0011604539111254191,0.016987904118535485
left_right,2,wrist_z_release,-9.646280212274617e-05,0.0003181971144860624,0.016987904118535485
angle,3,acceleration_at_release,0.0,0.0,0.003033664441531965
angle,3,arm_extension_angle,0.0,0.0,0.003033664441531965
angle,3,arm_plane_angle,0.0,0.0,0.003033664441531965
angle,3,azimuth_angle,0.0,0.0,0.003033664441531965
angle,3,elbow_alignment,0.0,0.0,0.003033664441531965
angle,3,elbow_height_relative,0.0,0.0,0.003033664441531965
angle,3,elevation_angle,-1.5629313054830833e-06,3.125862610966167e-06,0.003033664441531965
angle,3,forward_position,0.0,0.0,0.003033664441531965
angle,3,guide_hand_vx,0.0,0.0,0.003033664441531965
angle,3,hip_lateral_range,-2.4056600983625703e-05,4.8113201967251407e-05,0.003033664441531965
angle,3,hip_vertical_velocity_max,0.0,0.0,0.003033664441531965
angle,3,jerk_at_release,0.0,0.0,0.003033664441531965
angle,3,knee_bend_depth,0.0,0.0,0.003033664441531965
angle,3,knee_extension_rate_max,0.0,0.0,0.003033664441531965
angle,3,lateral_offset,0.0,0.0,0.003033664441531965
angle,3,left_wrist_z_energy,-3.465648872828103e-08,6.931297745656206e-08,0.003033664441531965
angle,3,left_wrist_z_max,0.0,0.0,0.003033664441531965
angle,3,left_wrist_z_mean,-2.261052451150748e-05,4.522104902301496e-05,0.003033664441531965
angle,3,left_wrist_z_min,0.0,0.0,0.003033664441531965
angle,3,left_wrist_z_q25,0.0,0.0,0.003033664441531965
angle,3,left_wrist_z_q75,0.0,0.0,0.003033664441531965
angle,3,left_wrist_z_range,0.0,0.0,0.003033664441531965
angle,3,left_wrist_z_std,3.1586146177898344e-05,4.2115974929354294e-05,0.003033664441531965
angle,3,mid_hip_z_energy,0.0,0.0,0.003033664441531965
angle,3,mid_hip_z_max,0.0,0.0,0.003033664441531965
angle,3,mid_hip_z_mean,0.0,0.0,0.003033664441531965
angle,3,mid_hip_z_min,0.0,0.0,0.003033664441531965
angle,3,mid_hip_z_q25,0.0,0.0,0.003033664441531965
angle,3,mid_hip_z_q75,-4.764024866173629e-08,9.528049732347258e-08,0.003033664441531965
angle,3,mid_hip_z_range,0.0,0.0,0.003033664441531965
angle,3,mid_hip_z_std,0.0,0.0,0.003033664441531965
angle,3,neck_z_energy,2.0290218162102165e-06,4.058043632420433e-06,0.003033664441531965
angle,3,neck_z_max,0.0,0.0,0.003033664441531965
angle,3,neck_z_mean,1.619675885781759e-06,3.239351771563518e-06,0.003033664441531965
angle,3,neck_z_min,0.0,0.0,0.003033664441531965
angle,3,neck_z_q25,0.0,0.0,0.003033664441531965
angle,3,neck_z_q75,0.0,0.0,0.003033664441531965
angle,3,neck_z_range,0.0,0.0,0.003033664441531965
angle,3,neck_z_std,0.0,0.0,0.003033664441531965
angle,3,participant_1,0.0,0.0,0.003033664441531965
angle,3,participant_2,0.0,0.0,0.003033664441531965
angle,3,participant_3,0.0,0.0,0.003033664441531965
angle,3,participant_4,0.0,0.0,0.003033664441531965
angle,3,participant_5,0.0,0.0,0.003033664441531965
angle,3,participant_id,0.0,0.0,0.003033664441531965
angle,3,peak_velocity_magnitude,0.0,0.0,0.003033664441531965
angle,3,release_frame,0.0,0.0,0.003033664441531965
angle,3,release_height_relative,0.0,0.0,0.003033664441531965
angle,3,release_time,0.0,0.0,0.003033664441531965
angle,3,right_elbow_vel_load_mean,0.0,0.0,0.003033664441531965
angle,3,right_elbow_vel_max,0.0,0.0,0.003033664441531965
angle,3,right_elbow_vel_max_time,0.0,0.0,0.003033664441531965
angle,3,right_elbow_vel_mean,0.0,0.0,0.003033664441531965
angle,3,right_elbow_vel_min,0.0,0.0,0.003033664441531965
angle,3,right_elbow_vel_prep_mean,0.0,0.0,0.003033664441531965
angle,3,right_elbow_vel_prop_mean,0.0,0.0,0.003033664441531965
angle,3,right_elbow_vel_range,0.0,0.0,0.003033664441531965
angle,3,right_elbow_vel_release_mean,0.0,0.0,0.003033664441531965
angle,3,right_elbow_vel_std,8.855162554170124e-05,0.00010853607235982438,0.003033664441531965
angle,3,right_elbow_z_energy,0.0,0.0,0.003033664441531965
angle,3,right_elbow_z_max,0.0,0.0,0.003033664441531965
angle,3,right_elbow_z_mean,0.0,0.0,0.003033664441531965
angle,3,right_elbow_z_min,0.0,0.0,0.003033664441531965
angle,3,right_elbow_z_q25,0.0,0.0,0.003033664441531965
angle,3,right_elbow_z_q75,0.0,0.0,0.003033664441531965
angle,3,right_elbow_z_range,0.0,0.0,0.003033664441531965
angle,3,right_elbow_z_std,0.0,0.0,0.003033664441531965
angle,3,right_hip_z_energy,0.0,0.0,0.003033664441531965
angle,3,right_hip_z_max,0.0,0.0,0.003033664441531965
angle,3,right_hip_z_mean,2.770643681638633e-06,4.489864926417674e-06,0.003033664441531965
angle,3,right_hip_z_min,0.0,0.0,0.003033664441531965
angle,3,right_hip_z_q25,0.0,0.0,0.003033664441531965
angle,3,right_hip_z_q75,-9.284768479894563e-06,1.8569536959789127e-05,0.003033664441531965
angle,3,right_hip_z_range,0.0,0.0,0.003033664441531965
angle,3,right_hip_z_std,0.0,0.0,0.003033664441531965
angle,3,right_knee_vel_load_mean,-2.117159904296333e-05,4.234319808592666e-05,0.003033664441531965
angle,3,right_knee_vel_max,0.0,0.0,0.003033664441531965
angle,3,right_knee_vel_max_time,0.0,0.0,0.003033664441531965
angle,3,right_knee_vel_mean,0.0,0.0,0.003033664441531965
angle,3,right_knee_vel_min,0.0,0.0,0.003033664441531965
angle,3,right_knee_vel_prep_mean,0.0,0.0,0.003033664441531965
angle,3,right_knee_vel_prop_mean,-2.749585080574074e-08,5.499170161148149e-08,0.003033664441531965
angle,3,right_knee_vel_range,0.0,0.0,0.003033664441531965
angle,3,right_knee_vel_release_mean,-1.3942057066141864e-05,4.168980343280235e-05,0.003033664441531965
angle,3,right_knee_vel_std,0.0,0.0,0.003033664441531965
angle,3,right_knee_z_energy,3.0302717973178878e-06,3.9019798590839875e-06,0.003033664441531965
angle,3,right_knee_z_max,0.0,0.0,0.003033664441531965
angle,3,right_knee_z_mean,2.436282739132371e-06,4.562696264617443e-06,0.003033664441531965
angle,3,right_knee_z_min,0.0,0.0,0.003033664441531965
angle,3,right_knee_z_q25,0.0,0.0,0.003033664441531965
angle,3,right_knee_z_q75,4.666107679251628e-06,1.4473828196070387e-05,0.003033664441531965
angle,3,right_knee_z_range,0.0,0.0,0.003033664441531965
angle,3,right_knee_z_std,0.0,0.0,0.003033664441531965
angle,3,right_shoulder_z_energy,0.0,0.0,0.003033664441531965
angle,3,right_shoulder_z_max,0.0,0.0,0.003033664441531965
angle,3,right_shoulder_z_mean,0.0,0.0,0.003033664441531965
angle,3,right_shoulder_z_min,0.0,0.0,0.003033664441531965
angle,3,right_shoulder_z_q25,0.0,0.0,0.003033664441531965
angle,3,right_shoulder_z_q75,0.0,0.0,0.003033664441531965
angle,3,right_shoulder_z_range,0.0,0.0,0.003033664441531965
angle,3,right_shoulder_z_std,0.0,0.0,0.003033664441531965
angle,3,right_wrist_vel_load_mean,0.0,0.0,0.003033664441531965
angle,3,right_wrist_vel_max,5.80817684689254e-07,1.161635369378508e-06,0.003033664441531965
angle,3,right_wrist_vel_max_time,0.0,0.0,0.003033664441531965
angle,3,right_wrist_vel_mean,0.0,0.0,0.003033664441531965
angle,3,right_wrist_vel_min,0.0,0.0,0.003033664441531965
angle,3,right_wrist_vel_prep_mean,0.0,0.0,0.003033664441531965
angle,3,right_wrist_vel_prop_mean,9.85078515824952e-06,1.2069070978246993e-05,0.003033664441531965
angle,3,right_wrist_vel_range,0.0,0.0,0.003033664441531965
angle,3,right_wrist_vel_release_mean,0.0,0.0,0.003033664441531965
angle,3,right_wrist_vel_std,0.0,0.0,0.003033664441531965
angle,3,right_wrist_z_energy,0.0,0.0,0.003033664441531965
angle,3,right_wrist_z_max,0.0,0.0,0.003033664441531965
angle,3,right_wrist_z_mean,0.0,0.0,0.003033664441531965
angle,3,right_wrist_z_min,0.0,0.0,0.003033664441531965
angle,3,right_wrist_z_q25,0.0,0.0,0.003033664441531965
angle,3,right_wrist_z_q75,0.0,0.0,0.003033664441531965
angle,3,right_wrist_z_range,0.0,0.0,0.003033664441531965
angle,3,right_wrist_z_std,0.0,0.0,0.003033664441531965
angle,3,set_point_height,0.0,0.0,0.003033664441531965
angle,3,set_position_stability,0.0,0.0,0.003033664441531965
angle,3,shoulder_elevation_rate,0.0,0.0,0.003033664441531965
angle,3,shoulder_rotation,0.0,0.0,0.003033664441531965
angle,3,time_to_peak_velocity,0.0,0.0,0.003033664441531965
angle,3,velocity_magnitude_release,0.0,0.0,0.003033664441531965
angle,3,wrist_snap_angle,0.0,0.0,0.003033664441531965
angle,3,wrist_vx_release,0.0,0.0,0.003033664441531965
angle,3,wrist_vy_release,0.0,0.0,0.003033664441531965
angle,3,wrist_vz_release,0.0,0.0,0.003033664441531965
angle,3,wrist_x_release,0.0,0.0,0.003033664441531965
angle,3,wrist_y_release,0.0,0.0,0.003033664441531965
angle,3,wrist_z_release,0.0,0.0,0.003033664441531965
depth,3,acceleration_at_release,0.0,0.0,0.0024396990908331917
depth,3,arm_extension_angle,0.0,0.0,0.0024396990908331917
depth,3,arm_plane_angle,0.0,0.0,0.0024396990908331917
depth,3,azimuth_angle,0.0,0.0,0.0024396990908331917
depth,3,elbow_alignment,-2.9945269010154113e-06,5.2582308525860795e-06,0.0024396990908331917
depth,3,elbow_height_relative,0.0,0.0,0.0024396990908331917
depth,3,elevation_angle,0.0,0.0,0.0024396990908331917
depth,3,forward_position,0.0,0.0,0.0024396990908331917
depth,3,guide_hand_vx,0.0,0.0,0.0024396990908331917
depth,3,hip_lateral_range,0.0,0.0,0.0024396990908331917
depth,3,hip_vertical_velocity_max,0.0,0.0,0.0024396990908331917
depth,3,jerk_at_release,0.0,0.0,0.0024396990908331917
depth,3,knee_bend_depth,0.0,0.0,0.0024396990908331917
depth,3,knee_extension_rate_max,0.0,0.0,0.0024396990908331917
depth,3,lateral_offset,0.0,0.0,0.0024396990908331917
depth,3,left_wrist_z_energy,4.3557127650838023e-07,8.711425530167605e-07,0.0024396990908331917
depth,3,left_wrist_z_max,0.0,0.0,0.0024396990908331917
depth,3,left_wrist_z_mean,0.0,0.0,0.0024396990908331917
depth,3,left_wrist_z_min,0.0,0.0,0.0024396990908331917
depth,3,left_wrist_z_q25,0.0,0.0,0.0024396990908331917
depth,3,left_wrist_z_q75,-3.880945320525071e-08,7.761890641050142e-08,0.0024396990908331917
depth,3,left_wrist_z_range,0.0,0.0,0.0024396990908331917
depth,3,left_wrist_z_std,0.0,0.0,0.0024396990908331917
depth,3,mid_hip_z_energy,0.0,0.0,0.0024396990908331917
depth,3,mid_hip_z_max,1.1952980417031383e-07,2.3905960834062766e-07,0.0024396990908331917
depth,3,mid_hip_z_mean,0.0,0.0,0.0024396990908331917
depth,3,mid_hip_z_min,0.0,0.0,0.0024396990908331917
depth,3,mid_hip_z_q25,0.0,0.0,0.0024396990908331917
depth,3,mid_hip_z_q75,-4.047842300360498e-06,8.095684600720996e-06,0.0024396990908331917
depth,3,mid_hip_z_range,0.0,0.0,0.0024396990908331917
depth,3,mid_hip_z_std,0.0,0.0,0.0024396990908331917
depth,3,neck_z_energy,-1.4180265321124368e-06,2.836053064224873e-06,0.0024396990908331917
depth,3,neck_z_max,0.0,0.0,0.0024396990908331917
depth,3,neck_z_mean,-4.929612507655577e-07,9.859225015311154e-07,0.0024396990908331917
depth,3,neck_z_min,0.0,0.0,0.0024396990908331917
depth,3,neck_z_q25,0.0,0.0,0.0024396990908331917
depth,3,neck_z_q75,-2.3810468602776065e-06,4.762093720555212e-06,0.0024396990908331917
depth,3,neck_z_range,0.0,0.0,0.0024396990908331917
depth,3,neck_z_std,0.0,0.0,0.0024396990908331917
depth,3,participant_1,0.0,0.0,0.0024396990908331917
depth,3,participant_2,0.0,0.0,0.0024396990908331917
depth,3,participant_3,0.0,0.0,0.0024396990908331917
depth,3,participant_4,0.0,0.0,0.0024396990908331917
depth,3,participant_5,0.0,0.0,0.0024396990908331917
depth,3,participant_id,0.0,0.0,0.0024396990908331917
depth,3,peak_velocity_magnitude,6.852234018310127e-07,1.3704468036620254e-06,0.0024396990908331917
depth,3,release_frame,3.4278098648868446e-06,7.0208015170994926e-06,0.0024396990908331917
depth,3,release_height_relative,0.0,0.0,0.0024396990908331917
depth,3,release_time,-4.7688888659061283e-08,9.537777731812257e-08,0.0024396990908331917
depth,3,right_elbow_vel_load_mean,0.0,0.0,0.0024396990908331917
depth,3,right_elbow_vel_max,0.0,0.0,0.0024396990908331917
depth,3,right_elbow_vel_max_time,0.00021191576607554018,0.00012384347394186484,0.0024396990908331917
depth,3,right_elbow_vel_mean,8.492824320423486e-06,1.5392608338686565e-05,0.0024396990908331917
depth,3,right_elbow_vel_min,0.0,0.0,0.0024396990908331917
depth,3,right_elbow_vel_prep_mean,-3.60877350885809e-07,7.21754701771618e-07,0.0024396990908331917
depth,3,right_elbow_vel_prop_mean,6.41157398168004e-08,1.1860163104778892e-06,0.0024396990908331917
depth,3,right_elbow_vel_range,0.0,0.0,0.0024396990908331917
depth,3,right_elbow_vel_release_mean,0.0,0.0,0.0024396990908331917
depth,3,right_elbow_vel_std,0.00010578107552836286,0.00020296054835238205,0.0024396990908331917
depth,3,right_elbow_z_energy,0.0,0.0,0.0024396990908331917
depth,3,right_elbow_z_max,0.0,0.0,0.0024396990908331917
depth,3,right_elbow_z_mean,0.0,0.0,0.0024396990908331917
depth,3,right_elbow_z_min,0.0,0.0,0.0024396990908331917
depth,3,right_elbow_z_q25,2.2601903249156445e-05,2.2275665344670573e-05,0.0024396990908331917
depth,3,right_elbow_z_q75,0.0,0.0,0.0024396990908331917
depth,3,right_elbow_z_range,0.0,0.0,0.0024396990908331917
depth,3,right_elbow_z_std,0.0,0.0,0.0024396990908331917
depth,3,right_hip_z_energy,0.0,0.0,0.0024396990908331917
depth,3,right_hip_z_max,0.0,0.0,0.0024396990908331917
depth,3,right_hip_z_mean,0.0,0.0,0.0024396990908331917
depth,3,right_hip_z_min,0.0,0.0,0.0024396990908331917
depth,3,right_hip_z_q25,0.0,0.0,0.0024396990908331917
depth,3,right_hip_z_q75,-1.0746188938533646e-06,1.3162519912762444e-06,0.0024396990908331917
depth,3,right_hip_z_range,0.0,0.0,0.0024396990908331917
depth,3,right_hip_z_std,0.0,0.0,0.0024396990908331917
depth,3,right_knee_vel_load_mean,1.0518879447132943e-05,3.9278825507588453e-05,0.0024396990908331917
depth,3,right_knee_vel_max,0.0,0.0,0.0024396990908331917
depth,3,right_knee_vel_max_time,1.48966463017439e-05,2.9793292603487796e-05,0.0024396990908331917
depth,3,right_knee_vel_mean,0.0,0.0,0.0024396990908331917
depth,3,right_knee_vel_min,-3.5701121430261357e-05,7.140224286052271e-05,0.0024396990908331917
depth,3,right_knee_vel_prep_mean,-1.0308331732236953e-05,2.0616663464473906e-05,0.0024396990908331917
depth,3,right_knee_vel_prop_mean,-2.8306034397411936e-06,4.059121166086793e-06,0.0024396990908331917
depth,3,right_knee_vel_range,0.0,0.0,0.0024396990908331917
depth,3,right_knee_vel_release_mean,0.0,0.0,0.0024396990908331917
depth,3,right_knee_vel_std,0.0,0.0,0.0024396990908331917
depth,3,right_knee_z_energy,0.0,0.0,0.0024396990908331917
depth,3,right_knee_z_max,0.0,0.0,0.0024396990908331917
depth,3,right_knee_z_mean,0.0,0.0,0.0024396990908331917
depth,3,right_knee_z_min,0.0,0.0,0.0024396990908331917
depth,3,right_knee_z_q25,0.0,0.0,0.0024396990908331917
depth,3,right_knee_z_q75,1.5815273180176003e-06,3.5670226550260433e-06,0.0024396990908331917
depth,3,right_knee_z_range,0.0,0.0,0.0024396990908331917
depth,3,right_knee_z_std,0.0,0.0,0.0024396990908331917
depth,3,right_shoulder_z_energy,3.215458273195306e-06,1.6258071181810923e-05,0.0024396990908331917
depth,3,right_shoulder_z_max,0.0,0.0,0.0024396990908331917
depth,3,right_shoulder_z_mean,0.0,0.0,0.0024396990908331917
depth,3,right_shoulder_z_min,0.0,0.0,0.0024396990908331917
depth,3,right_shoulder_z_q25,0.0,0.0,0.0024396990908331917
depth,3,right_shoulder_z_q75,0.0,0.0,0.0024396990908331917
depth,3,right_shoulder_z_range,0.0,0.0,0.0024396990908331917
depth,3,right_shoulder_z_std,0.0,0.0,0.0024396990908331917
depth,3,right_wrist_vel_load_mean,0.0,0.0,0.0024396990908331917
depth,3,right_wrist_vel_max,0.00017284274478172561,0.0001618069375784246,0.0024396990908331917
depth,3,right_wrist_vel_max_time,0.0,0.0,0.0024396990908331917
depth,3,right_wrist_vel_mean,0.0,0.0,0.0024396990908331917
depth,3,right_wrist_vel_min,0.0,0.0,0.0024396990908331917
depth,3,right_wrist_vel_prep_mean,0.0,0.0,0.0024396990908331917
depth,3,right_wrist_vel_prop_mean,0.0,0.0,0.0024396990908331917
depth,3,right_wrist_vel_range,2.65049828348091e-05,0.0001026171359365312,0.0024396990908331917
depth,3,right_wrist_vel_release_mean,0.0,0.0,0.0024396990908331917
depth,3,right_wrist_vel_std,-3.566507733614975e-06,5.0771234067069155e-06,0.0024396990908331917
depth,3,right_wrist_z_energy,0.0,0.0,0.0024396990908331917
depth,3,right_wrist_z_max,0.0,0.0,0.0024396990908331917
depth,3,right_wrist_z_mean,0.0,0.0,0.0024396990908331917
depth,3,right_wrist_z_min,2.6626290139794216e-07,5.325258027958843e-07,0.0024396990908331917
depth,3,right_wrist_z_q25,0.0,0.0,0.0024396990908331917
depth,3,right_wrist_z_q75,0.0,0.0,0.0024396990908331917
depth,3,right_wrist_z_range,0.0,0.0,0.0024396990908331917
depth,3,right_wrist_z_std,0.0,0.0,0.0024396990908331917
depth,3,set_point_height,0.0,0.0,0.0024396990908331917
depth,3,set_position_stability,4.5241527043270154e-05,7.179980639013247e-05,0.0024396990908331917
depth,3,shoulder_elevation_rate,0.0,0.0,0.0024396990908331917
depth,3,shoulder_rotation,0.0,0.0,0.0024396990908331917
depth,3,time_to_peak_velocity,-4.421626677615874e-08,8.843253355231748e-08,0.0024396990908331917
depth,3,velocity_magnitude_release,0.0,0.0,0.0024396990908331917
depth,3,wrist_snap_angle,0.0,0.0,0.0024396990908331917
depth,3,wrist_vx_release,0.0,0.0,0.0024396990908331917
depth,3,wrist_vy_release,2.94284075236656e-06,5.4164725496123455e-06,0.0024396990908331917
depth,3,wrist_vz_release,0.0,0.0,0.0024396990908331917
depth,3,wrist_x_release,0.0,0.0,0.0024396990908331917
depth,3,wrist_y_release,0.0,0.0,0.0024396990908331917
depth,3,wrist_z_release,0.0,0.0,0.0024396990908331917
left_right,3,acceleration_at_release,0.0,0.0,0.005645957655034829
left_right,3,arm_extension_angle,0.00010045390447941768,7.543717224247262e-05,0.005645957655034829
left_right,3,arm_plane_angle,-5.426995134265745e-06,1.527161153953408e-05,0.005645957655034829
left_right,3,azimuth_angle,-2.5783006298903528e-06,5.1566012597807055e-06,0.005645957655034829
left_right,3,elbow_alignment,0.0,0.0,0.005645957655034829
left_right,3,elbow_height_relative,0.0,0.0,0.005645957655034829
left_right,3,elevation_angle,7.34129067107605e-05,0.0001410168423135584,0.005645957655034829
left_right,3,forward_position,1.8708305222176216e-05,2.513896286206165e-05,0.005645957655034829
left_right,3,guide_hand_vx,0.0,0.0,0.005645957655034829
left_right,3,hip_lateral_range,1.3793422167691221e-06,2.7586844335382442e-06,0.005645957655034829
left_right,3,hip_vertical_velocity_max,0.0,0.0,0.005645957655034829
left_right,3,jerk_at_release,2.9796872526063482e-05,4.045519848259105e-05,0.005645957655034829
left_right,3,knee_bend_depth,0.0,0.0,0.005645957655034829
left_right,3,knee_extension_rate_max,2.188003648181435e-05,2.5103669490524647e-05,0.005645957655034829
left_right,3,lateral_offset,1.7817204769253124e-05,3.7313001517936953e-05,0.005645957655034829
left_right,3,left_wrist_z_energy,1.815028299165846e-05,3.458425618245076e-05,0.005645957655034829
left_right,3,left_wrist_z_max,-5.136807705658934e-05,0.00011126697215112151,0.005645957655034829
left_right,3,left_wrist_z_mean,1.6176989986046996e-05,3.2116908066393315e-05,0.005645957655034829
left_right,3,left_wrist_z_min,4.2348990160321195e-05,5.1752469406210884e-05,0.005645957655034829
left_right,3,left_wrist_z_q25,0.0,0.0,0.005645957655034829
left_right,3,left_wrist_z_q75,-4.350873238573883e-06,8.701746477147767e-06,0.005645957655034829
left_right,3,left_wrist_z_range,-5.687448288186255e-07,1.137489657637251e-06,0.005645957655034829
left_right,3,left_wrist_z_std,0.0,0.0,0.005645957655034829
left_right,3,mid_hip_z_energy,0.0,0.0,0.005645957655034829
left_right,3,mid_hip_z_max,7.636230292719196e-06,1.658810177139033e-05,0.005645957655034829
left_right,3,mid_hip_z_mean,-2.614338479843779e-06,5.228676959687557e-06,0.005645957655034829
left_right,3,mid_hip_z_min,0.0,0.0,0.005645957655034829
left_right,3,mid_hip_z_q25,0.0,0.0,0.005645957655034829
left_right,3,mid_hip_z_q75,0.0,0.0,0.005645957655034829
left_right,3,mid_hip_z_range,0.0,0.0,0.005645957655034829
left_right,3,mid_hip_z_std,0.0,0.0,0.005645957655034829
left_right,3,neck_z_energy,0.0,0.0,0.005645957655034829
left_right,3,neck_z_max,-1.17286145180898e-05,2.787798160571067e-05,0.005645957655034829
left_right,3,neck_z_mean,0.0,0.0,0.005645957655034829
left_right,3,neck_z_min,0.0,0.0,0.005645957655034829
left_right,3,neck_z_q25,4.395924045279524e-05,4.476796008731021e-05,0.005645957655034829
left_right,3,neck_z_q75,0.0,0.0,0.005645957655034829
left_right,3,neck_z_range,0.0,0.0,0.005645957655034829
left_right,3,neck_z_std,0.0,0.0,0.005645957655034829
left_right,3,participant_1,0.0,0.0,0.005645957655034829
left_right,3,participant_2,0.0,0.0,0.005645957655034829
left_right,3,participant_3,0.0,0.0,0.005645957655034829
left_right,3,participant_4,0.0,0.0,0.005645957655034829
left_right,3,participant_5,0.0,0.0,0.005645957655034829
left_right,3,participant_id,0.0,0.0,0.005645957655034829
left_right,3,peak_velocity_magnitude,1.2004423987144592e-05,2.3306570590706164e-05,0.005645957655034829
left_right,3,release_frame,0.0,0.0,0.005645957655034829
left_right,3,release_height_relative,0.0,0.0,0.005645957655034829
left_right,3,release_time,0.0,0.0,0.005645957655034829
left_right,3,right_elbow_vel_load_mean,2.9046408721512702e-05,6.299748755504296e-05,0.005645957655034829
left_right,3,right_elbow_vel_max,0.0,0.0,0.005645957655034829
left_right,3,right_elbow_vel_max_time,0.0,0.0,0.005645957655034829
left_right,3,right_elbow_vel_mean,0.0,0.0,0.005645957655034829
left_right,3,right_elbow_vel_min,4.1447970478990294e-06,8.289594095798059e-06,0.005645957655034829
left_right,3,right_elbow_vel_prep_mean,-1.113618181655471e-06,1.4678988197591283e-06,0.005645957655034829
left_right,3,right_elbow_vel_prop_mean,0.0,0.0,0.005645957655034829
left_right,3,right_elbow_vel_range,0.0,0.0,0.005645957655034829
left_right,3,right_elbow_vel_release_mean,-3.103643444645277e-05,4.10177381669536e-05,0.005645957655034829
left_right,3,right_elbow_vel_std,0.0,0.0,0.005645957655034829
left_right,3,right_elbow_z_energy,0.0,0.0,0.005645957655034829
left_right,3,right_elbow_z_max,-3.854295687737222e-05,8.276015811506659e-05,0.005645957655034829
left_right,3,right_elbow_z_mean,0.0,0.0,0.005645957655034829
left_right,3,right_elbow_z_min,0.0,0.0,0.005645957655034829
left_right,3,right_elbow_z_q25,-1.6554192868485842e-05,4.1390518803469174e-05,0.005645957655034829
left_right,3,right_elbow_z_q75,0.0,0.0,0.005645957655034829
left_right,3,right_elbow_z_range,0.0,0.0,0.005645957655034829
left_right,3,right_elbow_z_std,0.0,0.0,0.005645957655034829
left_right,3,right_hip_z_energy,0.0,0.0,0.005645957655034829
left_right,3,right_hip_z_max,-6.901608893763086e-07,1.263322051079485e-06,0.005645957655034829
left_right,3,right_hip_z_mean,0.0,0.0,0.005645957655034829
left_right,3,right_hip_z_min,0.0,0.0,0.005645957655034829
left_right,3,right_hip_z_q25,0.0,0.0,0.005645957655034829
left_right,3,right_hip_z_q75,0.0,0.0,0.005645957655034829
left_right,3,right_hip_z_range,0.0,0.0,0.005645957655034829
left_right,3,right_hip_z_std,0.0,0.0,0.005645957655034829
left_right,3,right_knee_vel_load_mean,0.0,0.0,0.005645957655034829
left_right,3,right_knee_vel_max,-1.08730650109781e-05,2.17461300219562e-05,0.005645957655034829
left_right,3,right_knee_vel_max_time,0.0,0.0,0.005645957655034829
left_right,3,right_knee_vel_mean,0.0,0.0,0.005645957655034829
left_right,3,right_knee_vel_min,0.0,0.0,0.005645957655034829
left_right,3,right_knee_vel_prep_mean,0.0,0.0,0.005645957655034829
left_right,3,right_knee_vel_prop_mean,0.0,0.0,0.005645957655034829
left_right,3,right_knee_vel_range,-2.1081473369826314e-06,4.216294673965263e-06,0.005645957655034829
left_right,3,right_knee_vel_release_mean,0.0,0.0,0.005645957655034829
left_right,3,right_knee_vel_std,0.0,0.0,0.005645957655034829
left_right,3,right_knee_z_energy,0.0,0.0,0.005645957655034829
left_right,3,right_knee_z_max,0.0,0.0,0.005645957655034829
left_right,3,right_knee_z_mean,0.0,0.0,0.005645957655034829
left_right,3,right_knee_z_min,0.0,0.0,0.005645957655034829
left_right,3,right_knee_z_q25,2.443216872503578e-05,5.088166553872924e-05,0.005645957655034829
left_right,3,right_knee_z_q75,0.0,0.0,0.005645957655034829
left_right,3,right_knee_z_range,0.0,0.0,0.005645957655034829
left_right,3,right_knee_z_std,0.0,0.0,0.005645957655034829
left_right,3,right_shoulder_z_energy,0.0,0.0,0.005645957655034829
left_right,3,right_shoulder_z_max,-8.786445441192245e-07,1.757289088238449e-06,0.005645957655034829
left_right,3,right_shoulder_z_mean,0.0,0.0,0.005645957655034829
left_right,3,right_shoulder_z_min,0.0,0.0,0.005645957655034829
left_right,3,right_shoulder_z_q25,0.0,0.0,0.005645957655034829
left_right,3,right_shoulder_z_q75,0.0,0.0,0.005645957655034829
left_right,3,right_shoulder_z_range,0.0,0.0,0.005645957655034829
left_right,3,right_shoulder_z_std,0.0,0.0,0.005645957655034829
left_right,3,right_wrist_vel_load_mean,0.0,0.0,0.005645957655034829
left_right,3,right_wrist_vel_max,2.789336832894392e-06,5.578673665788784e-06,0.005645957655034829
left_right,3,right_wrist_vel_max_time,0.0,0.0,0.005645957655034829
left_right,3,right_wrist_vel_mean,0.0,0.0,0.005645957655034829
left_right,3,right_wrist_vel_min,-2.6011387381279112e-05,5.202277476255823e-05,0.005645957655034829
left_right,3,right_wrist_vel_prep_mean,0.0,0.0,0.005645957655034829
left_right,3,right_wrist_vel_prop_mean,1.1675961754080885e-05,2.335192350816177e-05,0.005645957655034829
left_right,3,right_wrist_vel_range,1.3324333413935672e-06,2.664866682787134e-06,0.005645957655034829
left_right,3,right_wrist_vel_release_mean,4.094632302303645e-05,5.5401528067286296e-05,0.005645957655034829
left_right,3,right_wrist_vel_std,0.0,0.0,0.005645957655034829
left_right,3,right_wrist_z_energy,3.2803125318188926e-07,6.560625063637785e-07,0.005645957655034829
left_right,3,right_wrist_z_max,1.9001301903728034e-05,1.691316762977235e-05,0.005645957655034829
left_right,3,right_wrist_z_mean,0.0,0.0,0.005645957655034829
left_right,3,right_wrist_z_min,0.0,0.0,0.005645957655034829
left_right,3,right_wrist_z_q25,0.0,0.0,0.005645957655034829
left_right,3,right_wrist_z_q75,0.0,0.0,0.005645957655034829
left_right,3,right_wrist_z_range,0.0,0.0,0.005645957655034829
left_right,3,right_wrist_z_std,4.131304511936675e-05,5.92666180261379e-05,0.005645957655034829
left_right,3,set_point_height,0.0,0.0,0.005645957655034829
left_right,3,set_position_stability,0.0,0.0,0.005645957655034829
left_right,3,shoulder_elevation_rate,7.827527022457916e-06,1.5655054044915832e-05,0.005645957655034829
left_right,3,shoulder_rotation,0.00020312232130994477,0.00041375660938240704,0.005645957655034829
left_right,3,time_to_peak_velocity,0.0,0.0,0.005645957655034829
left_right,3,velocity_magnitude_release,0.0,0.0,0.005645957655034829
left_right,3,wrist_snap_angle,0.0,0.0,0.005645957655034829
left_right,3,wrist_vx_release,0.00021517958451232924,0.00019663488809922144,0.005645957655034829
left_right,3,wrist_vy_release,0.0,0.0,0.005645957655034829
left_right,3,wrist_vz_release,0.0,0.0,0.005645957655034829
left_right,3,wrist_x_release,0.00012024433987870277,0.000124933385483988,0.005645957655034829
left_right,3,wrist_y_release,0.001926373571613689,0.0008911129450562562,0.005645957655034829
left_right,3,wrist_z_release,0.0,0.0,0.005645957655034829
angle,4,acceleration_at_release,0.0,0.0,0.00685052781927895
angle,4,arm_extension_angle,0.0,0.0,0.00685052781927895
angle,4,arm_plane_angle,0.0,0.0,0.00685052781927895
angle,4,azimuth_angle,0.0,0.0,0.00685052781927895
angle,4,elbow_alignment,7.728467833765841e-05,7.36236914010091e-05,0.00685052781927895
angle,4,elbow_height_relative,0.0,0.0,0.00685052781927895
angle,4,elevation_angle,2.2313657414227305e-06,7.350939968601666e-06,0.00685052781927895
angle,4,forward_position,-5.416724960916458e-06,7.231567978873426e-06,0.00685052781927895
angle,4,guide_hand_vx,-1.044278090914797e-05,0.00012857953233652125,0.00685052781927895
angle,4,hip_lateral_range,0.0,0.0,0.00685052781927895
angle,4,hip_vertical_velocity_max,0.0,0.0,0.00685052781927895
angle,4,jerk_at_release,0.0,0.0,0.00685052781927895
angle,4,knee_bend_depth,0.0,0.0,0.00685052781927895
angle,4,knee_extension_rate_max,-3.56865769877109e-05,7.13731539754218e-05,0.00685052781927895
angle,4,lateral_offset,-8.396788994833396e-06,1.6793577989666792e-05,0.00685052781927895
angle,4,left_wrist_z_energy,-9.705971238973636e-06,1.769410449236762e-05,0.00685052781927895
angle,4,left_wrist_z_max,0.001033402916259695,0.0004572984767952128,0.00685052781927895
angle,4,left_wrist_z_mean,-7.2216278853443755e-06,8.86637741578082e-06,0.00685052781927895
angle,4,left_wrist_z_min,-7.304064567605131e-06,1.0380870572002239e-05,0.00685052781927895
angle,4,left_wrist_z_q25,-3.31056792353495e-05,4.242398909995987e-05,0.00685052781927895
angle,4,left_wrist_z_q75,0.0,0.0,0.00685052781927895
angle,4,left_wrist_z_range,0.0,0.0,0.00685052781927895
angle,4,left_wrist_z_std,0.0,0.0,0.00685052781927895
angle,4,mid_hip_z_energy,0.00018077874078719226,0.00013234739510295176,0.00685052781927895
angle,4,mid_hip_z_max,4.050195226992664e-05,0.0001359241982158351,0.00685052781927895
angle,4,mid_hip_z_mean,4.993271791423924e-06,4.948463633696587e-05,0.00685052781927895
angle,4,mid_hip_z_min,0.0,0.0,0.00685052781927895
angle,4,mid_hip_z_q25,0.0,0.0,0.00685052781927895
angle,4,mid_hip_z_q75,-3.379389227147617e-06,6.7587784542952346e-06,0.00685052781927895
angle,4,mid_hip_z_range,4.0744411253663616e-06,8.148882250732723e-06,0.00685052781927895
angle,4,mid_hip_z_std,0.0,0.0,0.00685052781927895
angle,4,neck_z_energy,-1.105591647300568e-06,2.211183294601136e-06,0.00685052781927895
angle,4,neck_z_max,0.0,0.0,0.00685052781927895
angle,4,neck_z_mean,-6.300358121492701e-07,1.8822229220119492e-06,0.00685052781927895
angle,4,neck_z_min,0.0,0.0,0.00685052781927895
angle,4,neck_z_q25,0.0,0.0,0.00685052781927895
angle,4,neck_z_q75,0.0,0.0,0.00685052781927895
angle,4,neck_z_range,0.0,0.0,0.00685052781927895
angle,4,neck_z_std,0.0,0.0,0.00685052781927895
angle,4,participant_1,0.0,0.0,0.00685052781927895
angle,4,participant_2,0.0,0.0,0.00685052781927895
angle,4,participant_3,0.0,0.0,0.00685052781927895
angle,4,participant_4,0.0,0.0,0.00685052781927895
angle,4,participant_5,0.0,0.0,0.00685052781927895
angle,4,participant_id,0.0,0.0,0.00685052781927895
angle,4,peak_velocity_magnitude,-1.2231834375916553e-05,2.4463668751833102e-05,0.00685052781927895
angle,4,release_frame,0.0,0.0,0.00685052781927895
angle,4,release_height_relative,0.0,0.0,0.00685052781927895
angle,4,release_time,0.0,0.0,0.00685052781927895
angle,4,right_elbow_vel_load_mean,3.1075153068253876e-06,6.215030613650775e-06,0.00685052781927895
angle,4,right_elbow_vel_max,0.0,0.0,0.00685052781927895
angle,4,right_elbow_vel_max_time,9.935587513167806e-05,0.0001845643769355385,0.00685052781927895
angle,4,right_elbow_vel_mean,-3.416326643168877e-05,8.97038586873621e-05,0.00685052781927895
angle,4,right_elbow_vel_min,-6.208366928614426e-06,8.126613639245841e-06,0.00685052781927895
angle,4,right_elbow_vel_prep_mean,-5.509781061497378e-06,2.9289413886451347e-05,0.00685052781927895
angle,4,right_elbow_vel_prop_mean,-3.7275958634141204e-06,7.45519172682824e-06,0.00685052781927895
angle,4,right_elbow_vel_range,0.0,0.0,0.00685052781927895
angle,4,right_elbow_vel_release_mean,6.0682384035571845e-06,7.4375585499178864e-06,0.00685052781927895
angle,4,right_elbow_vel_std,0.0,0.0,0.00685052781927895
angle,4,right_elbow_z_energy,-1.7911397347278427e-06,3.582279469455686e-06,0.00685052781927895
angle,4,right_elbow_z_max,1.8297866721425406e-06,3.659573344285081e-06,0.00685052781927895
angle,4,right_elbow_z_mean,-3.6446705601620124e-06,4.745915005099646e-06,0.00685052781927895
angle,4,right_elbow_z_min,1.0407600688095801e-07,2.0815201376191603e-07,0.00685052781927895
angle,4,right_elbow_z_q25,0.0,0.0,0.00685052781927895
angle,4,right_elbow_z_q75,0.0,0.0,0.00685052781927895
angle,4,right_elbow_z_range,0.0,0.0,0.00685052781927895
angle,4,right_elbow_z_std,0.0,0.0,0.00685052781927895
angle,4,right_hip_z_energy,-3.012888151654169e-06,6.025776303308338e-06,0.00685052781927895
angle,4,right_hip_z_max,4.498670521390346e-05,5.575437063681904e-05,0.00685052781927895
angle,4,right_hip_z_mean,-1.0106528828456606e-06,2.0250975770182526e-06,0.00685052781927895
angle,4,right_hip_z_min,0.0,0.0,0.00685052781927895
angle,4,right_hip_z_q25,0.0,0.0,0.00685052781927895
angle,4,right_hip_z_q75,4.716047242421875e-07,9.43209448484375e-07,0.00685052781927895
angle,4,right_hip_z_range,0.0,0.0,0.00685052781927895
angle,4,right_hip_z_std,0.0,0.0,0.00685052781927895
angle,4,right_knee_vel_load_mean,-8.351028088563205e-06,1.2926732931428681e-05,0.00685052781927895
angle,4,right_knee_vel_max,-0.00010606005768410345,0.00021212011536820693,0.00685052781927895
angle,4,right_knee_vel_max_time,-1.805970918594517e-05,4.2088572592670646e-05,0.00685052781927895
angle,4,right_knee_vel_mean,-1.3012754446818653e-05,2.6025508893637305e-05,0.00685052781927895
angle,4,right_knee_vel_min,2.131225480276934e-06,4.262450960553868e-06,0.00685052781927895
angle,4,right_knee_vel_prep_mean,0.0,0.0,0.00685052781927895
angle,4,right_knee_vel_prop_mean,0.0,0.0,0.00685052781927895
angle,4,right_knee_vel_range,-2.5422095756875924e-05,5.084419151375184e-05,0.00685052781927895
angle,4,right_knee_vel_release_mean,0.0,0.0,0.00685052781927895
angle,4,right_knee_vel_std,-1.618492836418014e-05,3.236985672836028e-05,0.00685052781927895
angle,4,right_knee_z_energy,0.00023617546186291974,0.0002700711035555881,0.00685052781927895
angle,4,right_knee_z_max,-2.450268752387096e-05,0.00017900419827681884,0.00685052781927895
angle,4,right_knee_z_mean,6.161388212099518e-05,8.282634294253514e-05,0.00685052781927895
angle,4,right_knee_z_min,0.0,0.0,0.00685052781927895
angle,4,right_knee_z_q25,-2.2157478688965512e-05,4.394964220449931e-05,0.00685052781927895
angle,4,right_knee_z_q75,0.0,0.0,0.00685052781927895
angle,4,right_knee_z_range,0.0,0.0,0.00685052781927895
angle,4,right_knee_z_std,-6.65169553237825e-05,0.000133033910647565,0.00685052781927895
angle,4,right_shoulder_z_energy,0.0,0.0,0.00685052781927895
angle,4,right_shoulder_z_max,-7.913266794509535e-07,1.582653358901907e-06,0.00685052781927895
angle,4,right_shoulder_z_mean,0.0,0.0,0.00685052781927895
angle,4,right_shoulder_z_min,0.0,0.0,0.00685052781927895
angle,4,right_shoulder_z_q25,0.0,0.0,0.00685052781927895
angle,4,right_shoulder_z_q75,0.0,0.0,0.00685052781927895
angle,4,right_shoulder_z_range,0.0,0.0,0.00685052781927895
angle,4,right_shoulder_z_std,0.0,0.0,0.00685052781927895
angle,4,right_wrist_vel_load_mean,5.609949242488602e-06,1.4854393899200108e-05,0.00685052781927895
angle,4,right_wrist_vel_max,-1.0735280507214822e-05,2.1470561014429647e-05,0.00685052781927895
angle,4,right_wrist_vel_max_time,0.0,0.0,0.00685052781927895
angle,4,right_wrist_vel_mean,-5.350580370371584e-06,8.708305960013637e-06,0.00685052781927895
angle,4,right_wrist_vel_min,0.0,0.0,0.00685052781927895
angle,4,right_wrist_vel_prep_mean,0.00027858252949514205,0.0001541408723686631,0.00685052781927895
angle,4,right_wrist_vel_prop_mean,0.0,0.0,0.00685052781927895
angle,4,right_wrist_vel_range,0.0,0.0,0.00685052781927895
angle,4,right_wrist_vel_release_mean,0.0,0.0,0.00685052781927895
angle,4,right_wrist_vel_std,0.0,0.0,0.00685052781927895
angle,4,right_wrist_z_energy,0.0002613373311555237,0.0003880765265402275,0.00685052781927895
angle,4,right_wrist_z_max,0.0,0.0,0.00685052781927895
angle,4,right_wrist_z_mean,5.4981515598613054e-05,0.00014405684104722036,0.00685052781927895
angle,4,right_wrist_z_min,2.268365077221062e-07,4.5367301544421234e-07,0.00685052781927895
angle,4,right_wrist_z_q25,2.006980374378668e-06,3.290954776155862e-06,0.00685052781927895
angle,4,right_wrist_z_q75,-1.0019875417768022e-05,2.0039750835536044e-05,0.00685052781927895
angle,4,right_wrist_z_range,1.5923413732426652e-08,3.1846827464853304e-08,0.00685052781927895
angle,4,right_wrist_z_std,0.0,0.0,0.00685052781927895
angle,4,set_point_height,-3.7319946901540406e-05,5.861232676610196e-05,0.00685052781927895
angle,4,set_position_stability,9.072176883040232e-05,0.0001187265371278411,0.00685052781927895
angle,4,shoulder_elevation_rate,1.0003702998599476e-06,2.000740599719895e-06,0.00685052781927895
angle,4,shoulder_rotation,0.0,0.0,0.00685052781927895
angle,4,time_to_peak_velocity,0.0,0.0,0.00685052781927895
angle,4,velocity_magnitude_release,-4.333056774678071e-06,8.666113549356142e-06,0.00685052781927895
angle,4,wrist_snap_angle,0.0,0.0,0.00685052781927895
angle,4,wrist_vx_release,6.7997936634083555e-06,2.867410392305065e-05,0.00685052781927895
angle,4,wrist_vy_release,0.0,0.0,0.00685052781927895
angle,4,wrist_vz_release,4.390326817527331e-06,8.780653635054662e-06,0.00685052781927895
angle,4,wrist_x_release,0.0,0.0,0.00685052781927895
angle,4,wrist_y_release,0.0,0.0,0.00685052781927895
angle,4,wrist_z_release,0.0,0.0,0.00685052781927895
depth,4,acceleration_at_release,7.789062873426317e-07,1.5578125746852634e-06,0.009628445432544656
depth,4,arm_extension_angle,2.045950747592053e-06,4.091901495184106e-06,0.009628445432544656
depth,4,arm_plane_angle,-9.658364377908429e-05,0.0001326663774534624,0.009628445432544656
depth,4,azimuth_angle,-1.866792009518209e-05,3.7306122242254735e-05,0.009628445432544656
depth,4,elbow_alignment,-1.4556296112195586e-05,0.0001495475658319535,0.009628445432544656
depth,4,elbow_height_relative,0.0,0.0,0.009628445432544656
depth,4,elevation_angle,0.0,0.0,0.009628445432544656
depth,4,forward_position,2.3322566281200562e-05,5.362746752054164e-05,0.009628445432544656
depth,4,guide_hand_vx,0.00025257082037293183,0.0005600837092124681,0.009628445432544656
depth,4,hip_lateral_range,0.0001562315264083871,0.00025193434080570987,0.009628445432544656
depth,4,hip_vertical_velocity_max,0.0,0.0,0.009628445432544656
depth,4,jerk_at_release,0.0,0.0,0.009628445432544656
depth,4,knee_bend_depth,-1.5778091000650158e-06,2.8720063667050967e-06,0.009628445432544656
depth,4,knee_extension_rate_max,0.0,0.0,0.009628445432544656
depth,4,lateral_offset,0.0,0.0,0.009628445432544656
depth,4,left_wrist_z_energy,-3.109363543159644e-05,6.587884577199412e-05,0.009628445432544656
depth,4,left_wrist_z_max,0.0,0.0,0.009628445432544656
depth,4,left_wrist_z_mean,-9.96386929816648e-06,1.992773859633296e-05,0.009628445432544656
depth,4,left_wrist_z_min,-0.00012895040962167218,0.0003103946279775212,0.009628445432544656
depth,4,left_wrist_z_q25,0.0,0.0,0.009628445432544656
depth,4,left_wrist_z_q75,0.00016525889924832573,9.242587113172326e-05,0.009628445432544656
depth,4,left_wrist_z_range,0.0,0.0,0.009628445432544656
depth,4,left_wrist_z_std,0.00019196193467317112,0.00012501533057655836,0.009628445432544656
depth,4,mid_hip_z_energy,0.0,0.0,0.009628445432544656
depth,4,mid_hip_z_max,0.0,0.0,0.009628445432544656
depth,4,mid_hip_z_mean,0.0,0.0,0.009628445432544656
depth,4,mid_hip_z_min,2.617507186120314e-06,5.235014372240628e-06,0.009628445432544656
depth,4,mid_hip_z_q25,-0.00016054388248833116,0.00032450331828281907,0.009628445432544656
depth,4,mid_hip_z_q75,-1.7600406394121386e-05,1.9537466932475906e-05,0.009628445432544656
depth,4,mid_hip_z_range,0.0,0.0,0.009628445432544656
depth,4,mid_hip_z_std,2.636255719430716e-05,5.272511438861432e-05,0.009628445432544656
depth,4,neck_z_energy,7.465575526296082e-09,1.4931151052592165e-08,0.009628445432544656
depth,4,neck_z_max,0.0,0.0,0.009628445432544656
depth,4,neck_z_mean,0.0,0.0,0.009628445432544656
depth,4,neck_z_min,-3.8033018505046845e-06,7.606603701009369e-06,0.009628445432544656
depth,4,neck_z_q25,0.0,0.0,0.009628445432544656
depth,4,neck_z_q75,0.0,0.0,0.009628445432544656
depth,4,neck_z_range,0.0,0.0,0.009628445432544656
depth,4,neck_z_std,-1.249239070041814e-06,2.498478140083628e-06,0.009628445432544656
depth,4,participant_1,0.0,0.0,0.009628445432544656
depth,4,participant_2,0.0,0.0,0.009628445432544656
depth,4,participant_3,0.0,0.0,0.009628445432544656
depth,4,participant_4,0.0,0.0,0.009628445432544656
depth,4,participant_5,0.0,0.0,0.009628445432544656
depth,4,participant_id,0.0,0.0,0.009628445432544656
depth,4,peak_velocity_magnitude,0.0,0.0,0.009628445432544656
depth,4,release_frame,1.4866273258850455e-05,2.4770703759601534e-05,0.009628445432544656
depth,4,release_height_relative,0.0,0.0,0.009628445432544656
depth,4,release_time,1.3654298525163597e-06,1.7395563669096068e-06,0.009628445432544656
depth,4,right_elbow_vel_load_mean,0.0008981548768997947,0.000787821906380704,0.009628445432544656
depth,4,right_elbow_vel_max,1.2461357990282741e-06,2.4922715980565483e-06,0.009628445432544656
depth,4,right_elbow_vel_max_time,0.0027105925816022806,0.0020551934415239804,0.009628445432544656
depth,4,right_elbow_vel_mean,-1.5552493274161954e-06,3.110498654832391e-06,0.009628445432544656
depth,4,right_elbow_vel_min,-4.009587662690226e-06,8.019175325380452e-06,0.009628445432544656
depth,4,right_elbow_vel_prep_mean,0.0,0.0,0.009628445432544656
depth,4,right_elbow_vel_prop_mean,0.0,0.0,0.009628445432544656
depth,4,right_elbow_vel_range,0.0,0.0,0.009628445432544656
depth,4,right_elbow_vel_release_mean,-3.3050201991782706e-05,5.183561210532441e-05,0.009628445432544656
depth,4,right_elbow_vel_std,0.0,0.0,0.009628445432544656
depth,4,right_elbow_z_energy,-3.46022492499036e-07,3.67464726942991e-05,0.009628445432544656
depth,4,right_elbow_z_max,0.0,0.0,0.009628445432544656
depth,4,right_elbow_z_mean,4.099917937171142e-05,7.905434431458107e-05,0.009628445432544656
depth,4,right_elbow_z_min,0.0,0.0,0.009628445432544656
depth,4,right_elbow_z_q25,-1.3641463776115429e-05,2.7900264388196727e-05,0.009628445432544656
depth,4,right_elbow_z_q75,4.159281374625269e-06,2.2253440709612364e-05,0.009628445432544656
depth,4,right_elbow_z_range,-3.294801304569208e-06,6.589602609138416e-06,0.009628445432544656
depth,4,right_elbow_z_std,7.0495968600967645e-06,1.1183935240982175e-05,0.009628445432544656
depth,4,right_hip_z_energy,0.0,0.0,0.009628445432544656
depth,4,right_hip_z_max,0.0,0.0,0.009628445432544656
depth,4,right_hip_z_mean,0.0,0.0,0.009628445432544656
depth,4,right_hip_z_min,0.0,0.0,0.009628445432544656
depth,4,right_hip_z_q25,-3.2967198366846046e-05,6.593439673369209e-05,0.009628445432544656
depth,4,right_hip_z_q75,-4.452822764357383e-05,0.0001376037819667148,0.009628445432544656
depth,4,right_hip_z_range,0.0,0.0,0.009628445432544656
depth,4,right_hip_z_std,-3.053240973325174e-07,6.106481946650347e-07,0.009628445432544656
depth,4,right_knee_vel_load_mean,6.026180160288788e-05,0.00010713762227342847,0.009628445432544656
depth,4,right_knee_vel_max,-4.123213299944695e-06,8.246426599889391e-06,0.009628445432544656
depth,4,right_knee_vel_max_time,8.965826282049024e-05,0.00010581934411294182,0.009628445432544656
depth,4,right_knee_vel_mean,-1.5716380526732915e-06,3.1537652973243615e-06,0.009628445432544656
depth,4,right_knee_vel_min,0.0,0.0,0.009628445432544656
depth,4,right_knee_vel_prep_mean,0.0,0.0,0.009628445432544656
depth,4,right_knee_vel_prop_mean,-7.090976033474634e-07,1.4181952066949268e-06,0.009628445432544656
depth,4,right_knee_vel_range,0.0,0.0,0.009628445432544656
depth,4,right_knee_vel_release_mean,0.0,0.0,0.009628445432544656
depth,4,right_knee_vel_std,0.0,0.0,0.009628445432544656
depth,4,right_knee_z_energy,-2.952669346909566e-05,0.00010392986757251485,0.009628445432544656
depth,4,right_knee_z_max,-7.988967826208504e-06,1.5977935652417008e-05,0.009628445432544656
depth,4,right_knee_z_mean,5.2683567568677946e-05,0.00014571892880287213,0.009628445432544656
depth,4,right_knee_z_min,0.0,0.0,0.009628445432544656
depth,4,right_knee_z_q25,1.756838576240603e-06,3.513677152481206e-06,0.009628445432544656
depth,4,right_knee_z_q75,0.0,0.0,0.009628445432544656
depth,4,right_knee_z_range,0.0,0.0,0.009628445432544656
depth,4,right_knee_z_std,0.0,0.0,0.009628445432544656
depth,4,right_shoulder_z_energy,0.0,0.0,0.009628445432544656
depth,4,right_shoulder_z_max,0.0,0.0,0.009628445432544656
depth,4,right_shoulder_z_mean,-4.65806934674314e-06,9.31613869348628e-06,0.009628445432544656
depth,4,right_shoulder_z_min,0.0,0.0,0.009628445432544656
depth,4,right_shoulder_z_q25,0.0,0.0,0.009628445432544656
depth,4,right_shoulder_z_q75,-6.1013657931152656e-06,1.2202731586230531e-05,0.009628445432544656
depth,4,right_shoulder_z_range,-7.1064303175790334e-06,1.4212860635158067e-05,0.009628445432544656
depth,4,right_shoulder_z_std,0.0,0.0,0.009628445432544656
depth,4,right_wrist_vel_load_mean,0.0002317426642725487,0.0003006470750940881,0.009628445432544656
depth,4,right_wrist_vel_max,0.0,0.0,0.009628445432544656
depth,4,right_wrist_vel_max_time,5.337681783407443e-07,1.0675363566814885e-06,0.009628445432544656
depth,4,right_wrist_vel_mean,0.00017585836362517623,0.0008535505925008324,0.009628445432544656
depth,4,right_wrist_vel_min,7.81707502649683e-07,1.563415005299366e-06,0.009628445432544656
depth,4,right_wrist_vel_prep_mean,0.0,0.0,0.009628445432544656
depth,4,right_wrist_vel_prop_mean,0.0,0.0,0.009628445432544656
depth,4,right_wrist_vel_range,0.0,0.0,0.009628445432544656
depth,4,right_wrist_vel_release_mean,5.586852109708539e-05,0.00014966713324105185,0.009628445432544656
depth,4,right_wrist_vel_std,-3.6851078027709595e-05,0.00013925713301123421,0.009628445432544656
depth,4,right_wrist_z_energy,2.318334153130185e-05,5.825789002509279e-05,0.009628445432544656
depth,4,right_wrist_z_max,0.0,0.0,0.009628445432544656
depth,4,right_wrist_z_mean,1.494417016151105e-05,3.02797251366043e-05,0.009628445432544656
depth,4,right_wrist_z_min,0.0,0.0,0.009628445432544656
depth,4,right_wrist_z_q25,0.0,0.0,0.009628445432544656
depth,4,right_wrist_z_q75,3.656321199201352e-06,1.2305903478887514e-05,0.009628445432544656
depth,4,right_wrist_z_range,1.1311321482919296e-05,2.0288940687426025e-05,0.009628445432544656
depth,4,right_wrist_z_std,-1.071285681306262e-05,1.568015472046927e-05,0.009628445432544656
depth,4,set_point_height,-0.0003182109182211968,0.00045353703327106977,0.009628445432544656
depth,4,set_position_stability,0.00046306790194928653,0.0008477303830667993,0.009628445432544656
depth,4,shoulder_elevation_rate,0.0,0.0,0.009628445432544656
depth,4,shoulder_rotation,-3.2805732896387433e-06,6.5611465792774866e-06,0.009628445432544656
depth,4,time_to_peak_velocity,0.0,0.0,0.009628445432544656
depth,4,velocity_magnitude_release,0.0,0.0,0.009628445432544656
depth,4,wrist_snap_angle,-7.321159768263382e-08,1.4642319536526764e-07,0.009628445432544656
depth,4,wrist_vx_release,2.5323593828000213e-06,5.0647187656000426e-06,0.009628445432544656
depth,4,wrist_vy_release,-2.7751873671352904e-06,4.2352773074620945e-06,0.009628445432544656
depth,4,wrist_vz_release,-3.0411178331749406e-05,4.819409234408653e-05,0.009628445432544656
depth,4,wrist_x_release,0.0,0.0,0.009628445432544656
depth,4,wrist_y_release,1.0017783714566982e-05,2.6470001062823805e-05,0.009628445432544656
depth,4,wrist_z_release,0.0,0.0,0.009628445432544656
left_right,4,acceleration_at_release,6.899912459700172e-05,0.00010182459068859337,0.013389970768576334
left_right,4,arm_extension_angle,-4.970639643703718e-07,9.941279287407437e-07,0.013389970768576334
left_right,4,arm_plane_angle,2.6499381887851634e-07,5.299876377570326e-07,0.013389970768576334
left_right,4,azimuth_angle,1.3747263909726545e-06,2.7494527819453093e-06,0.013389970768576334
left_right,4,elbow_alignment,1.1218271255066203e-05,2.2436542510132405e-05,0.013389970768576334
left_right,4,elbow_height_relative,-3.867740988520533e-07,7.735481977041066e-07,0.013389970768576334
left_right,4,elevation_angle,-2.4844208447867668e-05,4.9688416895735337e-05,0.013389970768576334
left_right,4,forward_position,-0.0005642516898406812,0.0016517491572284881,0.013389970768576334
left_right,4,guide_hand_vx,-3.470947766846926e-06,6.941895533693853e-06,0.013389970768576334
left_right,4,hip_lateral_range,-3.878094257591345e-05,9.514100099830306e-05,0.013389970768576334
left_right,4,hip_vertical_velocity_max,-8.526120109752615e-05,0.00013094069435493872,0.013389970768576334
left_right,4,jerk_at_release,3.679812772147683e-05,0.00015830640820804371,0.013389970768576334
left_right,4,knee_bend_depth,2.786014574838817e-05,3.117947593550861e-05,0.013389970768576334
left_right,4,knee_extension_rate_max,0.0,0.0,0.013389970768576334
left_right,4,lateral_offset,0.0,0.0,0.013389970768576334
left_right,4,left_wrist_z_energy,-7.483878129847682e-06,4.3633670642283224e-05,0.013389970768576334
left_right,4,left_wrist_z_max,-6.1569460591068504e-06,1.0016483392350325e-05,0.013389970768576334
left_right,4,left_wrist_z_mean,-1.4080909837340299e-05,5.1771811875367034e-05,0.013389970768576334
left_right,4,left_wrist_z_min,0.00010501931926867753,0.00015369930516853083,0.013389970768576334
left_right,4,left_wrist_z_q25,-1.5727755477016927e-05,3.1455510954033854e-05,0.013389970768576334
left_right,4,left_wrist_z_q75,1.0845780362641472e-05,2.1691560725282943e-05,0.013389970768576334
left_right,4,left_wrist_z_range,-9.159889109567805e-05,0.0001831977821913561,0.013389970768576334
left_right,4,left_wrist_z_std,1.6802825575291482e-05,6.437619300779502e-05,0.013389970768576334
left_right,4,mid_hip_z_energy,-3.2799927322853016e-05,6.559985464570603e-05,0.013389970768576334
left_right,4,mid_hip_z_max,0.0,0.0,0.013389970768576334
left_right,4,mid_hip_z_mean,-3.4493238278286706e-05,6.898647655657341e-05,0.013389970768576334
left_right,4,mid_hip_z_min,7.261852835714032e-05,0.0001262262560880836,0.013389970768576334
left_right,4,mid_hip_z_q25,0.0,0.0,0.013389970768576334
left_right,4,mid_hip_z_q75,-6.506649105728323e-05,0.0001301329821145665,0.013389970768576334
left_right,4,mid_hip_z_range,0.0,0.0,0.013389970768576334
left_right,4,mid_hip_z_std,8.526260842727923e-05,0.0004349542628721602,0.013389970768576334
left_right,4,neck_z_energy,-8.226712405533012e-06,1.011571796536179e-05,0.013389970768576334
left_right,4,neck_z_max,0.0,0.0,0.013389970768576334
left_right,4,neck_z_mean,1.5274657311253186e-06,4.6197098789875714e-06,0.013389970768576334
left_right,4,neck_z_min,-7.589507698488376e-05,9.149130628829683e-05,0.013389970768576334
left_right,4,neck_z_q25,0.0,0.0,0.013389970768576334
left_right,4,neck_z_q75,-1.4452050157933808e-05,5.253723931696967e-05,0.013389970768576334
left_right,4,neck_z_range,-3.6863611435584282e-06,7.372722287116856e-06,0.013389970768576334
left_right,4,neck_z_std,-9.265856608388357e-06,1.528115817893188e-05,0.013389970768576334
left_right,4,participant_1,0.0,0.0,0.013389970768576334
left_right,4,participant_2,0.0,0.0,0.013389970768576334
left_right,4,participant_3,0.0,0.0,0.013389970768576334
left_right,4,participant_4,0.0,0.0,0.013389970768576334
left_right,4,participant_5,0.0,0.0,0.013389970768576334
left_right,4,participant_id,0.0,0.0,0.013389970768576334
left_right,4,peak_velocity_magnitude,1.0741457398654477e-05,5.113019784545148e-05,0.013389970768576334
left_right,4,release_frame,7.604167007862598e-05,7.719972957551723e-05,0.013389970768576334
left_right,4,release_height_relative,-4.12564698371772e-06,8.25129396743544e-06,0.013389970768576334
left_right,4,release_time,5.001685762340165e-06,4.8864287834240885e-06,0.013389970768576334
left_right,4,right_elbow_vel_load_mean,0.0,0.0,0.013389970768576334
left_right,4,right_elbow_vel_max,0.0,0.0,0.013389970768576334
left_right,4,right_elbow_vel_max_time,0.0,0.0,0.013389970768576334
left_right,4,right_elbow_vel_mean,0.0,0.0,0.013389970768576334
left_right,4,right_elbow_vel_min,-6.996367068678108e-05,0.00016004304385530118,0.013389970768576334
left_right,4,right_elbow_vel_prep_mean,-5.871337906931488e-07,1.1742675813862976e-06,0.013389970768576334
left_right,4,right_elbow_vel_prop_mean,-2.1962251831456984e-05,7.569951743113855e-05,0.013389970768576334
left_right,4,right_elbow_vel_range,0.0,0.0,0.013389970768576334
left_right,4,right_elbow_vel_release_mean,6.943555664959411e-06,1.3887111329918824e-05,0.013389970768576334
left_right,4,right_elbow_vel_std,0.0,0.0,0.013389970768576334
left_right,4,right_elbow_z_energy,3.409408045903367e-06,6.818816091806735e-06,0.013389970768576334
left_right,4,right_elbow_z_max,0.0,0.0,0.013389970768576334
left_right,4,right_elbow_z_mean,3.6304238128894807e-06,7.260847625778962e-06,0.013389970768576334
left_right,4,right_elbow_z_min,-8.284332607692731e-06,1.6568665215385463e-05,0.013389970768576334
left_right,4,right_elbow_z_q25,-5.759800228557418e-05,8.557833144799225e-05,0.013389970768576334
left_right,4,right_elbow_z_q75,0.0,0.0,0.013389970768576334
left_right,4,right_elbow_z_range,-5.886778977893386e-06,1.1773557955786773e-05,0.013389970768576334
left_right,4,right_elbow_z_std,0.0,0.0,0.013389970768576334
left_right,4,right_hip_z_energy,0.0,0.0,0.013389970768576334
left_right,4,right_hip_z_max,0.0,0.0,0.013389970768576334
left_right,4,right_hip_z_mean,-1.2596058096543336e-05,2.5192116193086672e-05,0.013389970768576334
left_right,4,right_hip_z_min,-9.368231699670437e-06,2.2804422744086272e-05,0.013389970768576334
left_right,4,right_hip_z_q25,0.0,0.0,0.013389970768576334
left_right,4,right_hip_z_q75,-0.0002427947499468464,0.0004855894998936929,0.013389970768576334
left_right,4,right_hip_z_range,-7.3465359199528336e-06,1.4693071839905667e-05,0.013389970768576334
left_right,4,right_hip_z_std,-0.0003464401649157228,0.0009955067150619733,0.013389970768576334
left_right,4,right_knee_vel_load_mean,0.0,0.0,0.013389970768576334
left_right,4,right_knee_vel_max,-2.8100532602871642e-05,5.620106520574329e-05,0.013389970768576334
left_right,4,right_knee_vel_max_time,0.0,0.0,0.013389970768576334
left_right,4,right_knee_vel_mean,0.0,0.0,0.013389970768576334
left_right,4,right_knee_vel_min,0.0009731141457022532,0.0007131613263204148,0.013389970768576334
left_right,4,right_knee_vel_prep_mean,-4.8720875126135686e-06,9.80007265030108e-06,0.013389970768576334
left_right,4,right_knee_vel_prop_mean,-1.50274218883135e-05,3.0054843776627e-05,0.013389970768576334
left_right,4,right_knee_vel_range,0.0,0.0,0.013389970768576334
left_right,4,right_knee_vel_release_mean,0.0,0.0,0.013389970768576334
left_right,4,right_knee_vel_std,-7.602203790487936e-05,0.00015204407580975875,0.013389970768576334
left_right,4,right_knee_z_energy,-0.00017056653499234405,0.00034113306998468816,0.013389970768576334
left_right,4,right_knee_z_max,0.0,0.0,0.013389970768576334
left_right,4,right_knee_z_mean,0.0,0.0,0.013389970768576334
left_right,4,right_knee_z_min,0.0,0.0,0.013389970768576334
left_right,4,right_knee_z_q25,0.0,0.0,0.013389970768576334
left_right,4,right_knee_z_q75,7.773164044854591e-06,1.5546328089709185e-05,0.013389970768576334
left_right,4,right_knee_z_range,0.0,0.0,0.013389970768576334
left_right,4,right_knee_z_std,0.0,0.0,0.013389970768576334
left_right,4,right_shoulder_z_energy,-1.6796620427675147e-06,3.3593240855350294e-06,0.013389970768576334
left_right,4,right_shoulder_z_max,0.0,0.0,0.013389970768576334
left_right,4,right_shoulder_z_mean,-2.0824954850165675e-06,4.164990970033135e-06,0.013389970768576334
left_right,4,right_shoulder_z_min,-3.5161135254794856e-05,0.00011158561679946382,0.013389970768576334
left_right,4,right_shoulder_z_q25,0.0,0.0,0.013389970768576334
left_right,4,right_shoulder_z_q75,7.413598764745057e-07,1.4827197529490111e-06,0.013389970768576334
left_right,4,right_shoulder_z_range,0.0,0.0,0.013389970768576334
left_right,4,right_shoulder_z_std,-1.2731737495702902e-05,3.107999892180583e-05,0.013389970768576334
left_right,4,right_wrist_vel_load_mean,-1.9093713852914628e-05,3.128419139178481e-05,0.013389970768576334
left_right,4,right_wrist_vel_max,0.00019796306287399738,0.0002233896706080953,0.013389970768576334
left_right,4,right_wrist_vel_max_time,-1.0612189917577168e-07,4.609689747022518e-06,0.013389970768576334
left_right,4,right_wrist_vel_mean,0.00036628831755386416,0.0004017370490477808,0.013389970768576334
left_right,4,right_wrist_vel_min,0.0,0.0,0.013389970768576334
left_right,4,right_wrist_vel_prep_mean,5.161733138738661e-06,1.0323466277477322e-05,0.013389970768576334
left_right,4,right_wrist_vel_prop_mean,-3.818106216290409e-05,7.468976649072846e-05,0.013389970768576334
left_right,4,right_wrist_vel_range,6.225131058964353e-05,0.00042886547963781537,0.013389970768576334
left_right,4,right_wrist_vel_release_mean,3.8002520646012357e-07,7.600504129202471e-07,0.013389970768576334
left_right,4,right_wrist_vel_std,0.0014700876332670557,0.0015080394970035534,0.013389970768576334
left_right,4,right_wrist_z_energy,-3.6464536927990433e-06,7.292907385598087e-06,0.013389970768576334
left_right,4,right_wrist_z_max,0.0,0.0,0.013389970768576334
left_right,4,right_wrist_z_mean,0.0,0.0,0.013389970768576334
left_right,4,right_wrist_z_min,-4.009225986011701e-05,8.94057932495178e-05,0.013389970768576334
left_right,4,right_wrist_z_q25,1.4901888121651601e-05,2.3924527055307946e-05,0.013389970768576334
left_right,4,right_wrist_z_q75,0.0,0.0,0.013389970768576334
left_right,4,right_wrist_z_range,5.956401792127236e-05,0.00019759549784827916,0.013389970768576334
left_right,4,right_wrist_z_std,0.00018167223946108184,0.000172039568275756,0.013389970768576334
left_right,4,set_point_height,-5.907900493559449e-05,0.00010181201167618098,0.013389970768576334
left_right,4,set_position_stability,5.344825950999445e-06,1.6188489113253264e-05,0.013389970768576334
left_right,4,shoulder_elevation_rate,8.207208630816454e-06,0.00012432890528668786,0.013389970768576334
left_right,4,shoulder_rotation,8.129205946530554e-06,1.4396834623497673e-05,0.013389970768576334
left_right,4,time_to_peak_velocity,8.285910616245145e-06,1.6571821232490287e-05,0.013389970768576334
left_right,4,velocity_magnitude_release,-4.470055607738721e-06,4.3311070308300925e-06,0.013389970768576334
left_right,4,wrist_snap_angle,0.00010827480969010952,0.0003305601193334303,0.013389970768576334
left_right,4,wrist_vx_release,-2.139837522763255e-06,4.2796750455265105e-06,0.013389970768576334
left_right,4,wrist_vy_release,2.6007095831532868e-06,5.2014191663065736e-06,0.013389970768576334
left_right,4,wrist_vz_release,6.470531647690818e-05,8.823005249307106e-05,0.013389970768576334
left_right,4,wrist_x_release,-3.384475906186244e-06,6.768951812372488e-06,0.013389970768576334
left_right,4,wrist_y_release,-3.1726056278551014e-05,0.00018874837583503115,0.013389970768576334
left_right,4,wrist_z_release,-2.7740719365463664e-07,5.548143873092734e-07,0.013389970768576334
angle,5,acceleration_at_release,0.0,0.0,0.01828630496635878
angle,5,arm_extension_angle,-8.755714265282303e-05,0.0001356198666150106,0.01828630496635878
angle,5,arm_plane_angle,4.141786172851223e-06,1.7016993246842857e-05,0.01828630496635878
angle,5,azimuth_angle,-1.0578987817995895e-05,3.3962234328421234e-05,0.01828630496635878
angle,5,elbow_alignment,-1.963125394360369e-06,6.331958178892026e-06,0.01828630496635878
angle,5,elbow_height_relative,-2.8673659003391334e-05,5.0013014832254955e-05,0.01828630496635878
angle,5,elevation_angle,1.3353971061296974e-05,2.670794212259395e-05,0.01828630496635878
angle,5,forward_position,-1.4480547591957479e-06,3.092673512274675e-05,0.01828630496635878
angle,5,guide_hand_vx,-1.96000143907841e-06,6.207428795220531e-05,0.01828630496635878
angle,5,hip_lateral_range,-9.250739397302069e-06,8.394692282518271e-05,0.01828630496635878
angle,5,hip_vertical_velocity_max,-3.018828768390954e-06,6.037657536781908e-06,0.01828630496635878
angle,5,jerk_at_release,0.00022707638666893994,0.0005713428120279308,0.01828630496635878
angle,5,knee_bend_depth,-0.0003216704494155508,0.000442143327863822,0.01828630496635878
angle,5,knee_extension_rate_max,-0.00016042286926325696,0.00025667576481674747,0.01828630496635878
angle,5,lateral_offset,-5.163146674932775e-07,1.5045974397380927e-06,0.01828630496635878
angle,5,left_wrist_z_energy,5.382466299193635e-05,5.967510390653065e-05,0.01828630496635878
angle,5,left_wrist_z_max,0.00013348369691651242,0.0002703817596530232,0.01828630496635878
angle,5,left_wrist_z_mean,5.367783225404901e-05,8.478965854417127e-05,0.01828630496635878
angle,5,left_wrist_z_min,0.00047614729963234883,0.0013537102851940252,0.01828630496635878
angle,5,left_wrist_z_q25,-1.6032442551014666e-06,6.401334994880225e-06,0.01828630496635878
angle,5,left_wrist_z_q75,0.0,0.0,0.01828630496635878
angle,5,left_wrist_z_range,-4.861160600236567e-06,9.722321200473135e-06,0.01828630496635878
angle,5,left_wrist_z_std,-8.088346375313831e-05,0.00011904730563849334,0.01828630496635878
angle,5,mid_hip_z_energy,1.2714314516414197e-05,3.690577661291615e-05,0.01828630496635878
angle,5,mid_hip_z_max,2.8555522985608076e-06,6.133763881683232e-06,0.01828630496635878
angle,5,mid_hip_z_mean,0.0,0.0,0.01828630496635878
angle,5,mid_hip_z_min,-5.46288501121228e-05,0.00011030714782341035,0.01828630496635878
angle,5,mid_hip_z_q25,-3.359796783641844e-06,6.683085174834184e-06,0.01828630496635878
angle,5,mid_hip_z_q75,-2.5339903235319674e-05,3.826926327322637e-05,0.01828630496635878
angle,5,mid_hip_z_range,0.0,0.0,0.01828630496635878
angle,5,mid_hip_z_std,7.750077690293437e-06,2.5215310523937034e-05,0.01828630496635878
angle,5,neck_z_energy,2.7341732938979706e-05,7.951806140352547e-05,0.01828630496635878
angle,5,neck_z_max,0.0,0.0,0.01828630496635878
angle,5,neck_z_mean,-0.00012777740357216872,0.00018764421111080605,0.01828630496635878
angle,5,neck_z_min,0.0,0.0,0.01828630496635878
angle,5,neck_z_q25,-1.2863770832114222e-05,2.572754166422844e-05,0.01828630496635878
angle,5,neck_z_q75,-3.018117405557558e-05,6.372100481965181e-05,0.01828630496635878
angle,5,neck_z_range,-9.111753326607094e-05,0.00018223506653214188,0.01828630496635878
angle,5,neck_z_std,0.0,0.0,0.01828630496635878
angle,5,participant_1,0.0,0.0,0.01828630496635878
angle,5,participant_2,0.0,0.0,0.01828630496635878
angle,5,participant_3,0.0,0.0,0.01828630496635878
angle,5,participant_4,0.0,0.0,0.01828630496635878
angle,5,participant_5,0.0,0.0,0.01828630496635878
angle,5,participant_id,0.0,0.0,0.01828630496635878
angle,5,peak_velocity_magnitude,-1.614061177302439e-05,2.746005182520471e-05,0.01828630496635878
angle,5,release_frame,3.699921964881471e-05,7.399843929762942e-05,0.01828630496635878
angle,5,release_height_relative,0.0,0.0,0.01828630496635878
angle,5,release_time,0.0,0.0,0.01828630496635878
angle,5,right_elbow_vel_load_mean,-0.00010322989036709342,0.00022978303473238863,0.01828630496635878
angle,5,right_elbow_vel_max,-3.1261093046115745e-05,2.2752903770330162e-05,0.01828630496635878
angle,5,right_elbow_vel_max_time,0.0008872572747321122,0.0013109565513812964,0.01828630496635878
angle,5,right_elbow_vel_mean,-0.00011590412525560555,0.00031784914036844667,0.01828630496635878
angle,5,right_elbow_vel_min,1.2686337777044939e-06,2.5372675554089877e-06,0.01828630496635878
angle,5,right_elbow_vel_prep_mean,-5.76243461525817e-05,8.37591402619104e-05,0.01828630496635878
angle,5,right_elbow_vel_prop_mean,3.5094352985687536e-06,7.018870597137507e-06,0.01828630496635878
angle,5,right_elbow_vel_range,-1.8443378028558156e-05,3.3997318727806775e-05,0.01828630496635878
angle,5,right_elbow_vel_release_mean,-8.596739983474031e-05,0.00015292608527326006,0.01828630496635878
angle,5,right_elbow_vel_std,-5.937949382939117e-06,1.8143265099633488e-05,0.01828630496635878
angle,5,right_elbow_z_energy,1.3908132326182395e-07,2.7816264652364785e-07,0.01828630496635878
angle,5,right_elbow_z_max,-2.7048095757641402e-05,8.274928361593226e-05,0.01828630496635878
angle,5,right_elbow_z_mean,4.906682767730208e-08,9.813365535460418e-08,0.01828630496635878
angle,5,right_elbow_z_min,2.873401995431615e-07,5.74680399086323e-07,0.01828630496635878
angle,5,right_elbow_z_q25,9.516486908448204e-06,1.1873671432133857e-05,0.01828630496635878
angle,5,right_elbow_z_q75,-3.2974088134793877e-06,6.594817626958775e-06,0.01828630496635878
angle,5,right_elbow_z_range,0.0003829904632599383,0.0004938842218349564,0.01828630496635878
angle,5,right_elbow_z_std,0.0,0.0,0.01828630496635878
angle,5,right_hip_z_energy,-3.4894513619692508e-06,6.6609116712749525e-06,0.01828630496635878
angle,5,right_hip_z_max,0.0,0.0,0.01828630496635878
angle,5,right_hip_z_mean,0.0,0.0,0.01828630496635878
angle,5,right_hip_z_min,-1.9742779252240536e-05,3.948555850448107e-05,0.01828630496635878
angle,5,right_hip_z_q25,-2.765170845401681e-05,5.581072970814354e-05,0.01828630496635878
angle,5,right_hip_z_q75,-1.2549386515974445e-05,1.591069910020467e-05,0.01828630496635878
angle,5,right_hip_z_range,0.0,0.0,0.01828630496635878
angle,5,right_hip_z_std,-1.0654801160022108e-05,2.1309602320044215e-05,0.01828630496635878
angle,5,right_knee_vel_load_mean,-0.0002131006718762321,0.0004170489736732725,0.01828630496635878
angle,5,right_knee_vel_max,0.0,0.0,0.01828630496635878
angle,5,right_knee_vel_max_time,-8.737206884623811e-05,0.00017474413769247621,0.01828630496635878
angle,5,right_knee_vel_mean,0.0002607403439325067,0.0005348589878207668,0.01828630496635878
angle,5,right_knee_vel_min,8.681828530985222e-05,0.0002524177941376398,0.01828630496635878
angle,5,right_knee_vel_prep_mean,2.2356692282843314e-06,4.471338456568663e-06,0.01828630496635878
angle,5,right_knee_vel_prop_mean,6.021765001683799e-06,6.533661344484443e-05,0.01828630496635878
angle,5,right_knee_vel_range,-1.7992053088544219e-06,3.598410617708844e-06,0.01828630496635878
angle,5,right_knee_vel_release_mean,0.00018133044780835398,0.0004305879788364047,0.01828630496635878
angle,5,right_knee_vel_std,-9.088611636862536e-05,0.00018177223273725072,0.01828630496635878
angle,5,right_knee_z_energy,8.302986086755263e-06,0.00017972508735074926,0.01828630496635878
angle,5,right_knee_z_max,-5.451333115713783e-06,2.6835258786191108e-05,0.01828630496635878
angle,5,right_knee_z_mean,9.026269692123437e-06,3.7780917644877864e-05,0.01828630496635878
angle,5,right_knee_z_min,0.00010630648102615166,0.00025258667127454697,0.01828630496635878
angle,5,right_knee_z_q25,7.378100554246333e-05,0.00012474379132121333,0.01828630496635878
angle,5,right_knee_z_q75,-5.618534697878508e-06,1.1237069395757017e-05,0.01828630496635878
angle,5,right_knee_z_range,8.802593815210218e-05,0.0017946926789243153,0.01828630496635878
angle,5,right_knee_z_std,0.0,0.0,0.01828630496635878
angle,5,right_shoulder_z_energy,-0.00012230351482668658,0.00015416665861567726,0.01828630496635878
angle,5,right_shoulder_z_max,0.0,0.0,0.01828630496635878
angle,5,right_shoulder_z_mean,-0.00021057131461938252,0.0003948076217943299,0.01828630496635878
angle,5,right_shoulder_z_min,9.868741335167705e-07,1.9737482670335405e-06,0.01828630496635878
angle,5,right_shoulder_z_q25,0.0,0.0,0.01828630496635878
angle,5,right_shoulder_z_q75,-1.596843918240248e-05,1.5073536212326439e-05,0.01828630496635878
angle,5,right_shoulder_z_range,-6.389679768783092e-06,1.2779359537566185e-05,0.01828630496635878
angle,5,right_shoulder_z_std,-2.733387399556399e-05,5.466774799112798e-05,0.01828630496635878
angle,5,right_wrist_vel_load_mean,-1.2080695267792376e-05,2.1979488113710123e-05,0.01828630496635878
angle,5,right_wrist_vel_max,-1.7665761391471672e-05,3.546728381615384e-05,0.01828630496635878
angle,5,right_wrist_vel_max_time,0.0,0.0,0.01828630496635878
angle,5,right_wrist_vel_mean,-0.00010455658390964493,0.0005129342992885091,0.01828630496635878
angle,5,right_wrist_vel_min,0.0,0.0,0.01828630496635878
angle,5,right_wrist_vel_prep_mean,-1.816740946560444e-06,4.1271461016119125e-05,0.01828630496635878
angle,5,right_wrist_vel_prop_mean,1.1794140065713814e-06,1.0014211129880036e-05,0.01828630496635878
angle,5,right_wrist_vel_range,-3.23022878157229e-06,8.563080945893588e-06,0.01828630496635878
angle,5,right_wrist_vel_release_mean,-8.253963767551527e-05,0.00018909295620356663,0.01828630496635878
angle,5,right_wrist_vel_std,-1.7355537251765214e-06,3.4711074503530423e-06,0.01828630496635878
angle,5,right_wrist_z_energy,0.0002461309297909625,0.0003514933382970755,0.01828630496635878
angle,5,right_wrist_z_max,-2.0594677695743442e-05,4.118935539148689e-05,0.01828630496635878
angle,5,right_wrist_z_mean,7.057837235058076e-05,0.00010560819030151288,0.01828630496635878
angle,5,right_wrist_z_min,1.612387624607299e-05,0.00011254117767605168,0.01828630496635878
angle,5,right_wrist_z_q25,-0.00012112886990799446,0.0001714612943801419,0.01828630496635878
angle,5,right_wrist_z_q75,2.9575041064142105e-05,6.0727692935807614e-05,0.01828630496635878
angle,5,right_wrist_z_range,1.8049650122112655e-07,3.671348606762183e-05,0.01828630496635878
angle,5,right_wrist_z_std,7.651572172895128e-06,1.5303144345790257e-05,0.01828630496635878
angle,5,set_point_height,-8.544555656517297e-05,0.00011592723967295477,0.01828630496635878
angle,5,set_position_stability,-1.3745909847857549e-05,2.213668323771393e-05,0.01828630496635878
angle,5,shoulder_elevation_rate,-9.461561818280054e-06,1.2930215431322234e-05,0.01828630496635878
angle,5,shoulder_rotation,5.81970243661335e-06,6.5248020513786e-05,0.01828630496635878
angle,5,time_to_peak_velocity,0.0,0.0,0.01828630496635878
angle,5,velocity_magnitude_release,0.0,0.0,0.01828630496635878
angle,5,wrist_snap_angle,-5.685316163952839e-06,1.8806010524379226e-05,0.01828630496635878
angle,5,wrist_vx_release,-3.3255598006238366e-05,5.198137902030354e-05,0.01828630496635878
angle,5,wrist_vy_release,6.976520419331446e-07,1.023164396261175e-05,0.01828630496635878
angle,5,wrist_vz_release,-4.557999516632804e-05,9.544178482150338e-05,0.01828630496635878
angle,5,wrist_x_release,-1.940588162508648e-05,2.954954018228206e-05,0.01828630496635878
angle,5,wrist_y_release,9.753034864013142e-06,1.9583686235333815e-05,0.01828630496635878
angle,5,wrist_z_release,7.005735096777173e-06,1.4011470193554346e-05,0.01828630496635878
depth,5,acceleration_at_release,-6.930501986179537e-05,0.0001441757841542696,0.024900376426739174
depth,5,arm_extension_angle,5.559682414553827e-05,6.401124479101022e-05,0.024900376426739174
depth,5,arm_plane_angle,0.0002193065316206528,0.00040070846390334033,0.024900376426739174
depth,5,azimuth_angle,3.875576705930269e-05,0.00013782041445523327,0.024900376426739174
depth,5,elbow_alignment,0.0,0.0,0.024900376426739174
depth,5,elbow_height_relative,-0.00010333748550134432,0.00020667497100268863,0.024900376426739174
depth,5,elevation_angle,0.0,0.0,0.024900376426739174
depth,5,forward_position,2.070093583485511e-05,0.0009140943561334854,0.024900376426739174
depth,5,guide_hand_vx,2.2286264590706816e-06,4.457252918141363e-06,0.024900376426739174
depth,5,hip_lateral_range,-2.9842744285409295e-05,5.968548857081859e-05,0.024900376426739174
depth,5,hip_vertical_velocity_max,-2.0700621729902633e-05,4.974008629312296e-05,0.024900376426739174
depth,5,jerk_at_release,2.7896883475640734e-05,0.00036584109993560325,0.024900376426739174
depth,5,knee_bend_depth,-0.00012364329373986126,0.00032392091266950784,0.024900376426739174
depth,5,knee_extension_rate_max,3.964601922895571e-05,8.445928644284188e-05,0.024900376426739174
depth,5,lateral_offset,0.00019657448130682063,0.0003301913062631192,0.024900376426739174
depth,5,left_wrist_z_energy,5.885662081821554e-05,0.00011771324163643108,0.024900376426739174
depth,5,left_wrist_z_max,0.0,0.0,0.024900376426739174
depth,5,left_wrist_z_mean,1.1733707493750966e-06,7.1170177096402396e-06,0.024900376426739174
depth,5,left_wrist_z_min,-6.515005597707303e-05,0.00022206891078615522,0.024900376426739174
depth,5,left_wrist_z_q25,-2.5000119227490868e-06,2.1414012413312266e-05,0.024900376426739174
depth,5,left_wrist_z_q75,0.00013386678278964336,0.00026773356557928667,0.024900376426739174
depth,5,left_wrist_z_range,-2.851195926161185e-07,3.6653820599919145e-06,0.024900376426739174
depth,5,left_wrist_z_std,9.760010399609855e-06,5.212474497350198e-05,0.024900376426739174
depth,5,mid_hip_z_energy,1.7097231480768064e-06,3.4194462961536133e-06,0.024900376426739174
depth,5,mid_hip_z_max,-3.164676184109044e-05,7.56526042325388e-05,0.024900376426739174
depth,5,mid_hip_z_mean,0.0,0.0,0.024900376426739174
depth,5,mid_hip_z_min,4.7381260040159354e-05,6.412271388287558e-05,0.024900376426739174
depth,5,mid_hip_z_q25,3.0738184861519675e-06,2.1139628577683012e-05,0.024900376426739174
depth,5,mid_hip_z_q75,2.5005846851627416e-07,5.001169370325483e-07,0.024900376426739174
depth,5,mid_hip_z_range,6.329316614331753e-05,0.00012658633228663507,0.024900376426739174
depth,5,mid_hip_z_std,1.6923159026282357e-05,8.381367381591454e-05,0.024900376426739174
depth,5,neck_z_energy,-3.390718339153614e-05,4.9570389744396026e-05,0.024900376426739174
depth,5,neck_z_max,-2.150020659518979e-05,4.300041319037958e-05,0.024900376426739174
depth,5,neck_z_mean,-4.5408286637807724e-05,9.081657327561546e-05,0.024900376426739174
depth,5,neck_z_min,0.0,0.0,0.024900376426739174
depth,5,neck_z_q25,-2.2220509844363255e-05,5.619864566167762e-05,0.024900376426739174
depth,5,neck_z_q75,-4.7208315294191884e-05,0.0001401677137878412,0.024900376426739174
depth,5,neck_z_range,-4.4684219331886835e-06,2.1435107557861686e-05,0.024900376426739174
depth,5,neck_z_std,0.0,0.0,0.024900376426739174
depth,5,participant_1,0.0,0.0,0.024900376426739174
depth,5,participant_2,0.0,0.0,0.024900376426739174
depth,5,participant_3,0.0,0.0,0.024900376426739174
depth,5,participant_4,0.0,0.0,0.024900376426739174
depth,5,participant_5,0.0,0.0,0.024900376426739174
depth,5,participant_id,0.0,0.0,0.024900376426739174
depth,5,peak_velocity_magnitude,0.0,0.0,0.024900376426739174
depth,5,release_frame,-8.254899621425288e-06,3.180430884682266e-05,0.024900376426739174
depth,5,release_height_relative,0.0,0.0,0.024900376426739174
depth,5,release_time,1.762611221429085e-06,3.5252224428581698e-06,0.024900376426739174
depth,5,right_elbow_vel_load_mean,0.00410421862354311,0.0027681932580455727,0.024900376426739174
depth,5,right_elbow_vel_max,-0.00010950805287031188,0.0002097045946643482,0.024900376426739174
depth,5,right_elbow_vel_max_time,1.3494229229162263e-05,0.00035153217483426625,0.024900376426739174
depth,5,right_elbow_vel_mean,-0.0001635044397634711,0.0003310327451504297,0.024900376426739174
depth,5,right_elbow_vel_min,0.0008014167294189068,0.0016592667869504774,0.024900376426739174
depth,5,right_elbow_vel_prep_mean,0.0,0.0,0.024900376426739174
depth,5,right_elbow_vel_prop_mean,0.0,0.0,0.024900376426739174
depth,5,right_elbow_vel_range,-2.545050392583047e-05,5.090100785166094e-05,0.024900376426739174
depth,5,right_elbow_vel_release_mean,0.0,0.0,0.024900376426739174
depth,5,right_elbow_vel_std,1.1897103327528542e-05,2.543121655173545e-05,0.024900376426739174
depth,5,right_elbow_z_energy,-8.397518543605774e-06,1.6795037087211548e-05,0.024900376426739174
depth,5,right_elbow_z_max,7.335997984664306e-07,4.4704579379809866e-05,0.024900376426739174
depth,5,right_elbow_z_mean,-1.5575597113711798e-06,3.1151194227423596e-06,0.024900376426739174
depth,5,right_elbow_z_min,1.9675113701994594e-05,3.935022740398919e-05,0.024900376426739174
depth,5,right_elbow_z_q25,0.00024956557031252674,0.0004485028087562044,0.024900376426739174
depth,5,right_elbow_z_q75,-1.724188859419257e-05,1.6253584991079447e-05,0.024900376426739174
depth,5,right_elbow_z_range,-0.00014597141232891253,0.00028750823013493727,0.024900376426739174
depth,5,right_elbow_z_std,-0.0002592971005705245,0.00035649591505353053,0.024900376426739174
depth,5,right_hip_z_energy,0.0,0.0,0.024900376426739174
depth,5,right_hip_z_max,-6.0163163684101226e-05,9.929363354390691e-05,0.024900376426739174
depth,5,right_hip_z_mean,0.0,0.0,0.024900376426739174
depth,5,right_hip_z_min,-3.577304500678817e-06,1.359842456356839e-05,0.024900376426739174
depth,5,right_hip_z_q25,-1.849943095107627e-06,2.987684358878003e-05,0.024900376426739174
depth,5,right_hip_z_q75,2.711058973529912e-08,0.00018647061026262098,0.024900376426739174
depth,5,right_hip_z_range,-1.1445519160911457e-05,4.791493493536231e-05,0.024900376426739174
depth,5,right_hip_z_std,-0.00027026931395947816,0.000578532607355612,0.024900376426739174
depth,5,right_knee_vel_load_mean,-1.5030395156264559e-05,3.0060790312529114e-05,0.024900376426739174
depth,5,right_knee_vel_max,0.0,0.0,0.024900376426739174
depth,5,right_knee_vel_max_time,0.01091536426053143,0.0022580392590986096,0.024900376426739174
depth,5,right_knee_vel_mean,8.519509455786242e-07,1.7039018911572484e-06,0.024900376426739174
depth,5,right_knee_vel_min,-5.753189523538075e-06,1.1506379047076151e-05,0.024900376426739174
depth,5,right_knee_vel_prep_mean,-5.860165420636202e-05,9.95901516375771e-05,0.024900376426739174
depth,5,right_knee_vel_prop_mean,-0.0003489813885138614,0.0008335330604200304,0.024900376426739174
depth,5,right_knee_vel_range,0.0,0.0,0.024900376426739174
depth,5,right_knee_vel_release_mean,-1.522863171014276e-05,3.1930842125126334e-05,0.024900376426739174
depth,5,right_knee_vel_std,-2.734378147304743e-07,5.468756294609486e-07,0.024900376426739174
depth,5,right_knee_z_energy,-0.0001277913273341253,0.00021809669799103962,0.024900376426739174
depth,5,right_knee_z_max,-0.00015527517292814863,0.00019434858643768466,0.024900376426739174
depth,5,right_knee_z_mean,-1.4642856172286667e-05,1.793436562307976e-05,0.024900376426739174
depth,5,right_knee_z_min,-3.0585801279818524e-05,5.847477474340068e-05,0.024900376426739174
depth,5,right_knee_z_q25,2.1828010925203224e-06,2.8781745088960635e-06,0.024900376426739174
depth,5,right_knee_z_q75,-7.781601176910793e-06,0.00015277777674650223,0.024900376426739174
depth,5,right_knee_z_range,1.5587149531473553e-05,2.0752220574368494e-05,0.024900376426739174
depth,5,right_knee_z_std,-2.2987326010275257e-06,5.494821652616789e-05,0.024900376426739174
depth,5,right_shoulder_z_energy,0.0,0.0,0.024900376426739174
depth,5,right_shoulder_z_max,-1.8554171799640974e-06,2.3619098446400265e-06,0.024900376426739174
depth,5,right_shoulder_z_mean,-4.692627568320696e-06,9.385255136641392e-06,0.024900376426739174
depth,5,right_shoulder_z_min,4.174687481669122e-07,8.349374963338245e-07,0.024900376426739174
depth,5,right_shoulder_z_q25,-5.3272037526648267e-05,8.089343951218279e-05,0.024900376426739174
depth,5,right_shoulder_z_q75,0.00046574938731422567,0.0003544121565308645,0.024900376426739174
depth,5,right_shoulder_z_range,-0.00016212058163899608,0.00032424116327799216,0.024900376426739174
depth,5,right_shoulder_z_std,5.040757783287646e-07,1.0081515566575292e-06,0.024900376426739174
depth,5,right_wrist_vel_load_mean,0.00023229803920342727,0.0005319255189212198,0.024900376426739174
depth,5,right_wrist_vel_max,0.0,0.0,0.024900376426739174
depth,5,right_wrist_vel_max_time,7.912397638037046e-07,1.5824795276074093e-06,0.024900376426739174
depth,5,right_wrist_vel_mean,-8.056205692362022e-06,1.6112411384724044e-05,0.024900376426739174
depth,5,right_wrist_vel_min,-5.350089247201558e-05,0.00013772691704857896,0.024900376426739174
depth,5,right_wrist_vel_prep_mean,-1.3063564088533485e-07,2.612712817706697e-07,0.024900376426739174
depth,5,right_wrist_vel_prop_mean,0.0,0.0,0.024900376426739174
depth,5,right_wrist_vel_range,0.0,0.0,0.024900376426739174
depth,5,right_wrist_vel_release_mean,0.0,0.0,0.024900376426739174
depth,5,right_wrist_vel_std,-1.9526451435719165e-05,3.905290287143833e-05,0.024900376426739174
depth,5,right_wrist_z_energy,1.443267623069816e-05,2.8865352461396317e-05,0.024900376426739174
depth,5,right_wrist_z_max,0.00016802577825296647,0.00039143790524723634,0.024900376426739174
depth,5,right_wrist_z_mean,0.0,0.0,0.024900376426739174
depth,5,right_wrist_z_min,0.00022020991671378013,0.00039571417204408864,0.024900376426739174
depth,5,right_wrist_z_q25,-0.0003157488863528736,0.0005706700759333259,0.024900376426739174
depth,5,right_wrist_z_q75,-5.294184276035396e-05,0.00010588368552070791,0.024900376426739174
depth,5,right_wrist_z_range,7.410771347273563e-05,0.000138923653086467,0.024900376426739174
depth,5,right_wrist_z_std,-2.758722216956074e-07,5.517444433912148e-07,0.024900376426739174
depth,5,set_point_height,6.267349964224922e-05,9.779804539058349e-05,0.024900376426739174
depth,5,set_position_stability,1.9089962532132614e-06,3.817992506426523e-06,0.024900376426739174
depth,5,shoulder_elevation_rate,4.988915024389345e-07,7.445356844347875e-06,0.024900376426739174
depth,5,shoulder_rotation,-1.7504482420762246e-06,0.0001685956154102346,0.024900376426739174
depth,5,time_to_peak_velocity,0.0,0.0,0.024900376426739174
depth,5,velocity_magnitude_release,0.0,0.0,0.024900376426739174
depth,5,wrist_snap_angle,-0.0002727930888439036,0.0005876556143149589,0.024900376426739174
depth,5,wrist_vx_release,-1.6462681576346939e-06,3.2925363152693878e-06,0.024900376426739174
depth,5,wrist_vy_release,2.761459703124724e-05,3.219322753652852e-05,0.024900376426739174
depth,5,wrist_vz_release,1.7006172997819758e-06,9.908586080113655e-05,0.024900376426739174
depth,5,wrist_x_release,0.0,0.0,0.024900376426739174
depth,5,wrist_y_release,-3.803767053048637e-05,7.024306603821268e-05,0.024900376426739174
depth,5,wrist_z_release,0.0,0.0,0.024900376426739174
left_right,5,acceleration_at_release,0.0,0.0,0.011962265513510633
left_right,5,arm_extension_angle,0.0,0.0,0.011962265513510633
left_right,5,arm_plane_angle,1.358358750126742e-06,1.2746675334024804e-05,0.011962265513510633
left_right,5,azimuth_angle,-4.6952822084755e-07,9.390564416951e-07,0.011962265513510633
left_right,5,elbow_alignment,-3.070446879560769e-06,7.026716686413854e-06,0.011962265513510633
left_right,5,elbow_height_relative,0.0,0.0,0.011962265513510633
left_right,5,elevation_angle,-1.214838995925958e-05,7.490561030811821e-05,0.011962265513510633
left_right,5,forward_position,0.0009880075900590979,0.0007850316214078647,0.011962265513510633
left_right,5,guide_hand_vx,1.7579526422509957e-06,5.118073951596263e-06,0.011962265513510633
left_right,5,hip_lateral_range,0.00019866865044839747,0.00040009076844573144,0.011962265513510633
left_right,5,hip_vertical_velocity_max,-8.447332470073605e-05,0.00016894664940147214,0.011962265513510633
left_right,5,jerk_at_release,2.5809272381008275e-05,5.1618544762016556e-05,0.011962265513510633
left_right,5,knee_bend_depth,0.0,0.0,0.011962265513510633
left_right,5,knee_extension_rate_max,0.0,0.0,0.011962265513510633
left_right,5,lateral_offset,0.0,0.0,0.011962265513510633
left_right,5,left_wrist_z_energy,0.0,0.0,0.011962265513510633
left_right,5,left_wrist_z_max,1.674365291920212e-06,3.3487305838404234e-06,0.011962265513510633
left_right,5,left_wrist_z_mean,-4.640851728596995e-06,9.28170345719399e-06,0.011962265513510633
left_right,5,left_wrist_z_min,-2.468737097683973e-05,4.7829852516104727e-05,0.011962265513510633
left_right,5,left_wrist_z_q25,-0.00013775341444246977,0.0002467538114178951,0.011962265513510633
left_right,5,left_wrist_z_q75,0.0,0.0,0.011962265513510633
left_right,5,left_wrist_z_range,0.0001426038976663193,0.00024503752119039356,0.011962265513510633
left_right,5,left_wrist_z_std,0.0,0.0,0.011962265513510633
left_right,5,mid_hip_z_energy,-1.5065861952389542e-06,3.0131723904779085e-06,0.011962265513510633
left_right,5,mid_hip_z_max,-2.66708471944755e-06,5.3341694388951e-06,0.011962265513510633
left_right,5,mid_hip_z_mean,0.0,0.0,0.011962265513510633
left_right,5,mid_hip_z_min,2.2590696897883147e-06,4.518139379576629e-06,0.011962265513510633
left_right,5,mid_hip_z_q25,-6.593826970897887e-06,1.3187653941795775e-05,0.011962265513510633
left_right,5,mid_hip_z_q75,7.394998694552253e-05,0.0001268638653497716,0.011962265513510633
left_right,5,mid_hip_z_range,0.0,0.0,0.011962265513510633
left_right,5,mid_hip_z_std,-2.652738048197883e-06,1.480825305916864e-05,0.011962265513510633
left_right,5,neck_z_energy,0.0,0.0,0.011962265513510633
left_right,5,neck_z_max,0.0,0.0,0.011962265513510633
left_right,5,neck_z_mean,6.308691289811398e-06,1.2617382579622795e-05,0.011962265513510633
left_right,5,neck_z_min,-0.0001566262368129052,0.0005483583164602025,0.011962265513510633
left_right,5,neck_z_q25,-9.067405876055553e-06,1.7020816745640615e-05,0.011962265513510633
left_right,5,neck_z_q75,0.0,0.0,0.011962265513510633
left_right,5,neck_z_range,0.0,0.0,0.011962265513510633
left_right,5,neck_z_std,-6.209897196334663e-06,1.2419794392669326e-05,0.011962265513510633
left_right,5,participant_1,0.0,0.0,0.011962265513510633
left_right,5,participant_2,0.0,0.0,0.011962265513510633
left_right,5,participant_3,0.0,0.0,0.011962265513510633
left_right,5,participant_4,0.0,0.0,0.011962265513510633
left_right,5,participant_5,0.0,0.0,0.011962265513510633
left_right,5,participant_id,0.0,0.0,0.011962265513510633
left_right,5,peak_velocity_magnitude,3.5383269523158766e-05,6.332366151249175e-05,0.011962265513510633
left_right,5,release_frame,-0.00011109982359758498,0.00024246363872467176,0.011962265513510633
left_right,5,release_height_relative,1.0026866352721985e-06,2.005373270544397e-06,0.011962265513510633
left_right,5,release_time,-1.4641990631194857e-05,3.468115477520593e-05,0.011962265513510633
left_right,5,right_elbow_vel_load_mean,4.151441154428941e-06,8.302882308857881e-06,0.011962265513510633
left_right,5,right_elbow_vel_max,2.644787114142594e-05,2.4474729167283715e-05,0.011962265513510633
left_right,5,right_elbow_vel_max_time,0.0,0.0,0.011962265513510633
left_right,5,right_elbow_vel_mean,0.0,0.0,0.011962265513510633
left_right,5,right_elbow_vel_min,-2.6668148397451624e-05,9.29348987179319e-05,0.011962265513510633
left_right,5,right_elbow_vel_prep_mean,9.580800960007832e-05,7.878804087301411e-05,0.011962265513510633
left_right,5,right_elbow_vel_prop_mean,-7.0482678665120814e-06,1.4096535733024163e-05,0.011962265513510633
left_right,5,right_elbow_vel_range,-8.052351902938213e-06,3.1079064639345e-05,0.011962265513510633
left_right,5,right_elbow_vel_release_mean,-1.9567808808013813e-05,5.424089438692846e-05,0.011962265513510633
left_right,5,right_elbow_vel_std,4.124196855694504e-06,5.573047117791419e-05,0.011962265513510633
left_right,5,right_elbow_z_energy,0.0,0.0,0.011962265513510633
left_right,5,right_elbow_z_max,-4.886221806836936e-05,0.000119845170704486,0.011962265513510633
left_right,5,right_elbow_z_mean,0.0,0.0,0.011962265513510633
left_right,5,right_elbow_z_min,-1.680517948925616e-06,7.1719145556835245e-06,0.011962265513510633
left_right,5,right_elbow_z_q25,-1.463301836615119e-06,4.3742029085919656e-05,0.011962265513510633
left_right,5,right_elbow_z_q75,5.517314705849712e-06,1.4665470703883688e-05,0.011962265513510633
left_right,5,right_elbow_z_range,-1.3603596606511641e-06,2.7207193213023282e-06,0.011962265513510633
left_right,5,right_elbow_z_std,1.1271322400977988e-05,1.5107101648770858e-05,0.011962265513510633
left_right,5,right_hip_z_energy,0.0,0.0,0.011962265513510633
left_right,5,right_hip_z_max,-3.758568942489708e-06,7.517137884979417e-06,0.011962265513510633
left_right,5,right_hip_z_mean,0.0,0.0,0.011962265513510633
left_right,5,right_hip_z_min,-8.530464169573259e-06,1.2465962704941417e-05,0.011962265513510633
left_right,5,right_hip_z_q25,-3.3567195217619704e-05,6.713439043523941e-05,0.011962265513510633
left_right,5,right_hip_z_q75,-3.5187662958941976e-05,4.541849747553208e-05,0.011962265513510633
left_right,5,right_hip_z_range,0.0,0.0,0.011962265513510633
left_right,5,right_hip_z_std,1.1889370314336252e-05,2.3778740628672505e-05,0.011962265513510633
left_right,5,right_knee_vel_load_mean,3.6957086683673686e-05,0.00010777774501049051,0.011962265513510633
left_right,5,right_knee_vel_max,0.0,0.0,0.011962265513510633
left_right,5,right_knee_vel_max_time,-5.306001158669067e-05,7.798724330384045e-05,0.011962265513510633
left_right,5,right_knee_vel_mean,-5.544464106790881e-08,1.1088928213581762e-07,0.011962265513510633
left_right,5,right_knee_vel_min,-3.7931723366813165e-05,7.778060713412407e-05,0.011962265513510633
left_right,5,right_knee_vel_prep_mean,0.0,0.0,0.011962265513510633
left_right,5,right_knee_vel_prop_mean,6.68179241073382e-05,9.678408240754238e-05,0.011962265513510633
left_right,5,right_knee_vel_range,0.0,0.0,0.011962265513510633
left_right,5,right_knee_vel_release_mean,0.0,0.0,0.011962265513510633
left_right,5,right_knee_vel_std,-5.4944723376091145e-05,7.61204395260561e-05,0.011962265513510633
left_right,5,right_knee_z_energy,0.0,0.0,0.011962265513510633
left_right,5,right_knee_z_max,-0.0001007259500959352,0.0002014519001918704,0.011962265513510633
left_right,5,right_knee_z_mean,0.0,0.0,0.011962265513510633
left_right,5,right_knee_z_min,0.0,0.0,0.011962265513510633
left_right,5,right_knee_z_q25,6.16141972016055e-05,0.000123228394403211,0.011962265513510633
left_right,5,right_knee_z_q75,4.1559267572692056e-08,8.311853514538411e-08,0.011962265513510633
left_right,5,right_knee_z_range,6.474248689725126e-06,1.2948497379450254e-05,0.011962265513510633
left_right,5,right_knee_z_std,0.0,0.0,0.011962265513510633
left_right,5,right_shoulder_z_energy,0.0,0.0,0.011962265513510633
left_right,5,right_shoulder_z_max,0.0,0.0,0.011962265513510633
left_right,5,right_shoulder_z_mean,0.0,0.0,0.011962265513510633
left_right,5,right_shoulder_z_min,6.020999276379682e-05,0.0001020072116595193,0.011962265513510633
left_right,5,right_shoulder_z_q25,9.863854262733459e-08,6.92241101639602e-06,0.011962265513510633
left_right,5,right_shoulder_z_q75,-0.0002513340069959203,0.0006542942204094894,0.011962265513510633
left_right,5,right_shoulder_z_range,0.0,0.0,0.011962265513510633
left_right,5,right_shoulder_z_std,8.444417816711944e-06,1.1021055566482635e-05,0.011962265513510633
left_right,5,right_wrist_vel_load_mean,0.0,0.0,0.011962265513510633
left_right,5,right_wrist_vel_max,1.2878331795261426e-05,1.3177629884288961e-05,0.011962265513510633
left_right,5,right_wrist_vel_max_time,1.0108592821683519e-06,2.0217185643367033e-06,0.011962265513510633
left_right,5,right_wrist_vel_mean,-0.00011326360467212421,0.0009997554673768707,0.011962265513510633
left_right,5,right_wrist_vel_min,9.274245013137008e-06,1.4614824118851682e-05,0.011962265513510633
left_right,5,right_wrist_vel_prep_mean,6.403093586007194e-06,3.0907638001035704e-05,0.011962265513510633
left_right,5,right_wrist_vel_prop_mean,-3.5170942739795848e-06,0.00011483196412455673,0.011962265513510633
left_right,5,right_wrist_vel_range,0.0002729816339637909,0.000523808419090459,0.011962265513510633
left_right,5,right_wrist_vel_release_mean,4.151893162229798e-05,0.00033408983465085346,0.011962265513510633
left_right,5,right_wrist_vel_std,0.00011006812778543666,0.0002538552010177439,0.011962265513510633
left_right,5,right_wrist_z_energy,0.0,0.0,0.011962265513510633
left_right,5,right_wrist_z_max,-7.999797102925863e-05,0.0002302753062960358,0.011962265513510633
left_right,5,right_wrist_z_mean,0.0,0.0,0.011962265513510633
left_right,5,right_wrist_z_min,-4.396007380157742e-06,1.835758723581253e-05,0.011962265513510633
left_right,5,right_wrist_z_q25,-3.5105766115519145e-05,5.859302664310899e-05,0.011962265513510633
left_right,5,right_wrist_z_q75,6.366125553707429e-05,0.00012732251107414858,0.011962265513510633
left_right,5,right_wrist_z_range,2.660459616315106e-05,2.6418729150943834e-05,0.011962265513510633
left_right,5,right_wrist_z_std,1.2105376843085657e-05,1.6176445729635204e-05,0.011962265513510633
left_right,5,set_point_height,-2.294706062405209e-07,9.636338250557796e-07,0.011962265513510633
left_right,5,set_position_stability,-3.128454213398376e-05,0.00020521393168779607,0.011962265513510633
left_right,5,shoulder_elevation_rate,1.0519914772288685e-05,2.1605643334423532e-05,0.011962265513510633
left_right,5,shoulder_rotation,-7.415038021604925e-05,0.00010169957932814527,0.011962265513510633
left_right,5,time_to_peak_velocity,0.0,0.0,0.011962265513510633
left_right,5,velocity_magnitude_release,5.85618426561738e-06,8.603848623418995e-06,0.011962265513510633
left_right,5,wrist_snap_angle,0.00014292022660327542,0.00021152578673588746,0.011962265513510633
left_right,5,wrist_vx_release,-8.310694739867286e-07,1.6621389479734571e-06,0.011962265513510633
left_right,5,wrist_vy_release,0.004413939181100868,0.0039051480443197933,0.011962265513510633
left_right,5,wrist_vz_release,-4.999332990365373e-05,7.196159110099698e-05,0.011962265513510633
left_right,5,wrist_x_release,-1.104270082873717e-05,3.132563631001431e-05,0.011962265513510633
left_right,5,wrist_y_release,-0.00019806094191094332,0.00039250394784720046,0.011962265513510633
left_right,5,wrist_z_release,-9.721505412064722e-06,1.9183735548792494e-05,0.011962265513510633
