Keypoint,Start,End,Window,Test R²,Std
left_elbow_z,110,120,10,-0.060762655735015866,0.13273488464053332
left_wrist_z,110,115,5,-0.06307867288589478,0.12721542546591907
right_hip_z,110,115,5,-0.06526015043258666,0.11542030091128198
right_elbow_z,110,125,15,-0.06715896844863892,0.1319067910317173
left_elbow_z,110,115,5,-0.06821798086166382,0.12743738725739864
right_elbow_z,170,175,5,-0.06974279165267944,0.14609442662396402
left_wrist_z,110,120,10,-0.0701365351676941,0.12136174099944039
left_hip_z,110,115,5,-0.07019450902938842,0.11573415676661601
right_wrist_z,170,175,5,-0.07370102882385254,0.15785454742964689
left_wrist_z,100,125,25,-0.07383570909500121,0.12359329932031844
right_shoulder_z,170,180,10,-0.07392715692520141,0.12421224870358404
left_elbow_z,100,125,25,-0.07414546489715576,0.1295314266468735
right_wrist_z,100,125,25,-0.0741464114189148,0.12417990933657651
right_knee_z,110,115,5,-0.07513066291809083,0.11155320159292254
left_knee_z,110,115,5,-0.07538558959960938,0.11593028025732964
right_knee_z,110,125,15,-0.07549911975860596,0.11921549302621733
right_wrist_z,110,115,5,-0.07649440765380859,0.12060321023150275
right_wrist_z,100,130,30,-0.0765242600440979,0.120866499373141
right_elbow_z,110,120,10,-0.07667239427566529,0.12507990541344113
left_knee_z,110,120,10,-0.0767971658706665,0.11392334225783048
left_knee_z,110,125,15,-0.07746376991271972,0.11884346122815005
right_wrist_z,170,180,10,-0.07759705305099487,0.16616223094560753
right_ankle_z,170,215,45,-0.07782032620138317,0.12225228485298661
right_wrist_z,100,120,20,-0.07789709568023681,0.12490548277237845
right_elbow_z,160,180,20,-0.0780338430404663,0.1445637444942569
right_shoulder_z,170,185,15,-0.07805461168289185,0.11751367891967188
right_knee_z,110,120,10,-0.07806644678115844,0.11294853060058148
right_elbow_z,110,115,5,-0.07887542009353637,0.12337382087869181
right_hip_z,110,120,10,-0.0789709758758545,0.11832066461865257
left_elbow_z,110,125,15,-0.07921337366104125,0.12194519631879214
left_shoulder_z,150,205,55,-0.07921862125396728,0.11762627554363306
left_wrist_z,100,120,20,-0.07948926925659179,0.12363539299791801
left_hip_z,110,120,10,-0.07952746868133545,0.1211514739806637
left_shoulder_z,110,115,5,-0.07996440649032593,0.12368525495368479
right_knee_z,100,105,5,-0.07998257875442505,0.12980642585635035
right_ankle_z,110,125,15,-0.08034605026245117,0.10768711428997477
left_hip_z,130,135,5,-0.08041844844818115,0.12016311053935856
right_ankle_z,60,65,5,-0.08052286386489868,0.10536645633831036
left_knee_z,170,215,45,-0.0807388181299681,0.1236931297000292
left_knee_z,70,120,50,-0.08078556776046752,0.12093200784015329
left_hip_z,70,120,50,-0.08088197469711304,0.11591867068852363
right_elbow_z,170,180,10,-0.0809628939628601,0.1502350197691779
left_shoulder_z,110,120,10,-0.0809919786453247,0.12600718048797305
left_shoulder_z,140,150,10,-0.08101183414459229,0.1194306927840861
right_knee_z,170,215,45,-0.08137896531080745,0.12987660897878447
right_ankle_z,110,120,10,-0.08152441024780273,0.1098765105423304
right_wrist_z,110,120,10,-0.0815438985824585,0.11443801620030758
left_knee_z,130,135,5,-0.08171615839004516,0.11556085888624647
left_hip_z,110,125,15,-0.08186731338500977,0.12197744512435162
left_hip_z,70,115,45,-0.08200998306274414,0.11572099905305275
left_hip_z,120,140,20,-0.08202893018722535,0.12381803069106255
right_ankle_z,160,215,55,-0.0820730339299416,0.13450415626757387
left_elbow_z,140,145,5,-0.0820746374130249,0.12726961593018044
right_knee_z,90,125,35,-0.08211193799972534,0.11336713783143135
left_shoulder_z,140,145,5,-0.082180917263031,0.11774678562041467
right_hip_z,70,115,45,-0.08221123218536378,0.11440160387204065
right_elbow_z,160,175,15,-0.0822540020942688,0.13422256652964965
right_ankle_z,110,115,5,-0.08230571985244751,0.12265176197968265
right_shoulder_z,130,135,5,-0.08239055156707764,0.11751194023711306
right_wrist_z,90,130,40,-0.08251325845718384,0.11794704761744217
right_hip_z,70,120,50,-0.08260726451873779,0.1131563207632756
right_shoulder_z,110,115,5,-0.08264072418212891,0.12206152364029103
left_hip_z,60,70,10,-0.08265965223312378,0.10771075456177578
right_wrist_z,160,185,25,-0.08294126033782959,0.16377815255609224
right_knee_z,100,125,25,-0.08309428930282593,0.1127875801469853
right_knee_z,70,120,50,-0.08315949201583862,0.11621415408264968
right_wrist_z,160,180,20,-0.0831654953956604,0.15422148542266878
left_knee_z,70,125,55,-0.08320635795593262,0.11441408639767978
left_shoulder_z,130,135,5,-0.08320900440216064,0.11286712720503668
left_ankle_z,70,105,35,-0.08359605073928833,0.1015812167536011
right_shoulder_z,150,185,35,-0.08366664171218872,0.113279840328909
right_elbow_z,160,185,25,-0.08383240222930909,0.15054200063743634
right_shoulder_z,130,185,55,-0.083936185836792,0.12183642500159461
left_elbow_z,140,150,10,-0.08394727945327758,0.12205201111668407
right_shoulder_z,110,125,15,-0.08396921157836915,0.12725608788380272
right_elbow_z,130,135,5,-0.08401886940002441,0.11624642328343869
right_wrist_z,110,125,15,-0.08403871774673462,0.12012109711109988
right_hip_z,110,125,15,-0.08420645475387573,0.11990662604699188
right_elbow_z,140,185,45,-0.0842950701713562,0.13091605225224115
right_elbow_z,110,130,20,-0.08459075689315795,0.12371197807265835
left_hip_z,120,135,15,-0.08503365516662598,0.11915158381414036
right_elbow_z,160,215,55,-0.08511721182522149,0.13739223162750513
right_shoulder_z,110,120,10,-0.08514321088790894,0.12568863915954503
right_ankle_z,70,80,10,-0.08514375686645508,0.11520190363644782
right_wrist_z,100,115,15,-0.08521438121795655,0.11902588037011093
left_wrist_z,140,150,10,-0.08521828651428223,0.12430329493032805
left_ankle_z,110,115,5,-0.0854411005973816,0.11936677044489849
right_elbow_z,130,185,55,-0.08551862955093384,0.13368343680341274
right_hip_z,120,140,20,-0.08556325912475586,0.1242872929674801
left_shoulder_z,110,125,15,-0.0856788420677185,0.12263162990889044
right_knee_z,130,135,5,-0.08571631193161011,0.11933222807846494
right_hip_z,120,155,35,-0.08574141263961792,0.11667982263488155
right_wrist_z,140,185,45,-0.08577248096466064,0.15145120778164922
right_ankle_z,70,85,15,-0.08583221197128296,0.11219914106803242
right_shoulder_z,170,175,5,-0.08588186264038086,0.12294770415521725
right_hip_z,120,150,30,-0.08588248729705811,0.1196294661096735
left_elbow_z,160,175,15,-0.0860789656639099,0.14617392548168334
right_elbow_z,100,130,30,-0.08608071565628052,0.1280395112085087
right_knee_z,70,125,55,-0.086104998588562,0.11141035388664156
left_knee_z,140,145,5,-0.08610577583312988,0.10922935481931753
left_hip_z,120,145,25,-0.08611173868179321,0.13267464777233168
right_knee_z,140,145,5,-0.08613651752471924,0.1093489784920572
left_ankle_z,170,215,45,-0.08613707977430078,0.11942751199877502
right_hip_z,120,145,25,-0.08615135908126831,0.12892778301220903
right_knee_z,120,155,35,-0.08623917818069458,0.11256554942791304
right_knee_z,60,65,5,-0.08623956441879273,0.1078724225326245
left_hip_z,150,205,55,-0.08625721454620361,0.11456939019936516
right_wrist_z,170,185,15,-0.08629788637161255,0.16802694773051283
left_elbow_z,130,185,55,-0.08630326271057129,0.13776590492840238
left_hip_z,120,150,30,-0.08641764879226685,0.12192652656851176
left_shoulder_z,150,180,30,-0.08648130655288697,0.11037671394467771
right_wrist_z,90,125,35,-0.08648941278457642,0.11898351434290871
right_elbow_z,140,180,40,-0.08651124477386475,0.1224970662015299
right_elbow_z,130,180,50,-0.08658246517181396,0.12580537849843743
right_hip_z,120,135,15,-0.08658401250839233,0.11974072383526614
right_elbow_z,150,180,30,-0.08658942699432373,0.14087874745865378
right_wrist_z,60,95,35,-0.08670739889144898,0.11247841396411916
left_wrist_z,110,125,15,-0.08671083450317382,0.1226839466006711
left_knee_z,120,150,30,-0.08672067165374756,0.11935125072412955
right_knee_z,160,215,55,-0.08683431773993044,0.14619777538784204
left_knee_z,120,155,35,-0.08686507701873779,0.1127329551898348
left_shoulder_z,120,150,30,-0.08696479082107544,0.12391335644617771
right_ankle_z,170,210,40,-0.08698601007461548,0.12206928266879805
left_elbow_z,100,120,20,-0.08700692653656006,0.1239593005056397
left_shoulder_z,150,185,35,-0.08702485799789429,0.11471839446533758
left_wrist_z,140,145,5,-0.08711249113082886,0.12900338454168322
left_hip_z,140,145,5,-0.08714680194854736,0.11168424161649823
right_wrist_z,130,185,55,-0.08718346834182739,0.1521349251624776
left_elbow_z,100,135,35,-0.08730442762374878,0.12664911758883227
right_knee_z,120,150,30,-0.08738418817520141,0.1203999108179302
left_knee_z,140,150,10,-0.08739281892776489,0.10960553899273423
right_hip_z,130,135,5,-0.08740665435791016,0.11938366414457487
left_wrist_z,130,185,55,-0.08742847442626953,0.15342494049213604
left_hip_z,120,155,35,-0.08747157573699951,0.11785177598723792
left_elbow_z,130,180,50,-0.08749537229537964,0.1332791633943394
right_ankle_z,70,90,20,-0.0875687074661255,0.11481093991191876
right_knee_z,100,120,20,-0.08767707824707031,0.11589445205919305
left_knee_z,90,125,35,-0.08769087553024292,0.11463303550147179
right_wrist_z,60,90,30,-0.0877052903175354,0.11409800316965861
right_elbow_z,100,135,35,-0.08777001142501831,0.12211184261686794
right_ankle_z,90,100,10,-0.08780972480773926,0.11231517409424148
left_shoulder_z,70,120,50,-0.08791493654251098,0.12207325887914193
right_ankle_z,130,155,25,-0.0879180097579956,0.12483804230708716
right_wrist_z,60,80,20,-0.08793990850448609,0.11698640502252118
left_ankle_z,80,105,25,-0.08801592826843262,0.10732876486420002
right_elbow_z,140,145,5,-0.08804389953613281,0.12483472618516568
right_ankle_z,100,155,55,-0.08805083274841309,0.12352248248711847
left_wrist_z,90,125,35,-0.08806145906448365,0.1235607966150157
right_wrist_z,130,135,5,-0.08811410903930664,0.11418320725328758
left_wrist_z,160,215,55,-0.0882308580866447,0.13790466750908237
left_shoulder_z,160,215,55,-0.0882308703206084,0.14466872946739975
right_wrist_z,60,75,15,-0.08828257322311402,0.11141232414699467
right_wrist_z,60,85,25,-0.08838236808776856,0.1158634707958326
right_knee_z,130,155,25,-0.08839728355407715,0.11935368495557554
right_ankle_z,120,155,35,-0.08843057632446288,0.11877424178776014
right_shoulder_z,140,185,45,-0.08843538522720337,0.10847990791256584
right_knee_z,100,115,15,-0.08847033500671386,0.11548338493315555
right_elbow_z,160,165,5,-0.08850293159484864,0.13021765054507287
right_shoulder_z,120,150,30,-0.0886229944229126,0.12005295555376674
right_elbow_z,160,170,10,-0.08871047019958496,0.12509673567297852
right_shoulder_z,130,180,50,-0.08871551513671876,0.120880928126541
left_knee_z,160,215,55,-0.08874385416079517,0.14102685877360863
right_elbow_z,100,150,50,-0.08897695779800414,0.1256160204481919
left_knee_z,120,140,20,-0.08898662567138672,0.1197887152597395
left_knee_z,120,145,25,-0.08898762226104737,0.130844236818967
left_shoulder_z,100,125,25,-0.08904613494873047,0.12389224535202571
left_ankle_z,110,120,10,-0.08905612468719483,0.11342323939412592
right_shoulder_z,120,145,25,-0.08905871152877808,0.12401902674283913
left_elbow_z,160,180,20,-0.0890824556350708,0.15384578799577212
right_elbow_z,150,185,35,-0.08913584709167481,0.15217306997560195
right_wrist_z,100,135,35,-0.08924511909484863,0.11494023335865541
right_shoulder_z,170,215,45,-0.0892668374532407,0.11386166769908677
right_knee_z,90,120,30,-0.08932461738586425,0.1197865434430158
right_shoulder_z,160,215,55,-0.08934051081515589,0.14325711995409496
left_knee_z,100,125,25,-0.08936867713928223,0.11614739053067748
right_ankle_z,60,90,30,-0.08944994688034058,0.10855489329626546
right_ankle_z,120,150,30,-0.08954562902450562,0.11664808300274321
left_hip_z,150,200,50,-0.08959339618682861,0.11041935186570256
left_shoulder_z,150,200,50,-0.08962369441986084,0.11762663545197144
right_wrist_z,140,190,50,-0.08964035034179688,0.16024937765342476
right_hip_z,170,215,45,-0.08970321395487826,0.1259672071864149
right_shoulder_z,140,145,5,-0.08974456310272216,0.11710291593205649
left_shoulder_z,120,145,25,-0.08980829000473023,0.1401096392606262
right_ankle_z,130,135,5,-0.08982005596160889,0.1129524384645069
right_elbow_z,170,215,45,-0.08988352133036219,0.111085012035548
left_hip_z,70,125,55,-0.08991012573242188,0.11487459951170681
right_ankle_z,150,155,5,-0.08994513988494873,0.10910415596204642
right_knee_z,120,160,40,-0.08998533010482788,0.10859133475199197
right_shoulder_z,120,140,20,-0.09000428676605225,0.11868586970305076
right_knee_z,70,115,45,-0.09003075838088989,0.11529928759641307
right_ankle_z,60,70,10,-0.0900609016418457,0.1147799167706997
right_hip_z,140,145,5,-0.09010875225067139,0.11010187129774507
right_ankle_z,120,145,25,-0.09013746500015259,0.12561718102975916
left_shoulder_z,150,175,25,-0.0901760983467102,0.10877686350449309
left_hip_z,140,150,10,-0.09019761323928834,0.11503431520053274
right_knee_z,140,150,10,-0.09020906448364258,0.10822893556749229
right_knee_z,120,145,25,-0.09028232574462891,0.1313216540612594
right_shoulder_z,150,190,40,-0.09029577970504761,0.11535648472408865
left_wrist_z,100,115,15,-0.09037516355514526,0.1160885965492266
right_ankle_z,160,210,50,-0.09038589715957641,0.12997914136298958
right_hip_z,170,190,20,-0.09054991245269775,0.11201256382975378
left_elbow_z,100,130,30,-0.09062454700469971,0.12918494911143813
right_ankle_z,60,105,45,-0.0906366777420044,0.1172316018960192
right_knee_z,80,90,10,-0.09064058542251587,0.10740081118829714
left_ankle_z,60,85,25,-0.09068573951721191,0.11000657872488759
left_elbow_z,140,185,45,-0.09071328163146973,0.1377025145579684
right_shoulder_z,120,135,15,-0.09075788736343383,0.11484891888878336
right_wrist_z,160,190,30,-0.09077456712722778,0.16803361251647037
left_shoulder_z,100,150,50,-0.09078338623046875,0.10642864116554303
right_ankle_z,70,75,5,-0.09079697847366333,0.10931907869998883
left_ankle_z,90,100,10,-0.09080532789230347,0.10954549429861547
left_ankle_z,110,125,15,-0.09081673383712768,0.11895579068189105
left_knee_z,100,105,5,-0.09088010549545288,0.11551906061636949
left_wrist_z,140,155,15,-0.09090720891952514,0.11454663108123113
left_elbow_z,160,170,10,-0.09091771602630615,0.13321552221083516
right_wrist_z,160,175,15,-0.09095442056655884,0.1397678631369383
right_hip_z,170,185,15,-0.0909567904472351,0.108148125785379
right_wrist_z,140,180,40,-0.09096181392669678,0.1348527070158439
right_shoulder_z,150,180,30,-0.09103503704071045,0.11320993042756672
right_hip_z,120,160,40,-0.09103793621063233,0.11641295483301417
left_knee_z,70,115,45,-0.09103826761245727,0.12053404070941769
left_knee_z,170,210,40,-0.09109036684036255,0.11935438930087597
right_ankle_z,170,205,35,-0.09135831356048583,0.11805948106685595
right_knee_z,170,210,40,-0.09140454769134522,0.12544495386742355
right_knee_z,90,115,25,-0.09141798734664917,0.11694938114866622
right_wrist_z,160,170,10,-0.09153071641921998,0.1320856747448779
left_knee_z,80,125,45,-0.09154881477355957,0.11543872459996166
right_elbow_z,100,125,25,-0.09158514976501465,0.12571847758201998
right_knee_z,120,165,45,-0.09160881757736206,0.10701486163055349
left_ankle_z,160,215,55,-0.09165898944468001,0.12839158463465847
left_shoulder_z,120,155,35,-0.09166790246963501,0.13372216655096653
right_hip_z,160,215,55,-0.09168159394019057,0.14371424209358838
left_wrist_z,90,120,30,-0.09169070482254028,0.11766561334166531
left_ankle_z,150,155,5,-0.0916975998878479,0.11693427839604192
left_elbow_z,170,175,5,-0.0917047381401062,0.15228360558877024
right_ankle_z,120,140,20,-0.09173254489898681,0.11274704761677712
right_wrist_z,160,215,55,-0.09174086324106223,0.1659406234680381
left_elbow_z,160,215,55,-0.09180109319500626,0.13265122902243368
right_knee_z,80,95,15,-0.09180986166000366,0.10652996833954041
left_knee_z,120,160,40,-0.09183930397033692,0.10980042161746496
left_elbow_z,90,125,35,-0.09186513900756836,0.12379420741320801
left_shoulder_z,170,215,45,-0.09190529071346518,0.11324809817032759
right_wrist_z,140,145,5,-0.09191558837890625,0.12691454085584639
right_hip_z,90,115,25,-0.0919322657585144,0.10995854687076936
right_ankle_z,160,205,45,-0.09199579238891602,0.12366899678777867
right_wrist_z,150,185,35,-0.09203993320465088,0.1637762102250468
right_shoulder_z,70,120,50,-0.09204124689102172,0.11529268964397343
left_wrist_z,140,185,45,-0.09210097789764404,0.15340233972650671
left_ankle_z,70,100,30,-0.0921551513671875,0.10970490557232665
left_hip_z,60,65,5,-0.09215914249420167,0.10204561740657757
right_knee_z,100,110,10,-0.09216906547546387,0.1237683700076916
right_hip_z,120,130,10,-0.09219465017318726,0.1209109545740507
right_elbow_z,120,135,15,-0.09228090047836304,0.11436734036237199
right_shoulder_z,90,105,15,-0.09228162050247192,0.10793041858539665
left_shoulder_z,150,190,40,-0.09228393316268921,0.12116488606773348
right_wrist_z,160,205,45,-0.09229027032852173,0.15527238415659525
right_ankle_z,60,85,25,-0.09234137535095215,0.11143233835370432
left_wrist_z,130,180,50,-0.09236193895339966,0.14177172788893105
right_ankle_z,170,190,20,-0.09236430168151856,0.11347243713034903
right_knee_z,130,150,20,-0.09245875358581543,0.11918667032614289
left_ankle_z,60,90,30,-0.09246111154556275,0.10718003755972128
right_hip_z,150,205,55,-0.09248246431350708,0.11754494436654594
right_elbow_z,140,190,50,-0.0925140142440796,0.13250288607761132
right_shoulder_z,140,150,10,-0.0925394344329834,0.11838358532378702
left_wrist_z,140,190,50,-0.09255476713180542,0.15247081868829582
right_elbow_z,160,210,50,-0.0925557804107666,0.14109566870060286
left_knee_z,80,90,10,-0.0925630521774292,0.11015649835721042
right_wrist_z,90,120,30,-0.09256386756896973,0.1162029895436305
right_ankle_z,90,125,35,-0.09261416912078857,0.11592452959775985
left_hip_z,150,190,40,-0.0926239538192749,0.11305619473577225
left_hip_z,60,75,15,-0.09266290426254273,0.1150649802280881
right_ankle_z,90,105,15,-0.09276747703552246,0.10896305113157395
left_knee_z,150,155,5,-0.09277888298034669,0.11425315253496271
right_wrist_z,100,145,45,-0.0927849817276001,0.12362918147772162
left_ankle_z,140,150,10,-0.09281833171844482,0.10672944120349155
right_knee_z,130,160,30,-0.0928264331817627,0.12021402708998588
right_elbow_z,100,120,20,-0.09285949230194092,0.12282116527414551
right_wrist_z,130,180,50,-0.09287875652313232,0.1376626151419418
left_hip_z,120,160,40,-0.09287903785705566,0.11691330521233921
right_shoulder_z,80,85,5,-0.09288429260253907,0.11224085757558773
left_hip_z,150,195,45,-0.092892587184906,0.11243047280946104
left_shoulder_z,160,210,50,-0.09289397001266479,0.1444413670268632
right_elbow_z,120,175,55,-0.09294026136398316,0.11442830770753748
right_hip_z,150,195,45,-0.09294815063476562,0.11284143328715031
left_shoulder_z,160,205,45,-0.0929684329032898,0.13754667776424973
right_hip_z,70,125,55,-0.09301198959350586,0.11311958737090759
left_hip_z,170,190,20,-0.0930713152885437,0.11104459942639362
right_hip_z,80,85,5,-0.09314614772796631,0.10990997493170712
right_knee_z,80,125,45,-0.09315665006637573,0.11362526988894321
left_ankle_z,70,95,25,-0.09318188667297363,0.10802148446632902
right_hip_z,120,175,55,-0.09318946838378907,0.10657879612432859
right_elbow_z,150,175,25,-0.09319634914398194,0.128066080144531
right_hip_z,140,150,10,-0.09319895505905151,0.11355118265620841
right_elbow_z,110,135,25,-0.09319925785064698,0.11126975159687126
right_hip_z,150,200,50,-0.09320472240447998,0.11162285762068211
left_knee_z,130,155,25,-0.09320472478866577,0.11737054932310036
right_hip_z,150,190,40,-0.0932048487663269,0.11548427622294198
right_elbow_z,100,155,55,-0.09321574926376343,0.1178993106689251
right_elbow_z,170,210,40,-0.09322407722473144,0.1109660626253509
left_elbow_z,100,115,15,-0.09324544668197632,0.11838092459672026
left_wrist_z,160,210,50,-0.09325280666351318,0.13288391928004328
left_ankle_z,90,105,15,-0.09329109191894532,0.10555231443467819
right_knee_z,150,155,5,-0.09329611539840699,0.11482207721142419
left_hip_z,110,140,30,-0.09330188989639282,0.1153108331068865
right_elbow_z,100,145,45,-0.0933432412147522,0.12624716206278017
right_ankle_z,160,200,40,-0.09344680786132813,0.1212466474957385
left_knee_z,120,135,15,-0.09349989891052246,0.1132233825879072
right_wrist_z,70,95,25,-0.0935023045539856,0.10993470271098246
right_shoulder_z,90,125,35,-0.09351184129714966,0.12057825192295905
right_wrist_z,150,180,30,-0.09352134704589844,0.14845449582802026
right_ankle_z,170,195,25,-0.0935406470298767,0.11275206732480236
right_wrist_z,100,150,50,-0.09355577707290649,0.12492841916426765
left_elbow_z,140,180,40,-0.0935571551322937,0.13353005422487696
right_wrist_z,90,135,45,-0.093563973903656,0.1173930903962492
right_elbow_z,160,205,45,-0.09357114791870118,0.13841734296957142
left_knee_z,60,65,5,-0.09361748933792115,0.10739566007322503
right_shoulder_z,80,90,10,-0.09364123821258545,0.11148631277148936
left_knee_z,130,150,20,-0.09365941286087036,0.11603998797629328
left_wrist_z,170,175,5,-0.09367216348648072,0.16398357442971304
right_hip_z,150,155,5,-0.09370417594909668,0.11123717386056511
right_wrist_z,160,165,5,-0.09371111392974854,0.13128788326952634
left_wrist_z,60,75,15,-0.09374387264251709,0.11419124356587351
right_ankle_z,130,160,30,-0.09378236055374145,0.12298363069307938
left_elbow_z,140,190,50,-0.09379194974899292,0.13118590722791143
right_wrist_z,100,140,40,-0.09380383729934692,0.11510046851377777
left_elbow_z,70,80,10,-0.09380757808685303,0.11201729751338198
right_shoulder_z,100,150,50,-0.0938335919380188,0.10835242709175555
left_shoulder_z,70,125,55,-0.09387420415878296,0.1224056445093432
left_knee_z,90,120,30,-0.09387684822082519,0.12098090262315948
left_hip_z,170,215,45,-0.09387812149403249,0.12456652423298398
right_ankle_z,160,195,35,-0.0938852858543396,0.12070097454261354
right_knee_z,90,105,15,-0.09391058683395385,0.11516930184024056
right_wrist_z,170,215,45,-0.09393701250709974,0.1260807474191891
right_elbow_z,170,205,35,-0.09393982887268067,0.1143272787518086
right_wrist_z,90,145,55,-0.09394270896911622,0.12810174556540482
right_shoulder_z,150,205,55,-0.09394912242889404,0.11589217056396033
left_hip_z,100,105,5,-0.09400341272354126,0.11350132362999307
left_wrist_z,100,130,30,-0.09405803442001343,0.11296843453326105
left_ankle_z,140,145,5,-0.0940837812423706,0.11168989629406212
left_wrist_z,100,135,35,-0.09408965587615967,0.11330699451024726
right_shoulder_z,160,185,25,-0.09410099029541015,0.11692697104087856
right_hip_z,130,155,25,-0.09410978555679321,0.12457816535776244
right_elbow_z,140,150,10,-0.09411040782928466,0.11912241883024188
left_knee_z,80,120,40,-0.09416566133499145,0.12311614826670211
left_knee_z,110,140,30,-0.0941699481010437,0.11414262026307724
right_hip_z,120,165,45,-0.09418093681335449,0.11105925639036242
right_ankle_z,60,80,20,-0.09419870615005493,0.11320605232122866
left_ankle_z,60,95,35,-0.09420023202896118,0.1074840486054369
left_hip_z,110,135,25,-0.09421680927276611,0.11453337496702211
right_shoulder_z,120,155,35,-0.09423205614089966,0.12972131209579366
left_hip_z,90,105,15,-0.09426652669906616,0.11116506228925305
left_knee_z,120,175,55,-0.09427017450332642,0.10548524531340629
right_knee_z,120,170,50,-0.09428032875061035,0.10572367053167107
right_knee_z,90,110,20,-0.09432059049606323,0.11844767342318571
right_ankle_z,110,155,45,-0.0943725848197937,0.12077957257791379
right_hip_z,70,90,20,-0.0943857741355896,0.1082488152854143
left_hip_z,120,175,55,-0.09439085006713867,0.107979707243277
left_hip_z,120,130,10,-0.09439663171768188,0.1181711730011802
right_wrist_z,60,70,10,-0.09441406726837158,0.10639853785807596
left_shoulder_z,120,140,20,-0.09447898626327515,0.1345728291099456
left_elbow_z,70,85,15,-0.09452382802963256,0.11128602403423406
left_wrist_z,60,80,20,-0.09456737041473388,0.11550751335879986
left_ankle_z,110,140,30,-0.09459788084030152,0.11571554336857529
right_hip_z,120,170,50,-0.09464464187622071,0.10460584151590344
left_shoulder_z,150,195,45,-0.09466549634933472,0.11922882698566872
right_hip_z,110,140,30,-0.09467593908309936,0.11385385283050085
left_shoulder_z,130,180,50,-0.09473692655563354,0.1179676863906778
left_knee_z,120,165,45,-0.09474294662475585,0.10658483113212057
right_hip_z,60,70,10,-0.09477905035018921,0.10870081178773121
left_shoulder_z,120,160,40,-0.09478056907653809,0.12962307023381267
left_shoulder_z,110,140,30,-0.09479807376861572,0.10968721977844978
left_elbow_z,150,180,30,-0.09480525493621826,0.15126971415506257
right_ankle_z,100,150,50,-0.09481397151947021,0.12283965311924863
left_knee_z,100,120,20,-0.09485269784927368,0.11743577261275481
right_hip_z,80,90,10,-0.09485779285430908,0.11168488666457815
left_hip_z,120,165,45,-0.09488826751708984,0.11088415605842006
right_shoulder_z,160,210,50,-0.09490137338638306,0.14147176440718973
left_wrist_z,160,180,20,-0.0949045753479004,0.15913722382412607
left_ankle_z,60,80,20,-0.09490904808044434,0.11784105086183853
right_knee_z,120,140,20,-0.09493566513061523,0.12369111734083513
right_shoulder_z,90,110,20,-0.09494253158569337,0.1083176044913428
left_shoulder_z,130,185,55,-0.09496192693710327,0.11541961522980504
left_ankle_z,120,175,55,-0.09496299505233764,0.1074106381852983
left_knee_z,120,170,50,-0.0949841332435608,0.103122919267969
left_hip_z,90,115,25,-0.09507458209991455,0.11109602978740375
left_shoulder_z,130,150,20,-0.09507820844650268,0.12031521631417393
right_ankle_z,70,95,25,-0.09509830713272095,0.1158389165696779
right_ankle_z,100,125,25,-0.09511005163192748,0.11693118411457998
right_elbow_z,130,175,45,-0.09511738538742065,0.11840600089704971
left_elbow_z,130,175,45,-0.09513651132583618,0.12091664239002566
left_wrist_z,160,205,45,-0.09516489028930664,0.12825222598516295
right_ankle_z,120,160,40,-0.09516931772232055,0.1174628673950261
left_hip_z,130,155,25,-0.09519179344177246,0.12440192702492288
right_ankle_z,170,200,30,-0.09524709224700928,0.114543359834673
left_elbow_z,90,135,45,-0.09530873775482178,0.12090867142736693
right_shoulder_z,90,115,25,-0.09531218767166137,0.11097595620903034
right_knee_z,60,95,35,-0.09532626628875733,0.11044571149960133
left_shoulder_z,110,135,25,-0.09533209562301635,0.10874206508323882
left_elbow_z,160,185,25,-0.09533937692642212,0.1487573338948488
right_ankle_z,130,150,20,-0.09534515142440796,0.12279834262470472
left_shoulder_z,150,170,20,-0.09536716222763061,0.10804947893125331
right_ankle_z,60,75,15,-0.09537643432617188,0.11072721708889176
left_ankle_z,70,75,5,-0.09540002584457398,0.1071584851514937
left_shoulder_z,80,85,5,-0.09547429084777832,0.1123197795042696
left_wrist_z,60,90,30,-0.09549240350723266,0.11180005900382498
left_elbow_z,70,75,5,-0.0955138897895813,0.1135618990795118
left_wrist_z,130,135,5,-0.09554335832595826,0.11632908695583577
right_wrist_z,90,115,25,-0.09555547952651977,0.11604476548465642
left_knee_z,150,205,55,-0.09557424545288086,0.11239715160694773
left_shoulder_z,90,145,55,-0.09558427572250366,0.12247256012431526
right_elbow_z,120,140,20,-0.0956050205230713,0.12652914966712572
left_elbow_z,90,95,5,-0.09561347007751465,0.115496957628167
left_shoulder_z,100,145,45,-0.09564843416213989,0.11277012751190837
right_shoulder_z,100,105,5,-0.09565953969955444,0.11741373093727869
right_shoulder_z,110,150,40,-0.09567761182785034,0.1039969702250025
right_shoulder_z,110,155,45,-0.09569839000701905,0.10925987217611331
left_ankle_z,70,125,55,-0.09571463823318481,0.11891116632910717
right_shoulder_z,110,145,35,-0.09571632623672485,0.10615597609646228
right_wrist_z,100,110,10,-0.0957250189781189,0.1203632075354538
right_shoulder_z,100,125,25,-0.09575877189636231,0.12252386672856215
right_knee_z,120,175,55,-0.09576062679290771,0.10798715713698583
left_hip_z,130,180,50,-0.09576924562454224,0.11952952428508401
right_elbow_z,100,140,40,-0.0957731556892395,0.12030881850984573
left_wrist_z,160,185,25,-0.09578203916549682,0.16127408745411212
left_elbow_z,100,140,40,-0.09578468561172486,0.1300945507650096
left_hip_z,100,125,25,-0.09578504323959351,0.11652804319270653
right_knee_z,130,180,50,-0.0958076810836792,0.11853266455560427
right_hip_z,100,125,25,-0.0958090615272522,0.11660258071501706
right_wrist_z,160,200,40,-0.0958259654045105,0.1563757117045338
right_ankle_z,60,95,35,-0.09586412906646728,0.10681267357759408
left_ankle_z,110,135,25,-0.09587303400039673,0.10638434840899529
left_hip_z,80,85,5,-0.09592230558395386,0.11131717595523676
left_knee_z,110,135,25,-0.09597103834152222,0.11194670154034976
right_hip_z,110,135,25,-0.09598214387893676,0.11307200199442072
left_hip_z,60,105,45,-0.09599354028701783,0.11303050948168591
left_knee_z,80,85,5,-0.09602308750152588,0.10864244520645479
right_ankle_z,160,190,30,-0.09602560758590699,0.1198469016796479
left_wrist_z,90,115,25,-0.09603841543197632,0.11573112074667083
right_elbow_z,160,190,30,-0.09604524374008179,0.1523839555864258
right_hip_z,100,115,15,-0.09607014894485473,0.10730406117375749
right_wrist_z,140,195,55,-0.09610454559326172,0.15624058474550526
left_hip_z,130,150,20,-0.09610851049423218,0.12058205696258256
left_elbow_z,150,175,25,-0.09611699342727661,0.13450296170439593
right_wrist_z,150,190,40,-0.09613027334213257,0.16910080501007604
left_hip_z,110,130,20,-0.09613782167434692,0.1151708809331746
right_elbow_z,140,175,35,-0.09616273403167724,0.11577925702422427
right_knee_z,130,165,35,-0.09617173910140991,0.11522026901649356
right_shoulder_z,90,120,30,-0.09617213487625122,0.11666665893035649
right_wrist_z,160,210,50,-0.09618334293365478,0.16389893672573633
left_hip_z,170,185,15,-0.09619285106658935,0.1064662785174441
left_wrist_z,120,130,10,-0.0962025284767151,0.11709415867879831
right_wrist_z,70,90,20,-0.09620405673980713,0.10976556430581076
right_knee_z,110,135,25,-0.09620552301406861,0.11424656807218439
right_knee_z,110,140,30,-0.09623600721359253,0.11737624381009028
right_knee_z,80,120,40,-0.09624148368835449,0.11966790975206856
left_wrist_z,60,85,25,-0.09627349138259887,0.11442425259866822
right_ankle_z,120,175,55,-0.09629876613616943,0.10665978157767929
left_knee_z,90,115,25,-0.09629908561706543,0.1158189197191114
left_knee_z,110,145,35,-0.09631494760513305,0.1102673336280847
left_shoulder_z,100,155,55,-0.09636791944503784,0.10983567829166575
left_wrist_z,140,180,40,-0.09636845350265504,0.1404798431267043
left_ankle_z,140,155,15,-0.09637680292129516,0.11401838430763646
left_elbow_z,90,120,30,-0.09637818813323974,0.1199243477648964
left_hip_z,120,170,50,-0.0963849139213562,0.10615208188627183
right_shoulder_z,90,100,10,-0.09638779401779175,0.10778656898027535
right_hip_z,70,95,25,-0.09639673948287963,0.10857138250923205
left_shoulder_z,110,165,55,-0.09641550779342652,0.10878886257402867
right_ankle_z,140,145,5,-0.0964192008972168,0.11433239500872293
right_hip_z,70,85,15,-0.09646353960037231,0.10737055086957108
left_shoulder_z,120,135,15,-0.09648196935653687,0.10349489207474205
right_hip_z,90,105,15,-0.09649015426635742,0.11103328271092155
right_shoulder_z,110,140,30,-0.0965149736404419,0.10743684167500013
left_hip_z,160,215,55,-0.09652104145251253,0.14456090997406426
right_wrist_z,120,175,55,-0.09654146909713746,0.11627617221771087
left_wrist_z,140,160,20,-0.09655619621276855,0.11230439164100617
right_hip_z,170,195,25,-0.09655925989151001,0.11821554703582318
left_ankle_z,80,90,10,-0.09658396482467652,0.10958199197161995
right_ankle_z,120,170,50,-0.09659561634063721,0.1056957442432714
left_elbow_z,70,90,20,-0.09661648273468018,0.11072616026953559
right_shoulder_z,70,90,20,-0.0966429853439331,0.11031930044459956
left_elbow_z,60,95,35,-0.09665939569473267,0.10730856792337388
left_wrist_z,140,195,55,-0.09667313098907471,0.1364822987256852
left_hip_z,150,155,5,-0.09671746253967285,0.1097225939906863
right_shoulder_z,60,70,10,-0.09676017999649048,0.10727385793291057
left_shoulder_z,140,155,15,-0.09676485776901245,0.11359823938059035
right_shoulder_z,70,125,55,-0.0968129301071167,0.11690595673927391
right_wrist_z,70,75,5,-0.09682070970535278,0.12144341469402024
left_knee_z,170,205,35,-0.09683704137802124,0.1131224752010029
right_elbow_z,120,145,25,-0.09685904264450074,0.13012120513126837
left_wrist_z,70,120,50,-0.09687737703323364,0.12074064416306415
left_hip_z,70,90,20,-0.096896071434021,0.1103198740536254
right_knee_z,130,170,40,-0.0969102668762207,0.11204140414430003
left_shoulder_z,70,90,20,-0.09694165229797364,0.1113781728750484
left_knee_z,80,95,15,-0.09698482036590576,0.11139170049379303
right_hip_z,130,160,30,-0.09699111461639404,0.12298591415323744
right_shoulder_z,170,210,40,-0.09700495719909669,0.11040923090546068
left_wrist_z,160,175,15,-0.09701595067977906,0.146329592389393
left_knee_z,130,160,30,-0.0970666766166687,0.1180431992724876
right_knee_z,60,90,30,-0.09707622528076172,0.10830346363944696
left_hip_z,110,145,35,-0.09712772130966187,0.1110739370931438
right_hip_z,170,210,40,-0.0971312665939331,0.12293132965624534
right_wrist_z,170,210,40,-0.09715157508850097,0.1307620220211769
left_knee_z,90,105,15,-0.09715177774429322,0.11290101254031017
left_elbow_z,150,205,55,-0.09715567827224732,0.1338370942532926
right_knee_z,160,210,50,-0.09716001272201538,0.14210988395183957
left_ankle_z,120,170,50,-0.09716696977615356,0.10788545170829116
left_wrist_z,170,215,45,-0.09717241763915974,0.11609378143827005
left_shoulder_z,100,120,20,-0.09719781160354614,0.12003369713533629
left_elbow_z,140,155,15,-0.09719889879226684,0.11318324703666914
right_knee_z,170,205,35,-0.09724132776260376,0.1205230992395869
left_hip_z,80,90,10,-0.09724284887313843,0.11316400764184871
right_ankle_z,140,155,15,-0.09726215362548828,0.10969448884665094
right_shoulder_z,160,205,45,-0.09726830244064331,0.13330589266045867
left_ankle_z,130,135,5,-0.09730519533157349,0.11507875958381256
left_shoulder_z,120,165,45,-0.09730828046798706,0.11954585964322219
right_hip_z,100,105,5,-0.09734302520751953,0.11411408562390195
left_ankle_z,170,210,40,-0.09735446691513061,0.11469785236860676
left_elbow_z,150,185,35,-0.09735700368881225,0.15687074556868524
right_shoulder_z,90,145,55,-0.09735770225524902,0.1163434305756964
right_elbow_z,110,140,30,-0.09736139059066773,0.10874638440211859
left_elbow_z,100,155,55,-0.09739253759384155,0.11767065193384445
left_ankle_z,130,155,25,-0.09741236448287964,0.12331836461581325
left_hip_z,60,90,30,-0.0974210524559021,0.10804413204904424
right_elbow_z,90,125,35,-0.09742505550384521,0.12358782019462577
right_hip_z,90,120,30,-0.09747076988220214,0.11271604454012588
left_ankle_z,70,90,20,-0.09748209476470947,0.10759864298852662
left_shoulder_z,90,125,35,-0.09748376846313477,0.12512239877061612
left_wrist_z,120,125,5,-0.09748675584793091,0.11712256556010413
left_shoulder_z,110,130,20,-0.0975003457069397,0.11054872229628808
left_shoulder_z,90,105,15,-0.09751203298568725,0.11073123403216587
right_wrist_z,150,205,55,-0.0975138521194458,0.16481984336131097
right_hip_z,110,155,45,-0.09752735376358032,0.10783370716034926
right_knee_z,130,185,55,-0.09754294633865357,0.11432721827547104
right_knee_z,130,175,45,-0.09755009412765503,0.11646184410663288
left_ankle_z,70,80,10,-0.09755459785461426,0.10695223878551718
left_ankle_z,80,110,30,-0.09758881092071534,0.10783221176844823
right_shoulder_z,160,180,20,-0.09758945703506469,0.11324428746958144
right_hip_z,130,180,50,-0.09760207414627076,0.11756549396629504
right_ankle_z,160,165,5,-0.0976029896736145,0.11718328416159768
left_knee_z,160,210,50,-0.0976124119758606,0.13665930698348946
right_hip_z,110,165,55,-0.09761434555053711,0.10625330845608097
right_hip_z,130,150,20,-0.09761823892593384,0.11982223513864512
right_elbow_z,90,130,40,-0.0976192855834961,0.12362813781571425
left_knee_z,60,95,35,-0.09762017965316773,0.11260817248819978
right_wrist_z,60,100,40,-0.09765004396438598,0.10920051853359777
left_shoulder_z,110,145,35,-0.0976625919342041,0.1079522161056024
left_shoulder_z,80,90,10,-0.09767539262771606,0.11288277802096944
left_knee_z,70,90,20,-0.09768584966659546,0.1096921388411673
right_hip_z,60,65,5,-0.09769089937210083,0.10651179419846174
right_wrist_z,120,135,15,-0.09770004987716675,0.11570401460265485
right_wrist_z,80,125,45,-0.09771383047103882,0.12061149727933994
left_hip_z,130,185,55,-0.09772361993789673,0.11619724913792819
right_knee_z,70,95,25,-0.09772856950759888,0.10564725569902657
right_ankle_z,80,105,25,-0.09774016380310059,0.12075286041186896
left_wrist_z,130,175,45,-0.09777092695236206,0.12318863336883237
right_wrist_z,170,205,35,-0.09778831005096436,0.13640649431375637
left_shoulder_z,110,150,40,-0.09779000043869018,0.1035609527478249
right_wrist_z,100,155,55,-0.09781570672988892,0.11940134597383112
left_hip_z,70,95,25,-0.09782615423202515,0.11087282668370561
right_elbow_z,150,190,40,-0.0978279447555542,0.1557632685312777
right_shoulder_z,140,190,50,-0.09783913373947144,0.10791373531886453
left_hip_z,150,185,35,-0.09784549713134766,0.11010654925857663
left_shoulder_z,70,95,25,-0.0978595781326294,0.11079286102474244
right_shoulder_z,70,85,15,-0.09787097930908203,0.10803696284276246
left_wrist_z,60,95,35,-0.09792778730392455,0.1074718530848819
right_shoulder_z,110,135,25,-0.09793556213378907,0.11028965682423521
left_shoulder_z,110,155,45,-0.09798624515533447,0.11360503421410324
left_elbow_z,80,125,45,-0.09800091981887818,0.12434567422543874
right_ankle_z,110,135,25,-0.09801188230514526,0.10712226353018278
left_wrist_z,70,125,55,-0.09803994655609131,0.12124803229709728
left_wrist_z,60,115,55,-0.09804717540740966,0.11573952227894364
left_ankle_z,90,110,20,-0.09805540084838867,0.10891880241515262
right_shoulder_z,140,180,40,-0.09806576728820801,0.11098212048594988
right_elbow_z,90,145,55,-0.09807501077651977,0.12980325389554628
left_knee_z,140,155,15,-0.09808836936950684,0.11084343391425246
left_knee_z,160,205,45,-0.09808840751647949,0.12786529715120473
left_wrist_z,80,125,45,-0.09809626817703247,0.12327212865351285
right_shoulder_z,120,165,45,-0.0981310796737671,0.11719281463924451
right_knee_z,110,130,20,-0.09813360691070556,0.11358160765442539
right_wrist_z,160,195,35,-0.0981463599205017,0.16520932266084573
right_hip_z,110,130,20,-0.09816354751586914,0.11371178742637846
right_shoulder_z,60,65,5,-0.09817432403564454,0.10357571831409138
left_hip_z,130,160,30,-0.09819784879684448,0.12289604142264957
left_ankle_z,120,155,35,-0.09822386980056763,0.11404972980768445
right_elbow_z,120,170,50,-0.09822504997253417,0.11473301828159663
left_wrist_z,90,135,45,-0.09823089838027954,0.1147516768716245
left_ankle_z,110,155,45,-0.09823867797851563,0.11502839424366337
left_ankle_z,130,175,45,-0.0982455325126648,0.11623687658418667
left_shoulder_z,170,175,5,-0.09829203605651855,0.12180286036947242
right_shoulder_z,120,160,40,-0.09830272436141968,0.12710971947751892
left_wrist_z,120,135,15,-0.09831321239471436,0.11595320793072211
right_ankle_z,120,165,45,-0.09837847709655761,0.11268730702511233
left_hip_z,100,150,50,-0.09838521718978882,0.1075818139888358
right_knee_z,120,135,15,-0.09839405059814453,0.11635659413669107
right_ankle_z,120,135,15,-0.0984138822555542,0.10630878135180724
left_knee_z,60,90,30,-0.09844456911087036,0.1096993888785008
left_wrist_z,70,75,5,-0.09845030784606934,0.12100394216049074
right_ankle_z,90,145,55,-0.0984647011756897,0.1348210335791326
right_wrist_z,130,140,10,-0.09847261190414429,0.12840309098514183
right_hip_z,90,125,35,-0.09850406646728516,0.11478454229803915
left_elbow_z,160,210,50,-0.09850634336471557,0.1276015482529163
right_shoulder_z,100,145,45,-0.09852547407150268,0.10966488044137108
left_shoulder_z,170,210,40,-0.09852727174758912,0.11187532436753182
left_shoulder_z,70,115,45,-0.09854876279830932,0.11508110858137753
right_shoulder_z,110,165,55,-0.09855934381484985,0.10584121599620015
right_shoulder_z,70,95,25,-0.09856175899505615,0.10902743028520367
left_hip_z,110,165,55,-0.09859330654144287,0.10422031162987562
left_knee_z,90,110,20,-0.09860134363174439,0.1140736599674376
left_hip_z,110,155,45,-0.09860297679901123,0.1060254926412021
right_shoulder_z,170,190,20,-0.09862035036087036,0.1159347358590636
left_hip_z,130,140,10,-0.09864458322525024,0.12967681446420581
left_knee_z,130,180,50,-0.0986590576171875,0.11899242839129313
right_wrist_z,60,65,5,-0.09867624759674072,0.10625593264513532
right_wrist_z,70,120,50,-0.0987038516998291,0.11981337966775614
left_shoulder_z,90,115,25,-0.09873191356658935,0.11579457007674865
right_wrist_z,140,175,35,-0.09874110221862793,0.11969935929481723
right_knee_z,70,90,20,-0.09875204801559448,0.10626209740790939
right_ankle_z,110,150,40,-0.09876142978668213,0.11293203013484697
left_wrist_z,80,120,40,-0.09877429723739624,0.1209817071507683
right_elbow_z,110,145,35,-0.09877711772918701,0.11588970238238479
right_ankle_z,140,150,10,-0.09879940271377563,0.10795380541988574
right_elbow_z,170,185,15,-0.09881499528884888,0.1527468237882652
left_elbow_z,60,90,30,-0.09882092237472534,0.10955636596217282
left_shoulder_z,130,140,10,-0.09886467695236206,0.14084644131871152
right_elbow_z,70,75,5,-0.09886505365371705,0.10681713770739021
left_hip_z,110,150,40,-0.09886799573898315,0.10624191909490245
right_ankle_z,100,135,35,-0.09887508630752563,0.10760625090621195
right_hip_z,110,145,35,-0.0988930082321167,0.11052851489045243
left_knee_z,70,95,25,-0.09892589092254639,0.11212107207392194
right_knee_z,80,85,5,-0.09893809795379639,0.1078754893553855
right_hip_z,100,120,20,-0.09894054174423218,0.11296709807738615
left_hip_z,90,100,10,-0.09896721124649048,0.11139636305415324
right_hip_z,150,185,35,-0.09898031473159791,0.11274345509713882
right_wrist_z,80,120,40,-0.09898917436599732,0.11997029676159608
left_ankle_z,80,95,15,-0.09899972200393677,0.10846557072138367
left_hip_z,90,125,35,-0.09900274991989136,0.11580129174820931
left_ankle_z,70,110,40,-0.09901120901107788,0.10429617328218137
left_shoulder_z,70,85,15,-0.09901628494262696,0.1087047193237449
left_wrist_z,170,180,10,-0.09901824951171875,0.16891033209424275
left_knee_z,100,150,50,-0.09902432203292846,0.11242353837678538
left_wrist_z,150,205,55,-0.0990645694732666,0.13855801741555765
left_knee_z,110,130,20,-0.09907392024993897,0.11284139934417166
left_elbow_z,110,130,20,-0.09907753705978393,0.11038613303815888
left_shoulder_z,110,160,50,-0.0990779948234558,0.11634402426854172
left_wrist_z,110,135,25,-0.09909121751785278,0.11216211100513027
right_shoulder_z,60,75,15,-0.09910833358764648,0.1066906294855396
right_wrist_z,90,140,50,-0.09911613941192626,0.12069869499149002
right_wrist_z,80,95,15,-0.09911632061004638,0.11053937988080521
right_elbow_z,70,80,10,-0.09911832094192505,0.10812755816035652
right_wrist_z,140,150,10,-0.09915323257446289,0.12408824657338968
left_ankle_z,80,85,5,-0.09917019844055176,0.10713644053668604
right_hip_z,80,95,15,-0.09918271780014037,0.10978357035945875
right_hip_z,130,185,55,-0.0991901683807373,0.11570101273648
right_ankle_z,90,135,45,-0.09920619249343872,0.10541918725197343
right_ankle_z,110,160,50,-0.09920705556869507,0.12000437498513067
right_knee_z,140,180,40,-0.09922259330749511,0.11454375990355561
right_wrist_z,130,175,45,-0.099237220287323,0.12218623669517806
right_hip_z,120,125,5,-0.09926367044448853,0.11335572508773471
right_hip_z,170,180,10,-0.09927433252334594,0.12232514682155188
left_knee_z,130,175,45,-0.09927437543869018,0.11635429724254219
left_knee_z,90,145,55,-0.09928228855133056,0.12246938763765744
left_elbow_z,80,85,5,-0.0993445372581482,0.1087831983285127
right_ankle_z,130,170,40,-0.09935465335845947,0.11235326196230974
right_hip_z,60,90,30,-0.09935978651046753,0.10894592650160938
left_hip_z,170,205,35,-0.09936657428741455,0.1161750045431427
left_hip_z,100,155,55,-0.09937339782714844,0.11259476118432811
left_hip_z,90,110,20,-0.09937385082244873,0.1102398063402614
right_hip_z,90,100,10,-0.0993835425376892,0.11097586410002218
right_ankle_z,110,140,30,-0.09938480854034423,0.11699991297452604
right_wrist_z,170,190,20,-0.09940793752670288,0.16447318932248317
left_elbow_z,160,165,5,-0.09941162347793579,0.12484515877707451
left_hip_z,80,95,15,-0.09943177700042724,0.1110741083608238
right_hip_z,90,110,20,-0.09943507671356201,0.10859131723011418
left_shoulder_z,130,145,15,-0.09944212913513184,0.12262622793465137
left_elbow_z,60,80,20,-0.09944565534591675,0.11267081726872942
right_hip_z,110,150,40,-0.09944643974304199,0.10650807613489725
left_hip_z,70,100,30,-0.09944791316986085,0.10997610832168364
left_elbow_z,160,205,45,-0.09946336507797242,0.12156452887453459
right_ankle_z,110,165,55,-0.09947442531585693,0.1148244807325023
right_elbow_z,120,130,10,-0.09949556589126587,0.1124863756655119
right_ankle_z,140,160,20,-0.09952967405319214,0.10760025168138636
right_knee_z,140,170,30,-0.09953099966049195,0.11221592616590952
left_elbow_z,60,85,25,-0.09953755140304565,0.11249297047451406
right_shoulder_z,110,160,50,-0.09954364538192749,0.11418435512494231
right_hip_z,60,105,45,-0.09954547643661499,0.11256529279673226
right_knee_z,110,145,35,-0.09955027341842651,0.11337873152072393
right_shoulder_z,70,115,45,-0.09956878662109375,0.1100565009882619
left_hip_z,170,195,25,-0.09957231521606445,0.11843914005825903
right_elbow_z,130,140,10,-0.09957589864730836,0.13783332305494128
left_ankle_z,80,100,20,-0.09957874298095704,0.1114348489463106
left_hip_z,170,210,40,-0.09959231615066529,0.12135283245041037
right_shoulder_z,80,95,15,-0.09960169315338135,0.10882388547166866
left_ankle_z,70,85,15,-0.09961687803268432,0.10940258544576673
left_ankle_z,120,140,20,-0.09962059259414673,0.1132627974926657
right_wrist_z,70,125,55,-0.09962832450866699,0.12097747986179028
right_elbow_z,140,195,55,-0.0996437692642212,0.1261775317258207
right_knee_z,140,175,35,-0.09964562654495239,0.11336686593623889
left_knee_z,100,115,15,-0.09966034173965455,0.11322242026564537
left_ankle_z,90,135,45,-0.09966357469558716,0.10652196964051384
right_hip_z,100,155,55,-0.09967971086502075,0.1125513639574074
right_shoulder_z,90,135,45,-0.09969200611114502,0.11547401052682683
right_wrist_z,90,110,20,-0.0996937870979309,0.1164307133050063
right_hip_z,110,160,50,-0.09969495058059692,0.11085370254066182
right_elbow_z,60,65,5,-0.09969995975494385,0.10255639351498758
right_hip_z,170,205,35,-0.09970353841781616,0.11681624079341806
left_elbow_z,90,115,25,-0.09971401929855346,0.11777924310323802
right_elbow_z,150,205,55,-0.0997196078300476,0.14915452881655364
left_hip_z,60,95,35,-0.0997425389289856,0.10871465443596742
left_elbow_z,100,105,5,-0.09974385499954223,0.12849974969039427
right_elbow_z,100,115,15,-0.0997507905960083,0.11749679472230715
left_ankle_z,80,125,45,-0.09977012872695923,0.11892191174777368
right_wrist_z,80,115,35,-0.09977652072906494,0.11897573296929394
left_elbow_z,130,155,25,-0.09979101419448852,0.12769989919588334
right_knee_z,90,100,10,-0.09979727745056152,0.10798650134102808
left_hip_z,90,120,30,-0.09979750394821167,0.11404362326966971
left_shoulder_z,90,120,30,-0.09981751441955566,0.12132450286888377
right_elbow_z,160,200,40,-0.09981828212738036,0.14242200055050605
right_ankle_z,130,165,35,-0.09983235359191894,0.11730384165277823
left_knee_z,130,170,40,-0.09984676599502564,0.1105728657309575
left_ankle_z,90,125,35,-0.09984909296035767,0.12128596437852932
left_elbow_z,80,120,40,-0.09985706567764283,0.12270206876044787
left_elbow_z,140,195,55,-0.09987451314926148,0.11865255410634219
left_ankle_z,110,145,35,-0.09988027334213256,0.11182024566484541
right_shoulder_z,60,90,30,-0.09989383220672607,0.1096258738750674
right_knee_z,140,155,15,-0.09990372657775878,0.11173240762715356
left_elbow_z,140,175,35,-0.09991281747817993,0.12107067635596609
left_shoulder_z,160,200,40,-0.0999266505241394,0.1335040184389173
right_wrist_z,110,130,20,-0.09993584871292115,0.11616823872936487
left_ankle_z,60,105,45,-0.0999925684928894,0.11367831488858961
right_ankle_z,110,130,20,-0.10001211643218993,0.10625428774748401
right_shoulder_z,150,155,5,-0.10002545356750488,0.113301797941617
right_elbow_z,70,85,15,-0.10003081798553466,0.10967818697908688
right_hip_z,80,115,35,-0.1000463342666626,0.11209594237828127
left_ankle_z,130,180,50,-0.10004977941513062,0.11583587724881841
right_ankle_z,130,175,45,-0.10005228996276855,0.11382903321544985
right_hip_z,100,150,50,-0.10006338596343994,0.10753893450825928
right_shoulder_z,150,195,45,-0.10008919715881348,0.1173276891063207
left_hip_z,130,175,45,-0.10010239124298095,0.11646276683430341
right_elbow_z,90,120,30,-0.10016479730606079,0.11851650937971664
right_hip_z,70,100,30,-0.10016713619232177,0.10807594939444858
right_hip_z,90,135,45,-0.10017032384872436,0.11245748026293717
right_hip_z,90,140,50,-0.10022128820419311,0.11931789283051714
left_knee_z,130,145,15,-0.10022479057312011,0.1276894791989404
right_knee_z,150,205,55,-0.10022817850112915,0.11691538737042785
left_ankle_z,130,170,40,-0.10023210763931274,0.11583661169228027
left_knee_z,90,135,45,-0.10034399509429931,0.10867210826758164
left_shoulder_z,90,110,20,-0.10034542560577392,0.11208334802077868
left_wrist_z,110,130,20,-0.10035994291305542,0.11358556356850852
left_ankle_z,100,155,55,-0.10037515878677368,0.1208262187778148
left_knee_z,130,165,35,-0.10038389682769776,0.1136301489155492
left_shoulder_z,130,155,25,-0.1003844690322876,0.13206338347543023
right_shoulder_z,90,130,40,-0.10038996934890747,0.11712212438160072
right_elbow_z,60,85,25,-0.10039427995681763,0.10904549602294054
left_ankle_z,110,130,20,-0.10043133974075318,0.1069265467214866
left_wrist_z,90,130,40,-0.100433509349823,0.11677877086237261
left_hip_z,70,85,15,-0.10043874502182007,0.10774893616657384
left_knee_z,150,200,50,-0.10044132947921752,0.1072169078417209
right_ankle_z,80,85,5,-0.10046503067016602,0.1012159546719182
left_wrist_z,70,115,45,-0.10048191547393799,0.11820574903498482
right_shoulder_z,120,130,10,-0.10049031972885132,0.11509655934871839
right_elbow_z,80,120,40,-0.10049404859542847,0.12097498261478203
right_hip_z,90,95,5,-0.10049700260162353,0.10788602243937911
left_wrist_z,140,165,25,-0.10050233840942382,0.11095534033366364
right_shoulder_z,100,155,55,-0.1005117392539978,0.10966448249415016
right_shoulder_z,150,200,50,-0.10052882671356202,0.1154427903970645
left_wrist_z,90,110,20,-0.1005417251586914,0.11605571410046722
left_wrist_z,90,95,5,-0.10054625034332275,0.1130931466655689
right_elbow_z,140,155,15,-0.10055394172668457,0.11292842586839286
right_wrist_z,60,115,55,-0.10055932998657227,0.11787662433994023
right_hip_z,160,210,50,-0.10056462287902831,0.14332646705201774
left_hip_z,170,200,30,-0.10059115409851074,0.11680953172202385
right_elbow_z,170,200,30,-0.10059533596038818,0.12106978617969234
right_knee_z,160,205,45,-0.10059571027755737,0.13387618840608742
left_knee_z,110,150,40,-0.100653657913208,0.10654238374027233
left_ankle_z,60,75,15,-0.1006557822227478,0.12931765294093753
right_knee_z,130,145,15,-0.10066349983215332,0.13198887269711296
left_knee_z,90,140,50,-0.10066598415374756,0.12117474499047572
right_wrist_z,80,130,50,-0.10066628932952881,0.11965119432889061
right_ankle_z,70,105,35,-0.10067060947418213,0.13217952175721856
left_wrist_z,80,115,35,-0.10067477226257324,0.11954702076137794
left_shoulder_z,90,140,50,-0.10067691326141358,0.12183702963506401
left_elbow_z,90,130,40,-0.10073012828826905,0.12224502026878105
left_elbow_z,70,120,50,-0.10075762033462525,0.12327746473696573
right_hip_z,60,115,55,-0.10076076984405517,0.10887288737075576
right_elbow_z,60,80,20,-0.10077205896377564,0.1070673971606938
left_elbow_z,100,150,50,-0.10080395460128784,0.1279199143141319
right_hip_z,130,175,45,-0.10084755659103393,0.11601445121718863
right_wrist_z,80,110,30,-0.1008639121055603,0.11811897054573253
left_wrist_z,140,175,35,-0.10088753223419189,0.12342509910410343
left_ankle_z,110,150,40,-0.1008935260772705,0.10715317348965295
right_wrist_z,150,175,25,-0.10091862440109253,0.13009323150351434
right_knee_z,140,165,25,-0.10094694375991821,0.10998719214680766
left_ankle_z,70,120,50,-0.10095927238464356,0.12226252273563785
left_shoulder_z,150,165,15,-0.10098522424697876,0.1075356798242754
left_ankle_z,120,135,15,-0.10099265336990357,0.10436170710788831
right_shoulder_z,80,110,30,-0.1009975814819336,0.10397104618773995
right_shoulder_z,120,175,55,-0.10102716445922852,0.11051958933014995
right_wrist_z,70,80,10,-0.10103082418441772,0.11503194607837477
right_wrist_z,70,115,45,-0.10103086948394775,0.11801466210636864
left_ankle_z,120,150,30,-0.10103187084197998,0.10892394503268123
right_shoulder_z,70,80,10,-0.1010414457321167,0.106141747373199
right_hip_z,80,120,40,-0.10104695558547974,0.11424168071517703
right_knee_z,110,165,55,-0.10105836868286133,0.10435760404401762
right_hip_z,90,145,55,-0.10107944965362549,0.11696534957753633
right_elbow_z,80,125,45,-0.10110935926437378,0.12493544363300287
right_hip_z,170,200,30,-0.10112333059310913,0.11671417436331392
left_elbow_z,70,125,55,-0.10112784385681152,0.12359114439561385
left_shoulder_z,100,105,5,-0.10116754055023193,0.11773052937239782
left_hip_z,110,160,50,-0.10118449211120606,0.10769141293680477
left_elbow_z,130,150,20,-0.10118517398834229,0.1319800039395134
left_hip_z,90,145,55,-0.10123351335525513,0.11900052848324075
right_elbow_z,90,135,45,-0.101235032081604,0.12099756030684532
left_hip_z,100,115,15,-0.1012499737739563,0.10805763304540689
left_wrist_z,170,210,40,-0.1012515139579773,0.11352618037607423
right_shoulder_z,130,150,20,-0.10125771522521973,0.12151225455366714
left_hip_z,90,95,5,-0.10126816034317017,0.10804472113859936
left_ankle_z,80,135,55,-0.1012689232826233,0.10826629743745554
left_wrist_z,90,100,10,-0.10126964569091797,0.11367725017249415
left_elbow_z,120,130,10,-0.10127387285232543,0.11263867428694559
left_elbow_z,110,135,25,-0.10127541303634643,0.11138565534820417
right_knee_z,100,155,55,-0.10128251552581786,0.11765058753581112
left_elbow_z,130,135,5,-0.10128372192382812,0.11630893864122947
right_shoulder_z,120,170,50,-0.10131494283676147,0.10861511903716446
left_hip_z,80,120,40,-0.1013274359703064,0.116469864544381
left_hip_z,140,155,15,-0.10140935897827148,0.11410723138353407
right_wrist_z,150,195,45,-0.10142390012741088,0.16498335471372247
right_shoulder_z,70,100,30,-0.10142585039138793,0.10775791858609415
right_shoulder_z,100,120,20,-0.10143046379089356,0.11807232687198665
right_shoulder_z,130,140,10,-0.10144283294677735,0.13205432537952425
left_hip_z,60,110,50,-0.10144740581512451,0.1088455868680644
left_wrist_z,100,140,40,-0.10145041942596436,0.11676661849924753
left_knee_z,100,155,55,-0.10145047903060914,0.113318922748404
left_ankle_z,100,135,35,-0.10148889064788819,0.10872217915613921
left_hip_z,100,120,20,-0.10150080442428588,0.11365503035754103
right_knee_z,110,155,45,-0.10150581359863281,0.10924334979299
left_shoulder_z,60,90,30,-0.10150673151016236,0.1130484034802107
right_ankle_z,130,145,15,-0.10153743028640747,0.1326650871409281
left_shoulder_z,80,95,15,-0.10154080152511596,0.11157999524839303
left_shoulder_z,90,100,10,-0.10154183149337768,0.11015594671182305
left_knee_z,140,170,30,-0.10155370473861694,0.10980654921690126
left_hip_z,130,145,15,-0.10158712387084962,0.12880305823556817
left_wrist_z,160,170,10,-0.10159552812576295,0.13329723313435812
left_shoulder_z,130,160,30,-0.10159779548645019,0.12880493030949772
right_ankle_z,110,145,35,-0.10160719871520996,0.11592296969788056
right_shoulder_z,60,85,25,-0.10163342237472534,0.10709853212156255
left_elbow_z,70,95,25,-0.1016457462310791,0.11139450422500348
left_shoulder_z,70,100,30,-0.1016501522064209,0.11089970453598952
right_ankle_z,140,170,30,-0.1016530704498291,0.10532613017902703
left_elbow_z,170,180,10,-0.10165592908859253,0.14665365182638213
right_wrist_z,80,105,25,-0.10165882110595703,0.11615398491335861
right_shoulder_z,110,130,20,-0.10166388273239135,0.11282704742738606
left_knee_z,140,175,35,-0.10173181772232055,0.11108821151623147
left_ankle_z,130,160,30,-0.10173428058624268,0.12358750636624813
left_knee_z,140,160,20,-0.1017355728149414,0.1097254814476048
left_wrist_z,110,140,30,-0.10176589488983154,0.11023980658746022
left_shoulder_z,70,105,35,-0.1017786717414856,0.10767103845221825
right_ankle_z,80,90,10,-0.10180750846862793,0.10837212877315411
left_hip_z,170,180,10,-0.10181478023529053,0.12250332969140905
right_knee_z,170,200,30,-0.10182973623275757,0.1153573106893627
left_hip_z,120,125,5,-0.10183228731155396,0.11278099791873106
right_ankle_z,90,120,30,-0.10183421134948731,0.12351549388087135
left_elbow_z,90,145,55,-0.10184234857559205,0.13838220582185784
right_hip_z,160,165,5,-0.1018657636642456,0.12191998199002212
right_shoulder_z,80,105,25,-0.10189792156219482,0.10431761462173553
right_ankle_z,140,175,35,-0.10190175056457519,0.10905857226790772
right_knee_z,90,135,45,-0.1019051170349121,0.11055784148172541
right_wrist_z,150,200,50,-0.10191981077194213,0.15993909820109897
left_wrist_z,80,85,5,-0.10196036577224732,0.10707966868755021
left_ankle_z,140,160,20,-0.1019677186012268,0.11269470092040047
right_knee_z,170,195,25,-0.10197577238082886,0.11410165333721359
right_ankle_z,150,205,55,-0.10199777126312255,0.13011089624536445
left_knee_z,160,200,40,-0.1020006775856018,0.12307625499611112
left_elbow_z,80,115,35,-0.1020160174369812,0.12015244653548741
left_shoulder_z,170,205,35,-0.10203536748886108,0.10812495628609974
right_knee_z,140,185,45,-0.10206395626068115,0.1120250294643524
left_hip_z,130,165,35,-0.10206432580947876,0.11747955285748858
left_hip_z,70,105,35,-0.10208025693893433,0.11008427684729324
left_hip_z,60,115,55,-0.10209416389465333,0.10943237495111
left_knee_z,100,145,45,-0.10210870027542114,0.12208310020960782
right_wrist_z,120,140,20,-0.10211928129196167,0.12132175694084728
right_ankle_z,80,125,45,-0.10213009119033814,0.12475020115709229
right_wrist_z,120,170,50,-0.10214606285095215,0.11663375986270604
left_knee_z,130,140,10,-0.10216259241104125,0.13818988274587185
left_ankle_z,110,160,50,-0.10216476440429688,0.11527232573858032
left_elbow_z,120,135,15,-0.10216957807540894,0.1121027822423948
left_wrist_z,80,100,20,-0.10217623233795166,0.11323133147491068
left_elbow_z,130,170,40,-0.10220035791397095,0.11307127130991007
left_knee_z,80,135,55,-0.10223454475402832,0.10925282169199299
left_wrist_z,80,135,55,-0.10225239753723145,0.11708646175372196
left_elbow_z,150,190,40,-0.10225766658782959,0.1515405492590487
right_shoulder_z,90,95,5,-0.10227182865142823,0.10761019677992124
left_hip_z,90,135,45,-0.10227280139923095,0.1143237548430525
right_hip_z,70,80,10,-0.1022743034362793,0.10992750046620409
right_elbow_z,60,100,40,-0.10230102062225342,0.11283019784848095
right_wrist_z,70,105,35,-0.10230360984802246,0.11275489783563329
right_elbow_z,70,120,50,-0.10230819702148437,0.12191185739899299
right_hip_z,60,75,15,-0.10230909585952759,0.11326536583401775
right_ankle_z,170,185,15,-0.10230918169021606,0.11382733315380451
left_knee_z,140,165,25,-0.10231447696685791,0.10872137869021359
right_hip_z,60,95,35,-0.10231959581375122,0.10956673178476753
right_ankle_z,150,160,10,-0.10233144044876098,0.10657793628312333
left_elbow_z,150,170,20,-0.10233502626419068,0.1190554277807074
right_knee_z,140,160,20,-0.10233606338500977,0.11096118459268503
left_shoulder_z,90,135,45,-0.10234905242919921,0.11416905698889733
right_hip_z,130,165,35,-0.10237032175064087,0.11675034307386552
right_wrist_z,110,135,25,-0.10237177848815918,0.11054602777537514
left_hip_z,80,115,35,-0.10237325429916382,0.11384432610301488
right_knee_z,80,135,55,-0.1023819875717163,0.11134138609628198
right_wrist_z,70,85,15,-0.102386736869812,0.10893488022207945
right_wrist_z,70,110,40,-0.10239536285400391,0.11620951872470492
right_elbow_z,120,165,45,-0.1024015212059021,0.11964132215480773
right_knee_z,70,100,30,-0.10240752220153809,0.10414351467807853
right_shoulder_z,80,115,35,-0.10242652177810668,0.10755485232548764
right_shoulder_z,80,120,40,-0.10243560552597046,0.11396686392384928
left_elbow_z,120,125,5,-0.10244296312332153,0.1107763525464789
right_wrist_z,100,105,5,-0.10246826410293579,0.122946563555284
left_ankle_z,110,165,55,-0.10248670339584351,0.11353065694067359
left_ankle_z,120,165,45,-0.10248835563659668,0.11243168467814278
left_ankle_z,170,195,25,-0.10249216794967651,0.11926825894148027
left_elbow_z,90,140,50,-0.10251255512237549,0.13334788248400614
right_hip_z,160,205,45,-0.10251731157302857,0.13764133277385757
left_elbow_z,170,215,45,-0.10251891104735505,0.11340643161123938
left_ankle_z,60,70,10,-0.10252429008483886,0.13392012816229792
right_elbow_z,70,125,55,-0.10253637313842773,0.12588251891484512
left_wrist_z,160,190,30,-0.10254114151000976,0.15721231115877016
left_wrist_z,130,170,40,-0.10255385160446168,0.11517047126707144
left_ankle_z,100,105,5,-0.10255572557449341,0.11811394943905526
right_ankle_z,80,135,55,-0.10257532596588134,0.10903272129248687
left_wrist_z,80,110,30,-0.10257754564285278,0.11912237097087307
right_knee_z,110,160,50,-0.10258212566375732,0.10541450000053808
left_wrist_z,80,105,25,-0.10261265754699707,0.11731766245021864
left_ankle_z,170,205,35,-0.10261344909667969,0.11450688634133692
left_knee_z,170,200,30,-0.10262511968612671,0.10922464693120294
left_ankle_z,90,145,55,-0.10263219594955444,0.12632838784339434
right_shoulder_z,60,105,45,-0.10263433694839477,0.1110989737065404
left_wrist_z,130,165,35,-0.10264327764511108,0.11820991210270555
left_shoulder_z,170,180,10,-0.10264736175537109,0.12716676573835684
right_knee_z,110,150,40,-0.10265354633331299,0.11063580855249928
right_wrist_z,140,155,15,-0.10265499114990234,0.11670647396054278
right_shoulder_z,90,140,50,-0.1026635456085205,0.11548635559147567
right_knee_z,100,150,50,-0.10267354249954223,0.11343141566095405
left_ankle_z,90,115,25,-0.10269295930862427,0.10968931955772372
left_elbow_z,60,115,55,-0.10270101070404053,0.11834475429207687
left_wrist_z,90,105,15,-0.10271263837814332,0.11731803456939251
left_knee_z,130,185,55,-0.1027293300628662,0.11228029202983117
right_elbow_z,120,125,5,-0.10273735046386719,0.10948864430286183
right_shoulder_z,100,115,15,-0.10274743318557739,0.11161996611191456
left_ankle_z,120,145,25,-0.10275274753570557,0.1215484839839684
right_elbow_z,90,100,10,-0.10276162624359131,0.11992491451107644
left_shoulder_z,80,120,40,-0.10278424024581909,0.12040976787380143
left_knee_z,160,165,5,-0.1027898621559143,0.11969504135676706
right_elbow_z,120,150,30,-0.10281331777572632,0.13175491528390249
left_ankle_z,100,125,25,-0.10283868551254273,0.12714986783957358
right_elbow_z,90,115,25,-0.10285796403884888,0.11688579443860896
right_wrist_z,60,110,50,-0.10287306070327759,0.11508693095257269
right_knee_z,170,190,20,-0.10287438869476319,0.1118848054563919
right_ankle_z,140,165,25,-0.1028808307647705,0.10653663080684068
right_ankle_z,130,180,50,-0.10288961172103882,0.11417963912121014
left_knee_z,70,85,15,-0.10289839506149293,0.10509958866866916
left_elbow_z,80,90,10,-0.10290135383605957,0.10948693418272894
left_shoulder_z,60,85,25,-0.10290791749954224,0.11010895324429525
left_wrist_z,140,170,30,-0.10290838241577148,0.11300851812640092
left_shoulder_z,70,80,10,-0.10293984174728393,0.10761283160962203
right_knee_z,80,115,35,-0.10294082641601562,0.11558564564734722
left_wrist_z,60,70,10,-0.10295032978057861,0.11795458957248471
left_ankle_z,120,160,40,-0.10297877550125122,0.11451392505863507
left_shoulder_z,160,165,5,-0.10299577713012695,0.11882063842620846
right_wrist_z,80,135,55,-0.10300868034362792,0.11707230489131984
left_elbow_z,100,145,45,-0.10304110050201416,0.13373293493050115
right_elbow_z,60,75,15,-0.10304824590682983,0.10550530808233569
right_hip_z,130,170,40,-0.10305866003036498,0.11092787834455094
right_ankle_z,100,145,45,-0.103074951171875,0.13480860702923203
left_shoulder_z,60,65,5,-0.10312788009643555,0.10831053105408812
left_shoulder_z,130,165,35,-0.10312840700149536,0.12105602476069353
right_ankle_z,60,100,40,-0.10314125061035156,0.11182964819127987
right_shoulder_z,70,110,40,-0.10314384460449219,0.10590606553299138
left_hip_z,90,140,50,-0.10314455270767212,0.12025151649608162
right_wrist_z,150,155,5,-0.10315120935440064,0.10936125506763869
right_knee_z,90,145,55,-0.10316752910614013,0.12422725570285888
right_knee_z,60,70,10,-0.10318558931350708,0.1261612208272745
right_shoulder_z,130,155,25,-0.10321621417999267,0.1324188558060235
left_shoulder_z,100,115,15,-0.1032255506515503,0.11432623991645655
right_wrist_z,90,105,15,-0.10322818994522094,0.12016998484782335
right_elbow_z,70,90,20,-0.10324246644973754,0.11256447554496692
right_hip_z,60,110,50,-0.10325809001922608,0.10836159255444486
left_knee_z,140,180,40,-0.10326040029525757,0.11469123893142857
left_knee_z,150,195,45,-0.10326220035552978,0.10821506629733806
left_knee_z,70,100,30,-0.10327926397323609,0.11077006176068895
right_shoulder_z,130,145,15,-0.10332526683807373,0.12312875964490196
right_ankle_z,150,200,50,-0.10335654497146607,0.12624655979590843
left_hip_z,70,110,40,-0.10336976528167724,0.11109685858518548
right_ankle_z,100,140,40,-0.10337260961532593,0.12835392901035786
right_shoulder_z,60,110,50,-0.10337583065032958,0.10789076563714939
right_hip_z,70,110,40,-0.10338716506958008,0.10921863647877715
left_wrist_z,70,110,40,-0.10339390993118286,0.11664874197986934
right_ankle_z,90,110,20,-0.10341559886932374,0.11682546302784408
right_elbow_z,60,70,10,-0.10344288825988769,0.10379445658227458
right_ankle_z,140,180,40,-0.10345475435256958,0.1131463266611346
left_knee_z,110,155,45,-0.10347403049468994,0.10607755722052056
left_ankle_z,130,165,35,-0.1034749174118042,0.11913256701303764
right_shoulder_z,100,135,35,-0.10348166227340698,0.11463644277772825
left_knee_z,110,165,55,-0.1034929633140564,0.10413324356584296
right_shoulder_z,60,95,35,-0.1035013222694397,0.11034872110495257
right_elbow_z,80,115,35,-0.10350817441940308,0.11790065079263869
left_elbow_z,80,135,55,-0.10350833654403686,0.119071484556345
left_hip_z,130,170,40,-0.10351760149002075,0.11168126577356963
left_wrist_z,160,200,40,-0.10351976871490479,0.13567812299100254
left_ankle_z,170,200,30,-0.10352664232254029,0.11413878021860112
left_ankle_z,120,125,5,-0.10354753017425537,0.10653570102269318
right_knee_z,90,95,5,-0.10355481147766113,0.10444336407997776
left_wrist_z,70,100,30,-0.10355647802352905,0.1082521184586647
left_wrist_z,70,105,35,-0.10355899810791015,0.11371552273873216
right_wrist_z,70,100,30,-0.10356607675552368,0.10872505876968047
left_hip_z,80,105,25,-0.10356616973876953,0.10989508488803458
right_wrist_z,60,105,45,-0.10357587814331054,0.1119545414143433
right_ankle_z,90,140,50,-0.10358278751373291,0.12769315334157377
left_shoulder_z,100,135,35,-0.10358442544937134,0.11332097280449299
left_ankle_z,90,140,50,-0.10359342813491822,0.12850077628076378
left_shoulder_z,130,175,45,-0.10360456228256226,0.11585831018265567
left_wrist_z,60,110,50,-0.10360633373260499,0.11301622210307907
left_shoulder_z,100,140,40,-0.10360686302185058,0.11705114495526174
right_elbow_z,70,95,25,-0.10360894203186036,0.112594122015772
right_elbow_z,150,155,5,-0.10362513780593872,0.10878577814267545
left_shoulder_z,80,115,35,-0.10363389492034912,0.11440743711290483
right_knee_z,70,80,10,-0.10367210865020753,0.10314019817348198
left_hip_z,100,145,45,-0.10368354320526123,0.112747674455819
left_wrist_z,150,185,35,-0.103709876537323,0.1625900941811505
right_elbow_z,90,105,15,-0.10372230052947998,0.11951987247703706
left_knee_z,90,100,10,-0.10373454570770263,0.11148159015484152
right_shoulder_z,80,125,45,-0.1037383770942688,0.11713115478743459
right_shoulder_z,140,155,15,-0.10379457950592041,0.11520969526736033
right_shoulder_z,70,105,35,-0.10380087852478027,0.10736952692551165
left_elbow_z,90,105,15,-0.1038407588005066,0.12050555738296177
right_elbow_z,60,90,30,-0.10384764671325683,0.11117814330415182
right_knee_z,90,130,40,-0.10386072397232056,0.10986333204292967
left_knee_z,100,135,35,-0.10386097192764282,0.11129521248307704
right_knee_z,70,85,15,-0.10386167526245117,0.1053671496135519
right_ankle_z,70,125,55,-0.10386500120162964,0.1377471055838999
left_elbow_z,80,95,15,-0.1038700008392334,0.11114531333184066
right_elbow_z,110,165,55,-0.10387837409973144,0.11019972987058149
left_elbow_z,160,190,30,-0.103880295753479,0.14075449073606427
left_knee_z,150,160,10,-0.10388431787490844,0.11032335195528646
left_shoulder_z,120,170,50,-0.10388761043548583,0.1092303879196543
left_wrist_z,130,140,10,-0.10395407438278198,0.1339984772144321
left_ankle_z,80,120,40,-0.10395476579666138,0.12019699428797728
left_elbow_z,70,115,45,-0.10395596027374268,0.1205951707478224
left_knee_z,170,195,25,-0.1039562177658081,0.10840173313848622
right_hip_z,140,155,15,-0.10396358251571655,0.1133892471000348
right_shoulder_z,170,205,35,-0.10396458387374878,0.10824456473950436
right_shoulder_z,130,175,45,-0.10400383234024048,0.1169395305892948
right_ankle_z,150,195,45,-0.10401878833770752,0.12367580852647203
right_elbow_z,140,160,20,-0.10402509927749634,0.11148309737401996
left_hip_z,160,210,50,-0.10402913570404053,0.14362558965442065
right_elbow_z,150,195,45,-0.10404344081878662,0.151058650859839
left_elbow_z,130,160,30,-0.1040726375579834,0.12183854989233628
right_elbow_z,110,150,40,-0.1040908145904541,0.1204026044704639
left_wrist_z,60,65,5,-0.10409615755081177,0.11189513857764577
left_ankle_z,160,200,40,-0.10410092115402221,0.1221299537534853
left_shoulder_z,70,110,40,-0.10410232305526733,0.10960031462210483
left_shoulder_z,60,75,15,-0.1041125464439392,0.10964351425584952
left_wrist_z,130,160,30,-0.10412277936935425,0.12673745075395393
left_ankle_z,130,150,20,-0.10413655281066894,0.11647859795900549
left_wrist_z,100,150,50,-0.10413949966430663,0.122526061453006
right_wrist_z,120,130,10,-0.10414437055587769,0.11723959948927357
left_hip_z,150,180,30,-0.10415195703506469,0.10949085549775152
right_hip_z,70,105,35,-0.1041998291015625,0.10799015314162472
left_wrist_z,80,90,10,-0.10420604705810547,0.11013476899429853
left_ankle_z,100,150,50,-0.10421161413192749,0.11694562163556182
left_ankle_z,60,100,40,-0.10421501159667969,0.11339686103813172
right_elbow_z,90,110,20,-0.10421683073043823,0.11558428467795508
right_elbow_z,80,135,55,-0.10421725034713746,0.12279784790054585
left_ankle_z,160,210,50,-0.10422829389572144,0.12275962750986887
right_elbow_z,130,170,40,-0.10426766872406006,0.11782558384239433
left_knee_z,100,110,10,-0.10427416563034057,0.11244187194181579
right_knee_z,70,110,40,-0.10427591562271118,0.11022984370034554
left_elbow_z,80,130,50,-0.10428800106048584,0.12043839403338225
right_wrist_z,140,160,20,-0.10429270267486572,0.11384343790913846
right_wrist_z,130,170,40,-0.10430413007736206,0.11695967803303822
left_knee_z,150,175,25,-0.10431089878082275,0.1056329280288126
right_elbow_z,80,100,20,-0.10431849956512451,0.11655994705631348
left_wrist_z,100,110,10,-0.10432048082351685,0.12052857758649985
left_shoulder_z,80,110,30,-0.10432074308395385,0.10918673526456782
right_knee_z,80,100,20,-0.10433098554611206,0.10586291132624881
left_hip_z,60,85,25,-0.1043363332748413,0.10833916353130736
left_wrist_z,120,175,55,-0.10435776472091675,0.11492556648539269
left_wrist_z,170,185,15,-0.10436419010162354,0.15717557760752074
left_shoulder_z,80,105,25,-0.10437042474746704,0.10723474149212786
right_hip_z,100,145,45,-0.10438246011734009,0.11229143586166841
right_knee_z,70,105,35,-0.10441250562667846,0.10466889889830773
right_ankle_z,140,195,55,-0.10442062854766845,0.11540680157416139
right_wrist_z,130,145,15,-0.10442101001739502,0.13719712371089285
right_shoulder_z,150,175,25,-0.10444139003753662,0.11085764579512936
left_hip_z,80,125,45,-0.1044454550743103,0.11622391083819496
left_shoulder_z,60,70,10,-0.1044507908821106,0.10945832731897634
left_elbow_z,90,100,10,-0.10446075439453124,0.11453003149363626
right_shoulder_z,80,135,55,-0.10448316335678101,0.11457404210589518
left_wrist_z,150,155,5,-0.10448812961578369,0.11238326967353383
left_elbow_z,120,155,35,-0.10450361490249634,0.12773343362565828
left_knee_z,160,195,35,-0.10450998544692994,0.11748281135883235
left_hip_z,160,205,45,-0.10452558994293212,0.13770087192895558
right_hip_z,100,135,35,-0.10453126907348632,0.11307214478335918
right_shoulder_z,160,190,30,-0.10453187942504882,0.12267056489451147
right_elbow_z,80,105,25,-0.10453299522399902,0.1180722240838776
left_ankle_z,160,195,35,-0.10453639268875121,0.12447675500756457
right_elbow_z,80,110,30,-0.10454049348831176,0.11646280551330877
right_knee_z,80,105,25,-0.10454553842544556,0.10794824157490544
right_hip_z,140,165,25,-0.10456961631774903,0.10912164653793525
left_wrist_z,150,180,30,-0.10457809209823608,0.15265230243672084
left_ankle_z,70,115,45,-0.10458265781402588,0.11065713880361634
left_knee_z,80,115,35,-0.10459238052368164,0.1195803610429863
right_hip_z,70,75,5,-0.10460454225540161,0.11205637873729046
right_shoulder_z,130,160,30,-0.1046138072013855,0.1287209583354387
right_ankle_z,160,185,25,-0.10462097644805908,0.12090628807595397
right_elbow_z,120,160,40,-0.1046429681777954,0.12439209395421566
right_wrist_z,110,140,30,-0.10464641332626343,0.1052234990669738
right_shoulder_z,100,130,30,-0.10465846061706544,0.11685932285382264
left_shoulder_z,70,75,5,-0.10465851306915283,0.11030305276428881
right_hip_z,130,145,15,-0.10466447591781616,0.1290128884644926
left_shoulder_z,80,125,45,-0.10467453002929687,0.12291051008661001
left_ankle_z,140,180,40,-0.10469597339630127,0.11161222646958467
right_knee_z,160,165,5,-0.10469602108001709,0.11552288958695482
right_wrist_z,140,170,30,-0.10470551013946533,0.11396688330831226
right_knee_z,80,110,30,-0.104787175655365,0.11256039205413171
right_ankle_z,140,185,45,-0.10480517625808716,0.11268026753732271
right_shoulder_z,160,200,40,-0.10481590032577515,0.13084925497373998
left_wrist_z,100,155,55,-0.10482690572738647,0.11951757614473581
left_elbow_z,60,75,15,-0.10483597040176391,0.11167725125642702
right_hip_z,60,85,25,-0.1048508071899414,0.10871123642347372
left_knee_z,150,190,40,-0.10486912727355957,0.11217864812717668
right_elbow_z,90,140,50,-0.10488068103790284,0.12580204224059346
right_elbow_z,60,110,50,-0.10488354921340942,0.11587329459524028
right_elbow_z,80,130,50,-0.10488833904266358,0.12594737296600078
right_elbow_z,150,200,50,-0.10493432521820069,0.1475876475475248
left_wrist_z,150,190,40,-0.10494377851486206,0.157808621276202
left_wrist_z,170,205,35,-0.1049509859085083,0.11478840900372304
left_ankle_z,170,190,20,-0.10496818780899048,0.122438390054723
right_knee_z,150,160,10,-0.10498661279678345,0.1134167968177041
left_wrist_z,100,145,45,-0.10501907110214233,0.12210206227087586
right_knee_z,150,190,40,-0.10502521991729737,0.11559834678797531
right_hip_z,80,125,45,-0.10509085178375244,0.11453029261770237
left_elbow_z,110,140,30,-0.1051055908203125,0.11125649345072176
left_shoulder_z,120,130,10,-0.10511530399322509,0.1023680091244503
right_ankle_z,100,120,20,-0.10516033887863159,0.12446538921338958
left_wrist_z,80,95,15,-0.10518378019332886,0.11112066613640753
right_elbow_z,140,170,30,-0.10519334077835082,0.11358967185659913
right_knee_z,160,190,30,-0.10521536111831666,0.12062502673833474
right_elbow_z,60,105,45,-0.10523173570632935,0.11580410050773238
right_elbow_z,150,170,20,-0.10524161100387573,0.11979848209830345
left_knee_z,170,190,20,-0.10525083541870117,0.10945090211395403
right_knee_z,160,200,40,-0.10525572061538696,0.12838917437683678
left_wrist_z,80,130,50,-0.10525935888290405,0.11850523167047956
left_elbow_z,80,100,20,-0.10525964736938477,0.11336236006554028
left_ankle_z,90,120,30,-0.10526065587997437,0.12007827447727387
left_shoulder_z,150,155,5,-0.10526089191436767,0.1066328208750728
left_wrist_z,60,100,40,-0.10526642560958863,0.10641420214430905
right_knee_z,150,200,50,-0.10527570724487305,0.110941037995345
left_elbow_z,60,65,5,-0.10529587030410767,0.10950587321630423
left_ankle_z,80,115,35,-0.1052959156036377,0.11036280782668376
left_shoulder_z,160,180,20,-0.1053073000907898,0.12395377319127746
right_shoulder_z,70,75,5,-0.10531496286392211,0.10818194801761435
left_shoulder_z,120,125,5,-0.10532107353210449,0.10412551762674138
left_hip_z,100,135,35,-0.10539623498916625,0.11446896267453296
left_elbow_z,80,110,30,-0.10539831638336182,0.11778785323119685
right_elbow_z,60,95,35,-0.10539911985397339,0.11268924155851105
left_hip_z,140,165,25,-0.10543039560317993,0.11020525682444779
left_ankle_z,140,175,35,-0.10543191432952881,0.1095101264365578
left_hip_z,140,160,20,-0.10547878503799439,0.11104925984065779
left_elbow_z,120,175,55,-0.10548539400100708,0.11550408948042626
right_hip_z,100,110,10,-0.10549673080444336,0.10669414750999026
right_knee_z,100,135,35,-0.10551290035247803,0.11106589746047345
right_elbow_z,100,110,10,-0.10553589582443237,0.11931721716841866
right_hip_z,140,170,30,-0.10555892467498779,0.11151230602578968
left_knee_z,140,185,45,-0.10556872129440308,0.11249617109398559
left_shoulder_z,100,130,30,-0.10559046983718873,0.11480662065115921
left_shoulder_z,150,160,10,-0.10563251495361328,0.10677633125007502
right_elbow_z,120,155,35,-0.10565410137176513,0.12966241636217413
right_knee_z,80,130,50,-0.1056577754020691,0.11017840618459843
right_wrist_z,80,100,20,-0.1056582760810852,0.11554022426060268
right_ankle_z,100,105,5,-0.10566092491149902,0.12426589353664627
left_wrist_z,160,165,5,-0.10567694425582885,0.12567068507521348
right_ankle_z,140,190,50,-0.1056815242767334,0.11407882797231636
left_ankle_z,160,205,45,-0.10568156003952027,0.12194877660940275
left_shoulder_z,60,115,55,-0.10568161487579346,0.11320564296096862
right_knee_z,150,195,45,-0.10570541858673095,0.11179123724176579
left_knee_z,100,140,40,-0.105708487033844,0.12316172190504668
right_knee_z,60,75,15,-0.10571364402770995,0.1168620018874501
left_elbow_z,140,160,20,-0.10571538209915161,0.11156525833531362
left_shoulder_z,90,95,5,-0.10571720123291016,0.10881314259310089
right_shoulder_z,60,80,20,-0.1057203984260559,0.10620536573089609
left_hip_z,80,110,30,-0.10573988676071167,0.11126321191735049
right_elbow_z,70,115,45,-0.10574802160263061,0.11813277095376702
right_hip_z,150,160,10,-0.10575045585632324,0.11121957399743775
right_wrist_z,120,165,45,-0.10576849222183228,0.12291066390302069
right_elbow_z,110,160,50,-0.10578709602355957,0.11277530505507069
left_shoulder_z,140,185,45,-0.10582810878753662,0.10008834494083237
right_hip_z,160,190,30,-0.10588832378387451,0.12326111695011717
left_elbow_z,90,110,20,-0.10589754104614257,0.11681945832218313
left_ankle_z,100,140,40,-0.10591248512268066,0.13148078476959815
right_knee_z,90,140,50,-0.10593307971954345,0.12472595766136259
right_shoulder_z,100,110,10,-0.1059586238861084,0.11367055215105086
right_elbow_z,160,195,35,-0.105964994430542,0.1564095298070268
right_hip_z,150,180,30,-0.10611268520355224,0.11136574872996717
right_shoulder_z,130,165,35,-0.10615231990814208,0.12185405813306117
right_hip_z,80,135,55,-0.10616013526916504,0.11261281132773457
left_elbow_z,150,200,50,-0.10617448091506958,0.13624717964016417
right_wrist_z,120,145,25,-0.10617887735366821,0.13403859452178177
left_elbow_z,160,200,40,-0.10620076417922973,0.12371407403610755
right_hip_z,160,200,40,-0.10620388746261597,0.13352803796429819
right_ankle_z,160,170,10,-0.10621077299118042,0.11502972134771558
right_ankle_z,90,115,25,-0.106219801902771,0.11591359699767263
left_elbow_z,130,165,35,-0.1062228536605835,0.11657046200407997
left_ankle_z,140,165,25,-0.10622797727584839,0.10958744298868743
right_hip_z,140,160,20,-0.10623724699020386,0.10995807389373333
left_shoulder_z,60,105,45,-0.10623826742172242,0.1140367195293905
left_knee_z,150,170,20,-0.10626780033111573,0.10347694648024423
right_shoulder_z,150,160,10,-0.10628897428512574,0.11226975300565635
right_elbow_z,170,195,25,-0.10630222558975219,0.13239102536633773
right_wrist_z,140,165,25,-0.10630743265151978,0.11412330187981601
left_shoulder_z,130,170,40,-0.1063272762298584,0.11485553451678772
left_wrist_z,90,145,55,-0.10633409976959228,0.1302943594859303
left_shoulder_z,120,175,55,-0.10634928464889526,0.11008301846858064
right_elbow_z,70,100,30,-0.10635158777236939,0.1141213223531012
right_wrist_z,170,195,25,-0.10637037992477417,0.1508422423934742
left_elbow_z,140,170,30,-0.10638509750366211,0.1118271032130391
right_knee_z,160,195,35,-0.10638932228088378,0.12283933189484507
left_wrist_z,60,105,45,-0.10640152454376221,0.11045643180429222
left_knee_z,110,160,50,-0.10640385150909423,0.10491393121014934
left_shoulder_z,80,135,55,-0.10640772342681885,0.11402713781154966
right_knee_z,100,145,45,-0.10642727136611939,0.12022699101102119
right_ankle_z,90,95,5,-0.1064680814743042,0.1237274247690845
left_shoulder_z,60,95,35,-0.10649051427841187,0.11497474311081153
right_shoulder_z,60,115,55,-0.10649799108505249,0.11001967124072924
right_elbow_z,70,105,35,-0.10651303052902222,0.11605405373028857
left_elbow_z,120,150,30,-0.1065333366394043,0.13473351207221967
left_wrist_z,70,90,20,-0.10653822660446167,0.10794818444812439
right_elbow_z,70,110,40,-0.10654491901397706,0.11600670571154642
right_hip_z,80,110,30,-0.1065632963180542,0.10945726894887609
right_hip_z,130,140,10,-0.10656383752822876,0.13442026994382628
left_wrist_z,150,200,50,-0.10658390045166016,0.13555604081078973
left_ankle_z,140,170,30,-0.10660736322402954,0.10880763602724933
right_shoulder_z,100,140,40,-0.10662749767303467,0.11241209166331324
right_elbow_z,60,115,55,-0.10662971496582031,0.11800557554265155
left_hip_z,170,175,5,-0.10665129899978637,0.12977538307843786
left_wrist_z,70,95,25,-0.10669727563858032,0.10649160778911652
right_hip_z,80,105,25,-0.10673296689987183,0.10916260989311258
left_wrist_z,120,140,20,-0.10673449754714966,0.1343233695846638
left_knee_z,120,130,10,-0.10674591064453125,0.11492349371353623
left_shoulder_z,140,160,20,-0.10675750970840454,0.1090444762772552
left_knee_z,90,130,40,-0.1067764401435852,0.11049080730886952
right_knee_z,60,105,45,-0.10677984952926636,0.12080908506942693
left_wrist_z,70,80,10,-0.10679741144180298,0.1169383828609871
left_hip_z,160,165,5,-0.1067979645729065,0.11730875319569159
right_wrist_z,150,160,10,-0.10683644771575927,0.10862705701262812
left_shoulder_z,140,195,55,-0.10686519384384155,0.10079213295611689
left_hip_z,150,175,25,-0.10686582803726197,0.10601115745275683
left_shoulder_z,90,130,40,-0.10687607526779175,0.1182469107861193
right_ankle_z,150,190,40,-0.10689257621765137,0.12396170652619273
left_shoulder_z,170,200,30,-0.10691392898559571,0.10785175655007143
left_wrist_z,90,140,50,-0.10692852973937989,0.1240823384634843
right_elbow_z,90,95,5,-0.10693839311599732,0.11647662372125508
left_hip_z,70,80,10,-0.1069412636756897,0.10895867361756247
right_wrist_z,120,160,40,-0.10695605754852294,0.125928124075968
right_wrist_z,90,100,10,-0.10696282148361207,0.11376370382771622
right_ankle_z,80,110,30,-0.10697030067443848,0.12506522026905534
right_wrist_z,80,90,10,-0.10699893474578857,0.10733633381621141
right_shoulder_z,80,130,50,-0.10702104330062866,0.11575935703831972
right_elbow_z,110,155,45,-0.10703858613967895,0.11710940172719536
right_knee_z,100,130,30,-0.10704505443572998,0.10976589335193039
left_elbow_z,100,110,10,-0.10707726955413818,0.12033122256776921
left_hip_z,150,160,10,-0.10708531618118286,0.10783455048471605
left_shoulder_z,160,175,15,-0.1070912742614746,0.11475570980352019
right_wrist_z,90,95,5,-0.10719968557357788,0.11013995189377403
right_hip_z,160,195,35,-0.10724089145660401,0.12703018669176178
left_knee_z,80,100,20,-0.10724146604537964,0.11121323584802913
left_hip_z,100,110,10,-0.10724740982055664,0.10891190161444435
right_hip_z,100,140,40,-0.10725996017456055,0.11805346058950955
left_wrist_z,70,85,15,-0.10726564168930054,0.11060141691912821
left_ankle_z,170,175,5,-0.10730118274688721,0.12209906150970772
left_elbow_z,120,160,40,-0.10732711791992187,0.12114119988065555
right_hip_z,90,130,40,-0.10732869148254394,0.11403549679575896
left_ankle_z,100,145,45,-0.10735958337783813,0.13077492049069553
left_wrist_z,150,175,25,-0.1073956847190857,0.13450873891151227
right_hip_z,160,170,10,-0.10740708589553832,0.11121184847934004
left_knee_z,70,110,40,-0.10741889953613282,0.11350234194376338
right_hip_z,170,175,5,-0.10744887828826905,0.1274094652413503
right_ankle_z,130,140,10,-0.10746651172637939,0.13755651731907798
left_shoulder_z,140,180,40,-0.10752082347869873,0.10511405811531176
right_ankle_z,60,110,50,-0.10752548217773437,0.12357533777130916
right_knee_z,130,140,10,-0.1075440502166748,0.1448195288929715
left_elbow_z,150,195,45,-0.10755697011947632,0.14166117354654917
left_shoulder_z,60,110,50,-0.10759584426879883,0.1107082570701214
right_elbow_z,130,145,15,-0.1076102066040039,0.13889692088322103
left_hip_z,160,200,40,-0.107636981010437,0.13437744008305252
right_shoulder_z,140,160,20,-0.1076642084121704,0.1122921268038551
left_wrist_z,150,165,15,-0.10768391609191895,0.11057619849291654
left_knee_z,160,170,10,-0.10768822193145752,0.11144669573468786
left_wrist_z,150,160,10,-0.10778811693191528,0.11032307985927031
left_ankle_z,160,165,5,-0.10780739068984985,0.11543916262223111
left_ankle_z,130,185,55,-0.1078362774848938,0.11290595674888156
right_wrist_z,130,165,35,-0.10787321090698242,0.12130311755048243
left_hip_z,80,135,55,-0.10787463188171387,0.1135091093993398
left_shoulder_z,160,195,35,-0.10788233757019043,0.13306663759022133
left_knee_z,80,130,50,-0.10789505958557129,0.11042531332493348
left_wrist_z,120,160,40,-0.10790622711181641,0.12760567202395187
left_elbow_z,170,210,40,-0.10797723770141601,0.1086022557920867
right_elbow_z,140,165,25,-0.10798332214355469,0.11288561757207935
left_elbow_z,70,100,30,-0.10801188468933105,0.11206627792571319
left_knee_z,140,190,50,-0.10801643371582031,0.11327139265422634
left_knee_z,80,110,30,-0.10802729845046997,0.11346402823240924
left_hip_z,60,100,40,-0.10803423881530762,0.11054388375047125
right_ankle_z,130,185,55,-0.10803538084030151,0.1107301446684239
right_knee_z,140,190,50,-0.10803680181503296,0.11050288054588726
right_elbow_z,150,160,10,-0.10803939342498779,0.11047973177904205
left_knee_z,70,80,10,-0.10804712295532226,0.10311547695518425
left_shoulder_z,170,185,15,-0.1080565881729126,0.12848493665056424
right_wrist_z,110,160,50,-0.10805945873260497,0.11937898591933298
left_elbow_z,70,110,40,-0.10810417652130128,0.11838042676722381
left_shoulder_z,160,185,25,-0.1081300687789917,0.13148262145100068
left_ankle_z,100,110,10,-0.10814050436019898,0.12082409757263288
left_wrist_z,150,195,45,-0.10815610647201539,0.14409982843853472
left_shoulder_z,140,190,50,-0.10820826292037963,0.09964931762454934
left_hip_z,100,140,40,-0.10820883274078369,0.1191529126112447
left_knee_z,150,180,30,-0.10824267625808716,0.11409733136388132
left_ankle_z,160,190,30,-0.10827898740768432,0.12312195099315465
right_elbow_z,100,105,5,-0.10829700469970703,0.1249468671381085
right_wrist_z,120,155,35,-0.10836885213851928,0.13164501334196332
left_knee_z,160,190,30,-0.10839215755462646,0.11448550995436357
left_hip_z,160,190,30,-0.10842065334320068,0.12224639501765638
right_knee_z,60,85,25,-0.10843268394470215,0.10678294196748601
left_hip_z,140,170,30,-0.10843396902084351,0.11128728839849855
left_knee_z,70,75,5,-0.10845273971557617,0.10577907060125387
right_knee_z,70,75,5,-0.10845586776733399,0.10662423231855708
right_wrist_z,80,85,5,-0.10845755100250244,0.10450683389604985
right_wrist_z,150,170,20,-0.10846987962722779,0.11759524680029738
left_knee_z,70,105,35,-0.10847359180450439,0.10947149107778496
right_knee_z,160,185,25,-0.10849766492843628,0.11696416860219427
left_hip_z,80,100,20,-0.10851371049880981,0.11212587999019287
left_shoulder_z,60,80,20,-0.10854251861572266,0.10921176131038836
left_knee_z,80,105,25,-0.10854327201843261,0.11013512841445249
left_ankle_z,90,95,5,-0.10854703187942505,0.11132239748974745
left_ankle_z,140,185,45,-0.10859081506729126,0.11133977304172094
left_ankle_z,90,130,40,-0.1086054229736328,0.10875732750374274
left_shoulder_z,100,110,10,-0.10863628149032593,0.11537661626316341
right_ankle_z,70,110,40,-0.10863729953765869,0.13598990218521897
right_ankle_z,80,100,20,-0.10864157438278198,0.1180218076332889
right_wrist_z,120,150,30,-0.10869554281234742,0.1376540858247152
left_ankle_z,100,120,20,-0.10871699333190918,0.126710473313935
left_ankle_z,150,175,25,-0.10871796131134033,0.10779606046403258
left_knee_z,60,105,45,-0.10874544382095337,0.1146241278243552
left_hip_z,90,130,40,-0.10876679420471191,0.11527507849910486
left_knee_z,150,185,35,-0.10879218101501464,0.11289563340095388
left_ankle_z,160,180,20,-0.10880411386489869,0.10677085702892782
left_wrist_z,120,145,25,-0.1088189697265625,0.1382857716422033
right_shoulder_z,140,195,55,-0.1088636875152588,0.10817118739859677
left_wrist_z,110,160,50,-0.10886467456817626,0.12142130032334639
left_elbow_z,80,105,25,-0.1090093994140625,0.11984176562837008
right_knee_z,120,130,10,-0.10903765916824341,0.1169352974523181
right_shoulder_z,130,170,40,-0.10904241800308227,0.11628535229015499
right_ankle_z,70,100,30,-0.10904843330383301,0.12749882336063503
left_shoulder_z,170,195,25,-0.10908091068267822,0.11434650075418631
right_elbow_z,130,165,35,-0.10914430856704711,0.12228124576800806
right_ankle_z,120,125,5,-0.10916676044464112,0.10417342543542057
left_ankle_z,150,160,10,-0.10917880058288575,0.10920346923158511
left_ankle_z,60,110,50,-0.10922943592071534,0.11171549220937249
left_knee_z,60,115,55,-0.10924336194992065,0.12198271963498607
left_elbow_z,60,110,50,-0.10924508333206177,0.11747783321320446
left_wrist_z,120,165,45,-0.10930095195770263,0.12070776776395888
left_ankle_z,160,175,15,-0.10932271480560303,0.10573710757896815
left_elbow_z,110,165,55,-0.10937205076217651,0.10839570269104251
right_wrist_z,120,125,5,-0.10939717054367065,0.11564299029505462
left_elbow_z,140,165,25,-0.1094010090827942,0.11064001123496532
left_ankle_z,120,130,10,-0.10943683862686157,0.10516325019246972
left_knee_z,60,85,25,-0.10950927019119262,0.11064713165298534
left_wrist_z,110,145,35,-0.10952347040176391,0.11992863662112634
left_wrist_z,130,155,25,-0.10952489376068116,0.13455995477484112
right_elbow_z,130,160,30,-0.10952977418899536,0.1267458551591099
left_hip_z,70,75,5,-0.10953827381134033,0.11505766201841108
left_elbow_z,60,100,40,-0.10958184003829956,0.11179933472523967
right_elbow_z,170,190,20,-0.10958410501480102,0.1457394100943775
right_wrist_z,150,165,15,-0.10960304260253906,0.11033655845470439
left_ankle_z,100,115,15,-0.10962101936340332,0.11745178053873669
left_shoulder_z,80,130,50,-0.10962280988693238,0.11843353135144699
left_wrist_z,120,155,35,-0.10962624549865722,0.13296128620304185
right_ankle_z,170,180,10,-0.10962676286697387,0.11333726144634768
left_knee_z,60,75,15,-0.10966420888900758,0.12437583292630537
right_knee_z,170,185,15,-0.10966597557067871,0.10747184648880831
right_knee_z,60,115,55,-0.10967219352722168,0.120494383245326
right_ankle_z,80,95,15,-0.10968848943710327,0.10964223720526067
right_wrist_z,110,145,35,-0.10977733612060547,0.11442640153766921
left_hip_z,60,80,20,-0.10979994535446166,0.11330642021511454
left_shoulder_z,160,170,10,-0.10982922315597535,0.11324170014392562
right_hip_z,80,100,20,-0.10985419988632202,0.11024866594661353
right_wrist_z,170,200,30,-0.1098903775215149,0.15225527976560277
right_wrist_z,130,160,30,-0.10989386320114136,0.12644819396415946
left_knee_z,60,100,40,-0.10989467859268189,0.11579002267553518
left_wrist_z,150,170,20,-0.10989521980285645,0.11931847883964529
left_ankle_z,80,130,50,-0.10989549160003662,0.10792661072039517
right_knee_z,150,185,35,-0.1099026083946228,0.1151725371979651
right_hip_z,100,130,30,-0.10990294456481933,0.11489315497980468
left_hip_z,160,195,35,-0.10990677118301391,0.12807153271987146
right_shoulder_z,60,100,40,-0.10990792274475097,0.11164299467679131
right_wrist_z,110,155,45,-0.10991212844848633,0.12357890698223155
right_shoulder_z,120,125,5,-0.10991863489151,0.10811716875364938
left_knee_z,150,165,15,-0.10992353439331054,0.10546931951990579
right_hip_z,150,175,25,-0.10996110916137695,0.10830488614328242
left_elbow_z,110,160,50,-0.10996294498443604,0.11285495939417828
left_knee_z,100,130,30,-0.10998128652572632,0.11245991326421877
right_ankle_z,150,175,25,-0.10999075889587402,0.11265183426859358
left_elbow_z,120,145,25,-0.10999545335769653,0.13788859070817744
left_wrist_z,100,105,5,-0.10999842405319214,0.12764272083634298
left_elbow_z,170,205,35,-0.1100071406364441,0.10666563823986298
right_ankle_z,150,170,20,-0.11000911474227905,0.10953967473527781
left_wrist_z,110,165,55,-0.11002476692199707,0.11541588300169979
right_ankle_z,100,130,30,-0.1100724196434021,0.1065465238342009
right_hip_z,60,100,40,-0.11010302782058716,0.11076349022751286
left_hip_z,100,130,30,-0.11010561227798461,0.11492569346823707
right_knee_z,60,100,40,-0.11019261121749878,0.10968212901094536
right_shoulder_z,80,100,20,-0.11021235704421997,0.1082096628402813
right_wrist_z,110,165,55,-0.11027230739593506,0.11662787265342558
left_elbow_z,150,165,15,-0.11028816699981689,0.1125619679057334
right_hip_z,160,185,25,-0.11029325962066651,0.11902309763087915
left_wrist_z,120,150,30,-0.11041354417800903,0.13903585517899655
right_knee_z,100,140,40,-0.11043088912963867,0.12395122021476114
right_knee_z,160,180,20,-0.1104547119140625,0.11313946891811326
right_hip_z,80,130,50,-0.11051510334014893,0.11375323918154077
left_hip_z,150,170,20,-0.11051606655120849,0.10623578179152743
right_shoulder_z,160,175,15,-0.11053974151611329,0.10651744110651203
left_hip_z,160,170,10,-0.11054665327072144,0.11222410218036094
right_ankle_z,90,130,40,-0.11055605888366699,0.10436081343609993
left_wrist_z,120,170,50,-0.11055756092071534,0.11453264714706222
left_elbow_z,70,105,35,-0.11058244466781617,0.12087338357474646
right_shoulder_z,160,195,35,-0.11058711051940918,0.12929629201856496
right_hip_z,140,175,35,-0.11058953523635864,0.11247606468318684
left_ankle_z,160,170,10,-0.11059805870056152,0.10950891201881398
left_shoulder_z,170,190,20,-0.11059845209121705,0.12223267931836135
left_wrist_z,160,195,35,-0.11063268184661865,0.15329748189134101
left_elbow_z,120,140,20,-0.11063997030258178,0.13733563205923632
left_ankle_z,150,170,20,-0.1107692813873291,0.10597897939500175
left_elbow_z,110,155,45,-0.11080110311508179,0.11811521797784119
left_ankle_z,160,185,25,-0.11080440998077393,0.115064008869372
left_ankle_z,100,130,30,-0.11081605911254883,0.11074761608256964
right_knee_z,120,125,5,-0.11084693908691406,0.11075509447508228
left_knee_z,140,195,55,-0.11085738897323609,0.11175785821840974
right_ankle_z,70,120,50,-0.11088725090026856,0.13922797625896186
left_elbow_z,120,170,50,-0.11098448276519775,0.11049155274482143
left_shoulder_z,80,100,20,-0.11100417613983155,0.10870387763469279
right_knee_z,160,170,10,-0.11103317975997924,0.10943852178341856
left_hip_z,140,175,35,-0.11111442565917969,0.1116650259765301
right_ankle_z,120,130,10,-0.11116296768188477,0.10547146385819892
left_knee_z,90,95,5,-0.11117170095443725,0.10985661622983187
left_shoulder_z,140,165,25,-0.11118536949157715,0.10623584159981062
right_ankle_z,80,120,40,-0.11125160455703735,0.13121481716209207
left_wrist_z,110,155,45,-0.11131942272186279,0.1256517536777292
left_ankle_z,60,65,5,-0.11139869451522827,0.13271099757333532
right_knee_z,170,175,5,-0.11149412870407105,0.11981165262713005
right_elbow_z,150,165,15,-0.11151068449020386,0.11521387525609623
right_knee_z,140,195,55,-0.11154056787490844,0.11046696459786831
right_ankle_z,150,165,15,-0.1115462565422058,0.10823449902079446
right_hip_z,60,80,20,-0.11166561841964721,0.11175886446303929
left_shoulder_z,160,190,30,-0.11172895908355712,0.13396765939438532
left_ankle_z,150,195,45,-0.11173245906829835,0.11865875359014318
left_ankle_z,170,185,15,-0.11174630641937255,0.11675847055488343
left_hip_z,80,130,50,-0.11176087856292724,0.11469036987342555
right_wrist_z,110,150,40,-0.1118080472946167,0.12382461236113615
right_knee_z,150,165,15,-0.11192294836044311,0.11003694390278304
right_knee_z,170,180,10,-0.11195765733718872,0.11981686898688808
left_elbow_z,120,165,45,-0.11195873737335205,0.11514774657500418
left_hip_z,150,165,15,-0.11198581457138061,0.10511212924271683
right_shoulder_z,140,165,25,-0.11201077461242676,0.1093126104482584
left_ankle_z,150,200,50,-0.11202834606170654,0.11523134856975147
left_knee_z,60,110,50,-0.1120622444152832,0.11738204277956447
right_shoulder_z,170,200,30,-0.11216655254364014,0.1107140435613937
left_hip_z,140,180,40,-0.11218358993530274,0.11264547082783359
left_ankle_z,150,180,30,-0.11226649045944213,0.11073411936680787
right_ankle_z,100,110,10,-0.11226998805999756,0.1306205120256773
right_ankle_z,160,175,15,-0.11229784250259399,0.11707864558798055
left_wrist_z,110,150,40,-0.11229947805404664,0.12731647880711675
left_elbow_z,110,145,35,-0.11230467557907105,0.11726341779185778
left_ankle_z,170,180,10,-0.11230801582336426,0.11522424272392934
right_knee_z,150,180,30,-0.1123654580116272,0.11639548518437783
left_hip_z,160,185,25,-0.11237539291381836,0.11419204165262692
left_ankle_z,140,195,55,-0.11245691061019897,0.1134677387422633
right_elbow_z,80,85,5,-0.11248733043670654,0.11087815788198535
left_ankle_z,140,190,50,-0.11248897075653076,0.11427631014149854
right_knee_z,160,175,15,-0.11258452892303467,0.10651546457137068
right_ankle_z,160,180,20,-0.112740159034729,0.11985228061667251
left_knee_z,170,175,5,-0.11279826164245606,0.13388075735733113
right_elbow_z,130,155,25,-0.1128145694732666,0.1345043689198456
left_elbow_z,150,155,5,-0.1129033350944519,0.10718374803084987
left_knee_z,160,175,15,-0.11292922496795654,0.10838937611765104
right_shoulder_z,170,195,25,-0.11296831130981445,0.11532593406472923
right_knee_z,60,110,50,-0.1129762077331543,0.12274503296857195
right_knee_z,150,170,20,-0.11306368589401244,0.10821009693467581
right_knee_z,150,175,25,-0.11309141874313354,0.10986658001364699
left_elbow_z,150,160,10,-0.1131248927116394,0.10728603616822732
left_elbow_z,110,150,40,-0.11323934555053711,0.12183497569594796
left_elbow_z,170,185,15,-0.11331149101257325,0.1342341815479702
left_elbow_z,60,70,10,-0.11335166692733764,0.11652873298823384
left_shoulder_z,140,175,35,-0.11338910102844238,0.10722543739917118
right_ankle_z,170,175,5,-0.11340239763259888,0.11510334366660298
right_ankle_z,150,180,30,-0.11343535661697388,0.11742184318642628
right_shoulder_z,140,175,35,-0.11343970060348511,0.11201461959717629
right_hip_z,140,180,40,-0.11347209692001342,0.1126650954243228
left_elbow_z,130,140,10,-0.11348997116088867,0.13939257759871126
left_knee_z,60,80,20,-0.11349157810211181,0.11084018330961433
left_elbow_z,170,200,30,-0.11355291843414307,0.1064723370151332
right_hip_z,150,170,20,-0.11373342275619507,0.10938508791488938
left_knee_z,170,185,15,-0.11375124454498291,0.10726063319317676
right_shoulder_z,150,170,20,-0.11376552104949951,0.10928908711178827
right_wrist_z,130,155,25,-0.11376872777938843,0.13559518010575017
right_ankle_z,100,115,15,-0.11379831075668335,0.12195735310632964
left_knee_z,120,125,5,-0.11392459869384766,0.11143054157357685
left_elbow_z,60,105,45,-0.11392721652984619,0.12530926767304346
right_shoulder_z,150,165,15,-0.11404048919677734,0.10890932402083016
right_ankle_z,80,115,35,-0.11408362627029418,0.1228324617155344
right_hip_z,150,165,15,-0.11411849021911621,0.10912267644598793
right_wrist_z,130,150,20,-0.1141214656829834,0.14101679977924073
left_shoulder_z,140,170,30,-0.1142848014831543,0.10720412260530293
left_ankle_z,150,165,15,-0.11430175304412842,0.10426900099345415
left_knee_z,160,185,25,-0.11431013107299805,0.11306882983575747
right_ankle_z,150,185,35,-0.11432612419128418,0.12244076318552823
left_wrist_z,130,150,20,-0.11437038898468017,0.13662571805730245
left_elbow_z,160,195,35,-0.11438634157180787,0.14280190690976632
left_ankle_z,130,145,15,-0.1144874119758606,0.13028678207549638
right_shoulder_z,160,165,5,-0.11450020790100097,0.11513359322155091
right_elbow_z,80,95,15,-0.11458292961120606,0.11458476415810824
left_wrist_z,170,190,20,-0.11474480152130127,0.14139901383685125
left_ankle_z,150,190,40,-0.11477696657180786,0.12129449052331853
left_hip_z,140,185,45,-0.11502381324768067,0.11105877928162318
right_hip_z,160,175,15,-0.11525530099868775,0.10575410121616405
left_knee_z,170,180,10,-0.11548243284225464,0.12274278768570633
right_elbow_z,130,150,20,-0.11552916765213013,0.1407586244650597
left_elbow_z,130,145,15,-0.11557259798049926,0.13470829373812576
right_hip_z,160,180,20,-0.11557673215866089,0.11188926472025658
left_ankle_z,150,205,55,-0.1157526159286499,0.1214028725990497
left_shoulder_z,60,100,40,-0.11576435089111328,0.11626659670882493
left_hip_z,160,175,15,-0.11587020874023438,0.10706235880994436
left_ankle_z,60,115,55,-0.11594458818435668,0.1179446734833872
left_elbow_z,170,195,25,-0.11635653734207153,0.11110525758147799
left_knee_z,160,180,20,-0.1163784408569336,0.11271408233970907
right_ankle_z,80,130,50,-0.11640483617782593,0.11081027050636011
right_hip_z,140,185,45,-0.11644833326339722,0.11257830076127893
right_shoulder_z,140,170,30,-0.11656639337539673,0.1111674417130111
left_ankle_z,150,185,35,-0.11659518718719482,0.11527010651122582
right_ankle_z,70,115,45,-0.11679257154464721,0.13356360421122804
left_hip_z,160,180,20,-0.11692696332931518,0.109852212224623
right_hip_z,140,190,50,-0.11700353860855102,0.11212502491819253
right_knee_z,60,80,20,-0.11724353551864625,0.11012815954798223
left_wrist_z,130,145,15,-0.11752358198165894,0.13428634409409282
right_hip_z,140,195,55,-0.11758971214294434,0.11362108794336132
left_elbow_z,170,190,20,-0.11764827728271485,0.12198456426319353
left_hip_z,140,190,50,-0.1178419065475464,0.1095284765209705
left_hip_z,140,195,55,-0.11793606281280518,0.11171927168605719
left_wrist_z,170,200,30,-0.11800452947616577,0.12365240106279682
left_ankle_z,130,140,10,-0.11834072828292846,0.14225259022863704
right_shoulder_z,160,170,10,-0.11892625093460082,0.10785399119129374
right_ankle_z,60,115,55,-0.11967954635620118,0.12663800279769133
right_elbow_z,80,90,10,-0.12039101123809814,0.12052169508460572
left_wrist_z,170,195,25,-0.12074272394180298,0.12892173479333055
left_knee_z,60,70,10,-0.13224449396133423,0.21419164835339097
