mj_release_vx,mj_release_vy,mj_release_vz,mj_release_speed,mj_release_speed_fps,mj_release_vz_fps,mj_release_x,mj_release_y,mj_release_z,mj_release_frame,mj_contact_frames,mj_max_ball_speed,mj_max_ball_speed_fps,mj_max_ball_vz,mj_max_hand_speed,mj_velocity_transfer,mj_launch_angle,mj_horizontal_speed,id,angle,depth,left_right
0.21873431839039886,0.06772240447618072,2.3610528642440247,2.372130193278746,7.782579374274102,7.7462364312468,5.643641931319595,-7.729763043621518,2.066889621895575,116,29,3.1068990999468724,10.193238516886064,3.1067638988827864,3.0518656294521627,0.8311671074210243,84.46069794778258,0.22897822191149053,4438ed82-c13d-48d3-b1eb-fa39fb2832c6,46.31,6.93,6.73
0.6759449870040728,0.8135321431068059,0.45282851234293564,1.1505606611190062,3.77480531863191,1.4856578488941456,5.702027933358483,-7.535650942047853,1.7943392448181328,121,70,1.7601531925459124,5.774780815439345,1.732431101382025,2.8496205503946026,0.4108079444960868,23.176945885897887,1.0577032539062592,de1df4f8-6ede-4dcf-a56a-258a06490376,43.48,21.36,-6.67
0.032991222208358345,0.10529999526908058,1.3662088679542914,1.37065793713217,4.496909242559613,4.482312558905155,5.5491375962198966,-7.677739431031957,2.1757023225327954,118,30,2.602886743557864,8.539654670465433,2.5677640848006082,2.676214063949056,0.7161963923365042,85.38230535134306,0.11034722355578173,813a5bc0-4f60-475a-9ab8-51716bbbd828,45.53,7.51,6.83
0.18646235196590252,0.09046305363839617,1.777195983792284,1.789239318140998,5.870207736683064,5.830695484882821,5.616538446804605,-7.687416583912375,2.155388901300877,116,27,2.7698382612385517,9.087395870205222,2.750663986761929,2.831411352499432,0.7331613934003735,83.34848325305651,0.20724809474212172,28274789-ee6d-48a2-a6c8-6f2515a05199,45.47,4.89,0.42
0.5338710994375333,0.3040687154621638,1.576678363472118,1.6921556655280174,5.5516918160368025,5.172829276483326,5.687262798649955,-7.64489896401324,2.198692292317349,122,28,2.6975487637613673,8.850225602891625,2.687924280656634,2.7982967140632637,0.7817487144413622,68.71042120824909,0.6143908646272752,8521d198-82da-459f-b1e1-d1b620c44b05,44.76,15.12,-6.62
-0.30308561529551353,-0.26544960280862245,2.4327360902631527,2.4658729218471835,8.090134258028817,7.981417618973598,5.483280120435521,-7.861280799414625,2.0393278792015956,114,23,3.0809438186754736,10.108083394604572,3.0047196959641913,3.040062156704247,0.8199778978870329,80.59637458386554,0.40289500099941106,d366e43d-829c-4c52-b849-48178d3d8cb9,44.14,9.07,2.86
0.8369549975668414,0.2571511697935814,2.316755212048349,2.4766863153478904,8.125611270826411,7.600902926667812,5.7540547297465645,-7.677647076875582,2.118437096490821,118,25,3.25500167951944,10.6791393685021,3.232346708610846,3.325976656804061,0.9366326406980038,69.29697536607063,0.875568610720096,f1c29a37-79df-4727-97ff-1c0f0bf4cad5,44.67,8.28,-0.55
0.2470939306010935,0.1728952029242683,2.3359499868106033,2.3553366007037253,7.727482285773377,7.663877909483606,5.63517497488906,-7.717437216117535,2.0616211966907088,115,24,2.9845648078961005,9.791879290997704,2.9822715537671414,2.9732682999847078,0.8117935098641306,82.64368261938219,0.3015761292511759,d6913561-5ef9-41ee-a64f-bfb56302deba,43.81,12.33,-6.24
-0.0728527569948435,0.08047464745070823,2.4162086243293013,2.4186458627437295,7.935189838398062,7.927193649374348,5.618903216545366,-7.708115311927058,1.9812123432044197,112,21,2.976663151931932,9.765955222873792,2.9613249451809827,2.9220683875119593,0.8560461194687863,87.42760905706048,0.10855272029786034,81d60720-5944-451f-aa3b-586e7470bfa9,43.9,5.8,2.96
1.0228686692467974,0.02362591234478068,1.9397956869324757,2.193085909239005,7.195163744222457,6.364159077862453,5.796549497615692,-7.732641771924809,2.156452833982765,121,28,3.0189969152344966,9.904845522422889,2.9412619170819694,3.0953797479474523,0.9347323254833366,62.19068100450033,1.0231414849671758,f18e5f43-a710-4848-9241-3a12185603cd,44.38,10.6,0.27
-0.08877359493859667,0.0333885416955861,0.05838831014615336,0.11137657130924494,0.3654086985211448,0.19156269732989947,5.719074831373702,-7.702943495776677,1.3878980059522779,70,10,0.7184108647863953,2.356991026202084,0.71269610721275,0.6412356411900133,0.2920935349250289,31.617249399837533,0.09484485159922983,34679dc1-ba06-49ae-a5d4-2bf8726d31f9,47.26,14.61,-8.09
-0.6106833812617146,-0.25825919968950845,-0.7610565768536616,1.009375608753114,3.311599766250374,-2.496904779703614,5.644945915687794,-7.683249080381979,2.2898072371075693,141,52,2.238462398165206,7.344036739387158,2.2220288372570938,2.5312782051077067,0.5922852274945242,-48.93697694091517,0.6630475144162039,ec2cbf30-d648-4846-9a15-a2f5df16d73e,45.01,7.37,3.59
-0.17898348876935852,0.018150723156222515,2.291550928089617,2.29860179109639,7.541344458977656,7.5182117063307645,5.586789683675486,-7.721234894859067,2.037905669058641,117,23,2.9723331821874206,9.7517492853918,2.940866447503135,2.9491842100741605,0.8405173305665571,85.51112020667077,0.17990146748468983,837b3e63-77fb-4d29-804b-a6746459dd20,43.79,21.05,-2.45
1.0359467223040395,0.63527258899404,1.8352125779357262,2.2010820248216936,7.221397719231278,6.021038641521411,5.843327846826919,-7.614577937032492,2.224065869662194,122,25,3.306428708292162,10.847863216181635,3.204241776012488,3.397907051869723,1.0392187878091501,56.488752665472255,1.2152188583871109,9341a785-648e-454b-af82-470b4a2a3bca,45.34,6.16,3.83
0.45903963958293853,-0.34179007411180673,-1.2449770771798758,1.3702210654391265,4.495475936480074,-4.084570463188569,6.011237216767553,-7.7759916788326064,1.1353014697945585,87,29,1.3702210654391265,4.495475936480074,0.9504784107612307,0.9860660114694112,13.418224550288503,-65.3120142838035,0.5723092218982571,8f0c095b-dbc8-438f-9217-7ff1fd29a121,43.88,14.63,1.81
1.3123821964796332,0.4576143648429355,1.7820067893678542,2.2599349844410206,7.414484857089962,5.8464789677423035,5.8690362498941,-7.598299619972438,2.165939218216611,117,28,2.883196400640887,9.459305776380862,2.5767741680087615,2.831042041110217,1.090959667362208,52.04753522119437,1.3898769501460586,8ae3ff26-ce1c-4a15-86cb-568b34649aeb,43.08,4.07,-1.3
0.2927786461252539,0.1562155142557875,1.4480622957969809,1.4855998906266652,4.874015389195096,4.7508605505150285,5.645219901311035,-7.662708676389137,2.1961068827310135,117,29,2.5367716486155203,8.322741629316011,2.51355839658494,2.6776894586283198,0.7096959752096162,77.09260341491336,0.3318472879520591,7795ea00-96c1-4c38-bbd9-174268ec282d,45.02,7.37,0.75
-0.09621514012341638,-0.012757115507788188,2.596887550641235,2.5987006460653523,8.525920754807586,8.519972279006677,5.646352832010204,-7.723071672179895,2.0336504246432208,115,22,3.246113506568985,10.64997869609247,3.2338427396746683,3.176144808011525,0.9162273026260281,87.85959928418143,0.09705718512839581,e5cd0563-b58b-4607-8d6c-1b6ce371c7cd,46.64,16.34,-5.96
-0.3820459041549715,-0.819337820379842,1.2317214109057957,1.5278779960684505,5.012723084214076,4.041080744441587,5.7184331680167375,-7.914764375343651,1.516473587539757,113,62,2.052073174011288,6.732523536782441,1.8340906019654775,3.5005502121297556,0.44795951874797846,53.722893657974474,0.9040318228836749,3b525534-2059-422f-8bf4-38ba93c194d7,43.13,20.69,-8.89
0.3322050312000205,0.2739305404658084,-1.022693729549583,1.1096398461728618,3.6405506764201503,-3.3552943882860333,5.963056760029276,-7.515991102646442,1.2628525790725509,95,42,1.1096398461728618,3.6405506764201503,0.9646357969967313,1.007527663337288,2.972200698967203,-67.1677288335062,0.43057882408973214,e75ebc4d-2fcc-44ac-a24d-82d44ab39ea4,42.46,16.71,-6.66
-0.3834299812255911,-0.00994141164383269,0.9957677275272712,1.067085164995257,3.5009355806931004,3.2669544866380287,5.723812237872394,-7.718906132094792,1.571243320664725,114,16,1.7821229805750225,5.846860172490231,1.6557972595448394,3.5324189162511495,0.3018968232109894,68.93386086957943,0.3835588379481423,9a6a34ca-c5fa-4ce2-92bc-3dd5a8dc7e6e,43.85,10.09,1.56
0.5965460702392347,0.21171049305370723,1.9979911512404112,2.0958666911857495,6.876203055071357,6.55508907887274,5.735625604621289,-7.682191293084304,2.128846769309845,113,25,2.6336651177596417,8.640633588450267,2.607123328711922,2.70968396931387,0.873851823695155,72.42085892183748,0.6329996420116821,43d8823c-56fa-47ef-8571-c15f2ed1fd90,45.29,15.07,-4.98
-2.1773654007488594,-0.274325499731688,-1.0280652803906818,2.423446469168662,7.950939859477237,-3.3729175865836014,5.378771494869745,-7.701124988540742,2.317262563753758,148,56,2.5769573759521243,8.454584566772061,2.574022111768044,2.6769510264130774,1.024210769888821,-25.101062249493552,2.1945784488555615,90baa382-576e-4209-97a6-e671a4760590,43.85,9.52,4.33
0.3882026585822704,0.21303137998699384,2.333057823566376,2.3747089255514626,7.791039781992987,7.654389184929055,5.665922435814533,-7.6895913944015675,2.0657500783035965,115,23,2.9925482516688735,9.818071691827011,2.9822108965476937,2.9300526155500495,0.8578682619119629,79.25311723668416,0.4428133613493452,71c43ca3-6cdc-4a49-984c-0bf4a2721439,43.51,5.4,1.23
0.3288824406433327,0.15929445487678023,1.5871980419135479,1.6287222007979771,5.343576774271578,5.207342657196679,5.701979200587429,-7.652138209277179,2.166454029817001,120,29,2.397769349887616,7.866697342150971,2.3846565076933395,2.592321915868509,0.7995856606094089,77.0344310285206,0.365429039784752,3b502380-da4f-4690-99ed-831c3a9dba91,42.22,14.69,-0.37
0.4415930130980725,-0.0633888884439816,-0.03847185823696887,0.4477751938991299,1.4690787201415023,-0.12622000733913671,5.815142141915873,-7.541625201619214,1.3060521114231463,61,10,1.2323924581517491,4.043282343017549,1.133397972163716,1.2313703475793323,2.0819654923553883,-4.92880385089738,0.4461194239160608,4d86ba9a-6bb4-4fdb-95c2-24599e03f534,44.92,9.89,-2.82
0.35901730599567533,0.12244987657518137,1.527633314530521,1.5740238060274614,5.164120098515293,5.0119203232628635,5.648043349870869,-7.70818023327644,2.1820832974858466,122,29,2.64287411912922,8.670846847536811,2.638870598432574,2.7535769992569916,0.7407608016404397,76.05498689770108,0.3793249244087047,a8dee93e-c892-4bac-ac34-3667195b96f0,44.01,14.04,1.07
-0.1076954206981803,0.1632601404415544,2.671530687063475,2.67868034468807,8.788321340840124,8.764864458869669,5.60952480144965,-7.69523154660533,2.081936369463956,117,22,3.3436482538294907,10.969974586054759,3.3237716996170903,3.25798888014929,0.8715025277736792,85.81286992618892,0.19558163793248617,decaa0dc-3fbf-46d2-9d67-c85ead0ee484,44.96,11.92,5.12
0.2635378228369054,0.08856893912542226,1.8510176651181691,1.8717807130171358,6.1410128379827285,6.072892602093731,5.6134121888898925,-7.702131779953428,2.1375623063997433,118,26,2.760093275826872,9.055424133290261,2.7388911976079178,2.955705230010869,0.7446461797159792,81.45803130887762,0.27802273475998124,43de3be3-2ee8-4ea4-a6e1-81098468130a,43.8,9.68,-0.88
1.1918410675744195,0.3002097912268939,2.1703168353440465,2.4941704462372303,8.18297390497779,7.1204620582153755,5.790059385998063,-7.688505168689205,2.1743369634288,120,26,3.1820235587588557,10.439709838447689,3.034528568985063,3.1041706890245244,0.9694911762167607,60.47674743102997,1.2290691799510016,98498bb2-2b36-4049-896d-8bd1086e76f5,46.01,9.61,-5.17
0.5518467731254023,0.2399805086141593,2.262455852481905,2.3411176796464663,7.680832282304679,7.42275542152856,5.671655227757912,-7.6633090722109225,2.1066326145591656,112,25,2.9743843630513047,9.758478881401917,2.9419883879999404,2.9207844608880107,0.8724122447238619,75.10530506746657,0.6017686478403721,b2d38fdc-f98f-458b-826c-e4350d141089,44.61,10.03,-1.19
1.802534033633409,0.7152987378976027,1.2234773909851708,2.2929627456843935,7.522843653820188,4.014033434990718,5.952871090008424,-7.592429715784159,2.1209521294279217,122,29,2.8690137542206906,9.412774784188617,2.677408210505469,3.2075531207211623,1.1714499659096944,32.24761230444952,1.939273375995409,557464d3-8803-43ef-a7bc-138dea42b025,45.49,7.83,-2.75
-0.2469009593387583,0.050592694243795824,2.459188562609947,2.4720695966952104,8.110464556086647,8.06820394557069,5.585005161732654,-7.728532259269274,1.9641874870522422,115,22,3.0350768399483696,9.95760118093297,3.001248891481641,2.940180485593121,0.9103886710441219,84.14844343474145,0.25203115766358214,f3d45553-3fa6-49ce-8595-591482778ec3,43.5,13.9,-1.93
0.5066791235918519,0.21552484897195173,1.5115892555384545,1.6087500651957996,5.278051394999342,4.959282334443748,5.699712430585313,-7.682700969102427,2.1656205148440346,120,28,2.6513235578852465,8.698568103298053,2.638007344288804,2.68135251544683,0.7756403256338159,69.98529041795915,0.5506130172890845,ddb86b4d-37d7-46a7-a367-aff522e643a2,44.24,16.88,5.88
0.5266445725410597,-0.06621452438377824,1.3391819694062696e-15,0.530790795913348,1.7414396191382808,4.393641631910333e-15,7.237761906095695,-7.850024629504313,0.11963281815753979,199,2,4.904384014665906,16.090498735780532,1.0858675988506508,6.30268228721921,0.08564908037519507,1.4455690535282592e-13,0.530790795913348,bb2dcd6e-2847-4211-8697-06ce0ef663bf,47.73,9.61,-7.38
-0.006601726720957882,-0.0489768862968841,2.8374808708912416,2.8379112055983633,9.3107323018319,9.309320442556567,5.644068235828037,-7.728380719222792,2.0909909974057403,112,22,3.454498412117801,11.333656207735567,3.448892078323632,3.3898755738924127,0.988844165047141,89.00219217849593,0.049419815732518906,371fc842-38be-4656-9aab-5bb00bac8af9,45.25,14.29,4.98
-0.025501282222144317,0.07677606694357221,2.4883660733768624,2.489680821909363,8.168244166369302,8.163930686931963,5.6133406541621,-7.7265852524847105,2.025607443992237,113,22,3.0235456146265873,9.919769076858882,3.011759986179669,2.9662246147567783,0.8421748690186692,88.1378860470654,0.08090043170649545,c941e20c-3f9c-4d25-a3db-539f270ede1d,45.51,3.75,-5.33
0.9252086904289394,0.19673278663504976,2.364056147874837,2.546267146331515,8.353894837045653,7.756089723998809,5.737606492664622,-7.702418323607554,2.150620412567784,120,26,3.2929519435769685,10.803648108848321,3.2093978192674326,3.2013451189122857,0.9538213543445702,68.19292341971007,0.9458937097699852,409b9c19-1e4d-4d8d-af90-ee59f615b1dd,44.17,10.62,-0.04
0.47386922683951893,-0.22304866568266427,-0.023733885044493842,0.5242766909825437,1.7200678838009964,-0.07786707691763071,5.842408750455791,-7.709681974801714,1.3467238496692466,59,8,1.1955851996283147,3.922523620827804,0.9914733901532209,1.1484798841704948,4.263710323544274,-2.594653483194143,0.5237392017104509,4a6b2e15-8ea5-4095-95bc-e1579a2bf0d5,43.87,16.13,-5.95
1.1316055170527033,0.5802559578786863,1.952450353279988,2.3300837763696345,7.644631812236333,6.4056770120734505,5.807450413318667,-7.597045631110792,2.1601161470164616,120,26,2.954259629362748,9.692452852239986,2.729435757133001,2.9272890493398123,0.9865364267062069,56.92232058696155,1.2717028044625158,f4851d5b-a9df-427f-970b-ff5d1bbde6bd,43.82,9.39,-0.39
0.20755190198106255,0.1435755728003397,1.6386198941572834,1.6579405582375166,5.439437527025973,5.376049521513397,5.583585209057679,-7.684078451957117,2.1955153055690304,120,28,2.779685274842127,9.119702345282569,2.75931696865669,2.8347910220263914,0.7579477363476946,81.24438146077304,0.2523722193921158,3011035a-73ce-4e38-aaef-6f376c424096,42.94,11.36,-2.23
0.37158650076758193,0.18037079067047776,1.5225015817519467,1.5775364389189142,5.175644484642106,4.995083929632371,5.684197407310835,-7.6770220007489325,2.2026860310005176,120,27,2.743362901944751,9.000534455199315,2.7372156487135695,2.805134748768478,0.8251884308307936,74.82119457906869,0.41304981500999305,d6f5f175-60d7-4607-b18b-737ba075c1ea,42.31,12.56,7.07
0.15758894837883283,0.09111583945314582,1.857580697642678,1.866478615228435,6.123617504030298,6.094424861032408,5.606845802687734,-7.7107409295302975,2.198288899559958,121,25,2.9425020547641303,9.653878132428249,2.9252992003987504,2.885089837710598,0.809456198118793,84.403158694475,0.1820339881736317,ebe6aadc-7de9-4455-978d-f1fc81fa6004,43.56,13.07,-0.81
-0.06278304359072855,-0.11423796849794958,-0.7854140357004545,0.7961577930814524,2.6120662502672323,-2.5768177024293126,5.943290918103261,-7.670147307367428,1.2269422981770999,101,50,0.7961577930814524,2.6120662502672323,0.23089514466893865,1.7906908270734694,0.5172649972609965,-80.57664078728102,0.13035345798655992,ba844a99-9d81-4bc3-9a52-37e86a37255c,43.32,12.58,-2.25
0.16117155607541575,0.13998516538785136,2.0861629888102318,2.097057017083244,6.880108323763924,6.844366761188424,5.6246201344058715,-7.656417818926814,2.0428710405292554,115,24,2.762403885933061,9.063004875108467,2.753855006602085,2.7896829902851676,0.7675228009115234,84.1572816785292,0.21347626804034914,ba809e6a-a232-4d49-b41f-7cab0af96cbf,43.69,12.76,-3.88
0.1332159457798014,0.1032526179851286,1.4749856170213698,1.4845841713256613,4.870682976790227,4.839191656894258,5.592326523999976,-7.702817081294006,2.2075812687958503,123,28,2.7639312553635533,9.06801592967045,2.7327725617214864,2.7664433281704395,0.730724684691237,83.48112877499958,0.16854551708897478,691a95fb-7c54-48e7-ba34-a8a9e38f08ad,44.94,17.72,-2.85
-0.0028800506072696134,0.15770054556887048,2.484908563476642,2.4899093006781934,8.168993768629242,8.152587150513916,5.621426722091467,-7.69887643318442,2.049343166661137,113,22,3.113917373578276,10.216264349010093,3.1071399523666066,3.0400954984654476,0.8444981494248628,86.36808566960228,0.15772684224386105,4f34d935-b03a-42ab-9138-521d5bdf4a5e,43.57,12.35,2.18
-0.04974358750003866,0.20126955534840843,2.46265004419696,2.471361790307281,8.108142356651184,8.079560512457217,5.606030727095197,-7.6654772081289115,2.0385285661724595,119,22,3.10977556567478,10.202675740402821,3.0934977272334674,3.121427134528099,0.7913102378610488,85.18773282900115,0.20732548904444925,476a1c67-3026-4ec0-a065-2fcb96766d63,43.42,18.97,1.4
-0.1317016711739568,0.15799446815213256,2.4265336482452278,2.435235743870187,7.989618582251269,7.961068399754684,5.58182299507861,-7.7046785253503005,2.009138819888642,115,22,3.0139760049333084,9.888372719597468,2.9948080623774445,2.953709855070681,0.8721160180382382,85.15483622082047,0.20568807003977715,8e7d0694-9a0e-4b1a-b865-2eca79da2b97,46.24,10.84,1.59
0.02580669601378486,0.11420809494590888,2.29256988718169,2.295557919574801,7.531358003854333,7.521554747971424,5.589430381659749,-7.682504600429036,2.040303947553514,115,23,2.9298514694697606,9.612373587499214,2.915314266376692,2.886068016139854,0.8218382121695649,87.07629686617626,0.11708746521435005,da764c96-e949-4422-8c61-523372123239,44.87,17.63,-2.7
0.2194111293991781,0.18503877860999718,1.1673289274939798,1.2020970918598661,3.943888096653104,3.82981931592513,5.617916523454182,-7.646410003781898,2.1723844864243493,124,31,2.5896967180896895,8.496380308693206,2.5767288069880743,2.5943226955573184,0.6676017366752968,76.18626600474745,0.2870201966651518,a0f1ef4b-1169-4e4e-8445-b1118450ce7f,42.05,17.44,-1.7
0.2244125048031408,0.15168904354011928,1.5202482702503783,1.5441908371187167,5.066242903932798,4.987691175362134,5.633439651663585,-7.70451877782366,2.1486416408008298,116,27,2.6762843851274134,8.780460581126684,2.661985678160782,2.702406367255156,0.7572288829914048,79.89735149403829,0.2708699655593729,aa93c077-3f30-4e26-904f-7336972d45e9,43.83,1.62,4.86
0.13533813539479742,0.16676487752918256,2.4740610641139043,2.4833656767044774,8.147525186038312,8.116998241843518,5.655978242116909,-7.675230671199,2.077444765920263,116,23,3.186423108283523,10.454144056048303,3.18243430924047,3.1353205461517364,0.8323093073267573,85.03862408137806,0.21477182140463347,6873d8c6-78ed-4a3a-8e6a-40bef33ae98d,45.79,13.61,-3.84
-0.014517603183482459,0.08850324773280126,2.3818913555683023,2.38357924462193,7.8201418786808725,7.814604184935375,5.588200509831715,-7.71644011832319,2.045971303262595,107,23,2.9711004523726228,9.74770489623564,2.952052905239702,2.9603715741852077,0.8057086378741174,87.84364424345186,0.08968603938989975,a46e3fbe-a7f6-4ae8-a537-03d49a77f7e8,43.17,14.22,-5.52
-0.18713566447893276,0.1518199680407499,2.455101404238571,2.4668992611596585,8.093501512991006,8.054794633328644,5.582880171048791,-7.708016260795435,2.038792099638067,115,22,3.141036008722958,10.305236249091069,3.1130457241896665,3.061485111089101,0.8053101695194403,84.39421134430258,0.24097522614548164,a0f5d888-0a47-4128-bfd3-65d4f76c9647,43.6,9.82,2.34
-0.2804343608356625,-0.21643965259536727,2.430353828084186,2.4560352773599092,8.05785852152201,7.973601798176462,5.5117052195767595,-7.804709610341786,2.0159733941755165,114,21,3.010052652763924,9.875500829277966,2.927286849343725,2.907106380088772,0.864758348117361,81.7070460473556,0.3542450478876308,38f61c82-140d-462e-bbaf-769f049b3f92,42.5,11.27,-5.2
0.3017629321409358,0.09973615759105796,1.4957681845425885,1.5291601061481934,5.016929482113495,4.907375933538676,5.636645223303525,-7.694068580874759,2.1611231203406636,120,27,2.6135675994608065,8.574696848624694,2.608128264508189,2.7027074464166114,0.7504141060916827,78.00430710112082,0.31781782257344127,31c731bb-ffd1-45cb-bd0b-05ce3478e921,43.67,10.39,-9.32
0.8658672056586454,0.18188604771910988,1.6211144112791143,1.8468406771150614,6.059188573212143,5.31861683490523,5.771354847386722,-7.684544500739584,2.1512027399930775,117,28,2.5706329547406095,8.433835153348456,2.456884092377862,2.642127006843143,0.8484488125147289,61.375365237125344,0.8847646874677975,6626eb01-e544-47e8-9622-f49a1a4de931,45.81,3.76,1.33
-0.14336547944985598,0.07066981759928748,2.60210827127433,2.607012723262333,8.553191349285868,8.537100627540452,5.562649285243655,-7.7302464004542255,2.0347840293740513,114,22,3.1762391013916593,10.420731959946389,3.146416192768241,3.103530099819307,0.867993862400652,86.48496699781447,0.15983705395622017,4bf7eec1-4675-4678-8225-bfde85938b69,45.02,11.35,-4.34
0.07016176502639444,0.2565021217792372,2.3922730595098103,2.4070077696188057,7.897007118171934,7.848664893404889,5.615280408955714,-7.691315596186872,2.037147676374885,116,22,3.061024798636505,10.042732278991158,3.0520476297073897,3.0107046429806275,0.8575218581201625,83.65704721189017,0.26592482349128227,d19b5875-f7b0-4765-a587-3988fed7c407,45.57,10.79,3.71
0.1127552716957105,0.23443196616753156,2.487811316119304,2.501375070369818,8.206611123260556,8.162110617189317,5.641154796274338,-7.699987711015322,2.061038377409886,116,22,3.1896006402482517,10.464569029685865,3.185738106329224,3.109883455692769,0.8550690111504985,84.03054584990676,0.2601386131591159,5e68e53c-e335-4c24-b56a-7f884781f32e,45.9,12.52,-5.12
0.22823592982884794,0.18571837219667525,1.600066149579777,1.6268972421352477,5.337589377084146,5.2495608582013675,5.603801937862009,-7.635361706877467,2.1907559701949575,118,28,2.731681217414282,8.962208718550794,2.7064674142716343,2.768073190263403,0.7438154134663988,79.5798149274371,0.2942498146749146,bd48fe2a-aad6-49d1-920a-9826cd9bf4eb,43.49,1.72,3.32
0.9774035361489732,0.18561720463474812,2.137653971690433,2.357824404364502,7.735644371274612,7.0133004320552255,5.772630789990278,-7.669066712617119,2.1195314164269585,118,25,2.997989762765688,9.835924418522598,2.913882296507295,3.0810341085882067,0.8837821694642478,65.04254622678884,0.9948725642678741,52e6507a-58d9-4278-93ba-227214030ae2,44.43,7.59,-2.41
0.0035276594409152182,0.0537845380196338,2.564185072086311,2.5647515093711117,8.414539072739867,8.41268068269787,5.66365992362923,-7.692218349792667,2.0416838231607075,116,22,3.240878650982855,10.632803973040863,3.228576013183465,3.1897291451876297,0.8620362980131808,88.79579925183913,0.05390010121619914,05a2fcbe-3e03-4273-a5b0-bb77a5d63d2c,45.76,4.74,-0.36
0.01688131957262734,0.1528010846072258,2.5252498847139093,2.5299249258931127,8.300278628258244,8.284940566646684,5.605154463977343,-7.68237075346166,2.063731089236019,92,23,3.1321412059201297,10.276053825197275,3.118853088692731,3.0768982280115296,0.8217577041664452,86.5162784592682,0.1537307724811716,23568531-87cd-4470-b022-cd467b033254,42.16,10.42,-0.77
0.7827459181792915,0.24060042532707648,1.375049205777687,1.600418712526119,5.250717560781229,4.5113162919215455,5.790818598886128,-7.673941432736977,2.182754873204369,121,28,2.4846485379856915,8.151734048509486,2.4083093323435607,2.6231310313608516,0.8493602390967112,59.224739536496486,0.8188893314080433,8b82c21a-5c77-4f4a-b42c-876f8e30b12c,46.94,11.67,3.02
-0.040111101366709485,0.05290917028298443,0.9924796588149647,0.994698021469005,3.2634449523261315,3.256166859629149,5.724363045913098,-7.677000801689867,1.6219892669893758,111,30,1.6413240273312852,5.384921349512091,1.637408083917796,3.181167369927923,0.31247965695484947,86.17273069769416,0.0663948849903687,586f5d9f-e9d1-458f-bf37-fabc0314c1e5,45.72,10.96,-0.13
0.08443160192861797,0.14900485869781294,2.380965031753232,2.387116592408393,7.831747350421236,7.811565064807191,5.618068294990171,-7.682380715423784,2.0167106364766596,114,22,2.9435978019465443,9.65747310349916,2.937741441635958,2.940724930418716,0.8112321311134558,85.88578694414302,0.171263374134074,5432b717-06f2-4698-9fb1-54a8990efd79,45.25,5.89,2.51
0.5305375849833558,0.0862798618493317,2.5874060981576545,2.6426472826361316,8.67010263332064,8.488865151435874,5.675403776853265,-7.725084374197912,2.072146553297655,118,22,3.3204604377177165,10.893899073877021,3.315936610974076,3.2734193441633783,0.878549155590402,78.26430083953849,0.5375075289153737,aac9051f-0ede-4ac3-ade1-1afff8a48edd,43.12,11.37,4.2
0.3901779289434785,0.1789688384632893,1.7054678094788358,1.7586611699085357,5.7698857280463764,5.595366828998805,5.666857881595979,-7.652997231698745,2.1787371899687304,122,26,2.7738090312782315,9.100423330965326,2.7602116776259327,2.8874561186581196,0.8019786226571238,75.87215129717794,0.4292652575919942,14914896-f62b-4d3c-9c76-9b193c41f625,41.63,18.91,-4.43
0.13773917575489697,-0.05514262773670048,1.2451681951439029,1.2539763251869116,4.114095555075169,4.085197490629603,5.462418330739761,-7.739255456718972,1.8437787748050005,75,24,1.859200798915839,6.0997401539233564,1.8584883431488717,2.2850609520589846,0.5519719982516721,83.20500155892682,0.14836707832719065,15b12fee-53d2-4c0a-bf16-529b4baaa130,42.08,15.15,-1.31
0.2107020083000553,0.060788104759414874,1.21904606483261,1.2386136759158564,4.063693162453597,3.999494963361581,5.5026857210073885,-7.677413291313968,1.9145549257425727,70,19,2.0124318122898166,6.602466575753991,2.0092240658380955,2.3395024833382165,0.5531065967666309,79.80207037925524,0.21929553114899122,51599744-9953-4e50-a231-a66145553d6d,44.07,10.59,3.06
0.21172457691506497,-0.06447736782911077,0.9629446115916938,0.9880521000562226,3.241640748215953,3.159267098397945,5.497006668876386,-7.742196465040823,1.9025441076027687,75,24,1.70644766086506,5.5985815645179136,1.705073041295168,2.189944653226924,0.4534618836527971,77.05585657715169,0.22132471039636245,6754623e-cdd5-4b08-b146-fc7e3a81649a,42.3,7.61,-1.12
0.22308240545872612,-0.0027876330700355415,0.8687227946276519,0.8969129413878819,2.94262776045893,2.8501404023216925,5.5071491739287435,-7.694400514002083,1.9102274850343548,72,21,1.7389133966163581,5.7050964455917255,1.7382838802937166,2.0467960943982164,0.45257629980091524,75.596923681284,0.22309982188111366,343a00cc-8cfc-4f4b-b614-f254088d1c33,43.22,6.99,2.38
0.2575077313723388,-0.09256695139164099,0.5108988195086388,0.5795657650187697,1.9014624836573808,1.6761772293590511,5.542429223968946,-7.727143452271869,1.9034338008137113,74,23,1.6055184888066536,5.26744911025805,1.6044551637119895,1.8159385545541458,0.33324397564483466,61.826268533992256,0.27364004130695313,9c4d10a2-2be4-4991-8354-f08caa3a686e,43.53,17.02,-0.89
0.4620858648195397,-0.0019170138888381838,0.6436553978866981,0.7923504859826589,2.5995750852449437,2.1117303080272247,5.621842758001898,-7.677074565234431,1.9525979664054782,79,28,1.5096123660607144,4.952796476577147,1.4830791306718938,2.131068232860597,0.41634984704384503,54.32486799069904,0.462089841273612,f114e196-090c-4b72-8710-189f37e24643,42.9,10.82,-4.48
0.0338388175034079,-0.03468641259187831,0.9552843686053756,0.9565126437691736,3.1381648417623804,3.134135067602938,5.454360210876107,-7.7267902581395935,1.8497522852638817,72,21,1.686647198077516,5.533619416264816,1.6850208560751598,2.1212073225395462,0.45670264114166753,87.09606699654701,0.048458361389165434,520f94ea-103e-42d9-ab46-0566c5d23c7f,40.62,9.39,-0.57
0.1566711156861246,-0.09636603766296226,0.9393122009837724,0.957151849301966,3.1402619727754786,3.0817329428601457,5.475164699832177,-7.753151315658095,1.8725539436219498,70,19,1.636417999484573,5.368825457626551,1.634205415194752,2.008088118385987,0.4763090215632607,78.92057527295601,0.18393545526948982,a27a4038-d160-4760-b266-128a26e1d947,42.37,3.68,4.92
0.17595599902265358,-0.10750307629844483,1.150060302162155,1.1683989573835627,3.8333299126757305,3.7731637210044453,5.439816834893914,-7.756704174245378,1.8552577263176209,75,24,1.8125972780532087,5.946841463429162,1.808601412459695,2.2403196715888867,0.5212056428310546,79.83527871355841,0.20619753879639136,0513b6d0-e5bd-4f02-b25e-4464e821e901,41.34,13.83,-0.75
0.09688894405776839,-0.09372469898947904,1.1170034817339058,1.1251082458532449,3.691300019203559,3.6647095857411607,5.427509369135903,-7.722835001254478,1.862899692470964,67,16,1.8974826066154207,6.2253366358773645,1.8936318457249688,2.142833770140935,0.5356951841274178,83.11868060304164,0.13480276956093235,9a4cad8c-9faf-4bf5-949c-ba434527965c,46.06,-0.57,0.59
0.2973874897633356,0.006732074607549008,1.1022801880984883,1.1417119833700171,3.7457742236549114,3.61640481659609,5.473941748732073,-7.7010184240323545,1.9228281692443274,76,25,2.016406851857528,6.615508044151994,2.015446971832615,2.3244519700243598,0.4975035036027255,74.89778782130213,0.29746367828065945,ab9c915a-3472-4a29-b793-a9c27d58af97,42.92,15.19,7.64
0.17164006885109054,0.01127416090769607,1.5644604537716504,1.5738881571937626,5.163675056409982,5.1327442709043645,5.427651718967837,-7.723220621141667,1.8855067179245422,72,21,2.299709579311284,7.544978934748306,2.298761126058708,2.644453935943386,0.6065765014804689,83.72562200511987,0.17200994139694287,e5a3490c-375a-44f3-86c7-e1c1ce5d6d77,39.13,8.67,0.75
0.1834985227879911,-1.2042190430843287e-05,0.9564266426664085,0.9738704384118696,3.1951129869155825,3.1378826859134135,5.461774998865587,-7.711590085499403,1.860899818869671,76,23,1.7574497438329248,5.765911233047653,1.7571814900112201,2.0434170811817607,0.47869487983932735,79.13929731571365,0.18349852318312873,63bd6ea7-b334-49b1-a1c9-8a880b90d572,45.9,16.6,-4.23
0.07254291726961297,0.03257525939047393,1.0813125966258896,1.0842327028789376,3.5571939070831284,3.5476135059904514,5.440293593634512,-7.7138671321031715,1.876629669830701,71,20,1.8023572236808079,5.913245484517086,1.801918905103528,2.1555604611344394,0.5128027047205256,85.79396166953183,0.07952120704782198,8bdc12bf-a041-4d10-bab6-99f64ed140de,43.69,13.32,-4.87
0.22518066660117836,-0.05291458523658899,0.9928207543730712,1.0194112694372304,3.3445251621956373,3.2572859395441967,5.499831425356987,-7.725535513187969,1.889972979790526,76,25,1.739134963312872,5.705823370449055,1.7341920028526525,2.136763639923802,0.49187306879421255,76.88480188476399,0.23131425797324143,441a590f-b0b0-4c87-8e49-5bd52cbd61e4,42.79,14.31,4.22
0.2486951049547245,0.05696146173163685,1.1288809179785801,1.1573530102467475,3.797089928631061,3.703677552423163,5.484782591186855,-7.667191980256227,1.8795451589624745,73,22,1.7841948695440721,5.853657708477927,1.7808515767038573,2.1801105234022633,0.5305464400146207,77.26471163367142,0.2551349904482844,869effbe-1161-4804-8720-c6c59ef1cbdf,45.81,7.76,-1.67
0.18821612796580725,-0.06735204373011905,0.8873139623580921,0.9095535588499903,2.9840996025262148,2.911135047106601,5.500734568161104,-7.728767361655465,1.8984447042166381,76,24,1.695102903593093,5.561361232260803,1.6942838882383309,2.1019654301979895,0.4354387415006877,77.30373869466939,0.19990399851194823,2364f153-d142-48ab-bfb2-a4b957f7114f,44.97,16.76,-5.33
0.10653386101587474,-0.08999987584097012,1.041664908616713,1.0509591918993832,3.4480288448142495,3.4175357894249108,5.44385620661392,-7.777790149801505,1.862355902786246,77,26,1.7933038326823387,5.883542758144156,1.790849117286908,2.170812008772636,0.4869135876328175,82.37441374477564,0.1394612533800688,b4afa45b-df1a-4c4b-a296-797246822f21,42.09,15.01,-0.02
0.38508751046990125,-0.08225304731595726,0.6574611487939548,0.7663635669094233,2.514316164400995,2.157024766384366,5.549778737061515,-7.7511592180777065,1.9149702862285427,73,22,1.6906551074036824,5.546768725077698,1.6866145596735396,1.9900001415601398,0.38769936925643517,59.08129280650406,0.39377398912658945,a67439cf-f6a8-4c60-bbcd-46d434617a18,42.85,4.98,1.01
0.2468257405074573,0.03971882350290395,1.0151945378382368,1.0455240220932758,3.430196922878201,3.330690740939097,5.481118136534894,-7.7085125203798315,1.8805942412253418,76,25,1.7530770102027757,5.751564994103594,1.751669693055545,2.2879321054305217,0.4596858281462412,76.16565410058816,0.25000106223276225,ff79ed35-2258-43ff-bc3c-ed986b5d86d3,43.67,14.2,6.1
0.1766258354368022,-0.06165544907625795,0.8483667974418048,0.8687486996515205,2.8502253925574816,2.78335563465159,5.53533802712158,-7.734190875743441,1.8978968868075017,77,25,1.6753163151794315,5.496444603607058,1.6752102455169162,1.8986158934603614,0.466408384242063,77.56443078886007,0.1870777382387957,b3ee181f-10e3-4703-a922-9acbc0ab2d92,43.76,19.96,-0.65
0.33568527544937726,-0.06522564888678463,0.8488351747336751,0.9151284845809221,3.002390041275991,2.7848923055566766,5.537679306444796,-7.7090834712581415,1.9311520391884582,77,26,1.7352423486121948,5.693052324843158,1.732095287066569,2.147137501050566,0.44538479608054166,68.05736784495944,0.3419634328787603,e59851f2-e8e2-4ede-8d49-d4bd7c8ba583,43.57,13.58,-4.24
0.03465820016952419,-0.19223634145911506,0.7483480426060927,0.7734214857947422,2.5374720662557158,2.455210113537049,5.498047752156895,-7.78391700553001,1.8589062221905737,72,21,1.5371659761725622,5.0431954598837345,1.526207178194089,1.8550920340250039,0.41660906742703746,75.37092668369408,0.19533561328282223,198a0bd3-61ba-44d9-95ff-8b0a44978eba,46.83,11.0,-0.45
0.3108329037597597,-0.025331888425730108,0.9650457943677564,1.0141854780353698,3.327380177281397,3.166160742676366,5.477598297150685,-7.702508345357306,1.9153447640295702,77,26,1.854993522791717,6.085936754566,1.8462605502277911,2.2456276433432003,0.4597245401395972,72.09128388523517,0.31186342945420464,105c8def-4203-496b-805e-12cf3c2ecad9,44.08,13.71,-3.71
0.15599751979264323,-0.0802099348252186,0.703357577276696,0.7249005044408958,2.3782824948848287,2.30760359998916,5.494799121648895,-7.741856149275023,1.867306185565834,74,23,1.5340605855500349,5.033007170439746,1.5318580491096387,1.9211258683404464,0.378432356693336,75.99664040664736,0.17541054650767704,6f6d988e-4ec8-44ef-a38d-86b5b8759b97,43.04,13.16,-2.41
0.2164286990085393,-0.0833854181924964,0.7597880581761349,0.7944006565132787,2.6063013665133816,2.492742973018815,5.3941645566646415,-7.730435306977533,1.8650583992065082,70,19,1.5927728379467059,5.2256326704288245,1.591792771847147,2.1123025856659963,0.3758670716895722,73.02442239693052,0.23193643465757252,e398733e-7c10-4565-a360-feed3b3f97cd,37.32,6.6,4.89
0.31994378707904336,-0.05455431516495317,0.6756891970269914,0.7495972859960057,2.4593086810892575,2.216828074235536,5.5113100997082105,-7.6947628163492645,1.917195637148385,73,22,1.5173492504605033,4.978179955579079,1.5136922209128834,1.9576714107923325,0.38613510803969536,64.34309454370752,0.3245615507012457,f3f4bc02-87f9-456a-82b6-39a48572be55,37.03,11.73,-8.55
0.26259355744832225,-0.0426564427211141,1.0445686991936853,1.0779140577310293,3.53646344399944,3.4270626613966053,5.489778109456094,-7.693254789648574,1.9088701657441984,74,23,1.78849429558747,5.867763436966765,1.7835843495448724,2.2189885685620494,0.48605597659386923,75.71141442303042,0.26603561513260776,50762db5-69bb-40c8-8c8c-186d653f93c6,41.76,6.13,-7.65
0.04443002884714149,-0.0015019281685234452,1.1554078330866173,1.1562627486905794,3.793512955021586,3.7907081138012377,5.419617689294587,-7.714768665524716,1.8659163126516232,71,20,1.845177851464724,6.053733108480065,1.841960949135416,2.0734314583537174,0.5629756227667014,87.79657766311036,0.044455407450401684,d0c89de9-e4d7-4a53-b26d-f6454e11cdf2,43.44,7.22,0.03
0.2660353140511729,0.08799023148725704,0.9229368669516225,0.9645359140736877,3.1644879070659044,3.028008093673302,5.508392042284369,-7.650955326692378,1.9169016535368573,73,22,1.7967974852546689,5.8950048728827715,1.793548815366277,2.2108821339711384,0.45167677329269856,73.11140639535589,0.2802089740880675,4c89d3da-0e34-49f3-8a0a-48f6ccf4f6fa,40.94,10.69,3.84
0.008577143328435077,-0.06956111489421947,0.9759782021062886,0.9784915774188487,3.210274204130081,3.202028222133493,5.442619223309435,-7.7354830920208055,1.8428091059663998,70,19,1.6568804540384339,5.435959494876752,1.6544296178005111,2.0716147166639156,0.47584873600085464,85.89246982842062,0.0700879168830357,bbb48f21-5ed9-4610-9e63-1ed5b28a4824,38.67,7.81,-4.07
0.16707273627872682,0.01762880015516134,1.1543397455740874,1.1665008881328038,3.827102651354343,3.7872038896787643,5.477129767620139,-7.6665689326624396,1.8617796264943922,69,18,1.9250992877744424,6.3159425451917395,1.9248081905395622,2.1180844256461677,0.5707634823941645,81.71942850660676,0.16800021965036718,0949dd61-d3ee-461f-a8bc-89f133e652ba,41.97,7.57,10.15
0.09571135369239886,-0.1794168474654426,1.3069465423172635,1.3226716647963395,4.339473965867255,4.2878823566839355,5.454102029441125,-7.76872265767886,1.81978832042194,74,23,1.9665832591449892,6.452044813467812,1.9592868019097296,2.3347117302008566,0.5661549303152293,81.15618114387229,0.20334962104727258,2d619475-a84b-478b-a6f2-7120f4bf62bd,42.43,22.55,9.52
0.2549719658221658,-0.0421117407282188,0.8790281314150454,0.9162284419736199,3.0059988253727683,2.8839505623853197,5.493091507029039,-7.714066901096381,1.883454976912388,73,22,1.6402297742625893,5.381331280389072,1.6384909467279691,2.1499839963450467,0.43111563400933656,73.617147923725,0.25842620235258734,9fb53b1b-6604-4964-b5ee-869928f2d1e1,41.84,5.04,3.36
0.2822418958131664,0.016724618952554764,0.8656026419967555,0.9106086615352842,2.9875612255094626,2.8399036810917173,5.527710781977681,-7.72661917182388,1.878740215944403,74,23,1.668140309743675,5.472901278686598,1.6576732656695454,2.15053514992767,0.43964694799109055,71.91109848806516,0.28273698136486924,d070d288-9db4-47e7-b574-60e4a15b962f,41.76,9.18,-5.69
-0.029417316575768876,-0.20873066543762964,1.2735634573300996,1.2908902931911568,4.235204373986734,4.178357799639434,5.423290511500402,-7.778072954429489,1.8548920893556655,69,18,2.0435645030467584,6.704607949628472,2.0297872015384786,2.275223098460278,0.5670014976497759,80.60191073543396,0.21079342781157737,f1338632-9a0b-4556-8682-3779a6daa81c,43.55,7.22,-5.16
0.1914018118259596,-0.0812424871990714,0.8378451082643068,0.8632609227452493,2.832220875148456,2.7488356570351273,5.473620368108754,-7.729662382985265,1.8876164663506971,72,21,1.624741965991185,5.330518261125935,1.6225568130366996,2.103669826319563,0.4207081879062058,76.062337885563,0.20793026546549526,af73ea56-405b-46d3-b0b7-8638b1c12d08,39.01,15.66,-0.63
0.4199769713708287,-0.050096509546925704,0.5053955544673141,0.6590257834303017,2.1621580821204125,1.658121897858642,5.5510531592840175,-7.708278604845374,1.9419299643675718,73,22,1.6426616274671297,5.389309801401344,1.6368619394607864,2.001696853007941,0.37572164762199406,50.074788531934836,0.42295427264729113,d404064b-f7d0-4b8d-b992-84036632ba20,42.13,2.62,-2.58
0.28437656524892196,0.019727786146800822,0.7609474715903826,0.8125886234305919,2.6659731739848813,2.4965468228030923,5.545700973412529,-7.690359279543966,1.9114840063799585,77,26,1.6603035576267715,5.447190149694132,1.6574192880268372,2.0219004491387413,0.4137764739258637,69.46344934677225,0.2850600224672486,314c3bc2-fe52-4e16-a482-f4d1c53b3fd2,42.68,11.47,-1.49
0.32949787383547824,-0.1204875442215347,0.7083842636486422,0.790502600982227,2.5935124704141304,2.3240953531779596,5.551255375564333,-7.739556961008959,1.917649029188437,78,27,1.5892396623584308,5.214040887002725,1.5771428037339215,2.0505505495328142,0.4095698003809423,63.65250319169539,0.35083628258011884,7d25d076-d177-42c7-bd8d-ef122e6d40e2,42.34,11.18,1.42
0.3485744685864906,0.006417673959263201,1.1899162610670748,1.2399379238660493,4.068037807959479,3.90392474103371,5.540264963885557,-7.698053298565301,1.9292406270090783,75,24,1.9538548315983577,6.410284880572039,1.9419464852414272,2.411028822560482,0.5369382040600531,73.66994418693537,0.34863354211751013,56a8c444-2b37-431d-8ed5-f6405dd4abc4,43.48,12.06,-1.22
0.2765211049027433,0.007962291580537255,1.1326178289122182,1.1659118602680367,3.8251701452363407,3.7159377588983533,5.545296906053363,-7.6808118265774805,1.912145501805713,74,23,1.8383112043800252,6.03120473877961,1.8330394810985842,2.188654450980668,0.5449193170752699,76.27454027480054,0.27663571631994205,c5a4eef1-54c6-49f0-b51f-b479340b8856,39.26,17.25,-0.06
0.34920277349881057,-0.05797643356735591,0.7973779501724632,0.8724193024513446,2.8622680526618915,2.6160693903296033,5.506307344528367,-7.73868040336063,1.9303785224230974,74,23,1.5589916938800967,5.114802145275908,1.552785205059161,2.1383838080466853,0.4132039196135085,66.06195902034486,0.3539828299062705,790ef8da-30b9-4f81-9a17-eba7927477af,43.34,6.05,-1.61
0.20687117572513644,-0.008068165488808876,1.3076048866049608,1.3238924873695097,4.343479289270045,4.290042278887666,5.448264823164996,-7.722101089684751,1.8567395359648289,70,19,1.9366214635807797,6.353744959254526,1.934065708501916,2.33627491306253,0.5701939502249417,81.0032409281576,0.2070284488669494,e35a99ed-84e7-46a4-b111-1e653cd03f54,40.87,5.9,2.38
0.13989711730036025,-0.04436489136823503,0.9048439611657073,0.9166689920975368,3.007444199795068,2.9686481665541575,5.486473262115273,-7.7266503701549505,1.889719402682678,72,21,1.6657770695427307,5.465147865953841,1.6650765161674788,2.0320014555124533,0.45081960703376706,80.78701259962266,0.1467632345482548,6f8d13c0-1773-4cd8-83e4-e3a2af2c2cac,45.36,8.99,-2.07
0.3190349273500185,0.16176637425168994,0.9833347529396073,1.0463741592024183,3.432986086622107,3.2261638875971363,5.530723293979748,-7.615812674754562,1.9243282391893741,76,25,1.749668912064029,5.740383569763874,1.7329226411596745,2.172574192911465,0.5099599046034592,70.01035717647852,0.3577032914410621,60ef1747-57b2-4b2e-9b5f-d4e3c8ca3dcd,38.97,10.82,3.47
0.12512686573986925,-0.11052863498314937,0.8160145784202173,0.8329184257029295,2.732672000337695,2.6772131837933637,5.507629776580549,-7.751456651606668,1.8876382769713898,75,24,1.6260039265998747,5.334658551836859,1.6232073327661936,1.9189235778856155,0.4337527379770176,78.43710946241833,0.16695302237791784,5f425fed-ce19-4ed7-bf0e-a3eb116606f4,44.59,13.25,-0.64
0.12677952670929188,0.055162640898174374,1.0513757605412573,1.060427722759642,3.479093578607749,3.449395539833521,5.46848511057505,-7.658566931768637,1.8904096039554268,74,23,1.8340287809874993,6.017154793266074,1.8308424646043642,2.142948417232916,0.5063400987874559,82.50834312657776,0.13826049813121963,b353f6ef-98fa-4684-8954-3527ca590157,43.56,12.61,-0.73
0.18303558926654653,-0.1159803000889947,1.2134545681032805,1.2326497660721005,4.044126529107941,3.9811501578191613,5.496177633332511,-7.762948943592863,1.8697848513836992,74,23,1.8065802007206662,5.927100396065177,1.8020448102656819,2.316812456493548,0.5325658616164485,79.87536732954796,0.2166874637511021,78a32055-b63e-437b-a8f1-d438f84cf5ca,42.27,10.23,1.29
0.13577346845941834,-0.1661984862054261,1.055861460624432,1.0774506000677873,3.5349429136082255,3.4641124036234645,5.45759938289223,-7.767758922694715,1.832563561638268,74,23,1.6874556171677746,5.536271709868027,1.6788681950475237,2.2980596291690243,0.47075932584110264,78.51094091225005,0.21460748252210565,235c79ae-919d-4854-9831-505581c44724,42.26,12.55,0.43
0.29564995481482,-0.048750559285946696,0.6107496513914121,0.6802945314254916,2.2319374390600117,2.003771822150302,5.499380821793735,-7.743568328903582,1.8895501368719132,75,24,1.6064549685696758,5.270521550425445,1.602618762716161,1.9591128764554024,0.3682617584669536,63.86678612414045,0.2996423081153556,8171ffc8-37cd-4712-a848-b25c570e0f55,41.54,14.33,-0.74
0.28120816273812166,0.009213294040762243,0.7932825249056725,0.8417007068420166,2.761485258668033,2.602632955727272,5.510979570268987,-7.690810890659235,1.914840606704429,72,21,1.590881130837083,5.2194262822738935,1.5893749013625116,2.066293996501109,0.42043010414684134,70.47157559535142,0.28135905099646513,0d36d2f5-2e47-4a85-b286-0d81b8c6b7a9,39.69,2.67,4.68
0.3323136382491748,-0.001031329238839557,0.6404562677381225,0.7215383903102093,2.3672519367132847,2.1012344742064384,5.506395192086759,-7.702568129008897,1.9254864977084034,78,27,1.6733132018630685,5.489872709524502,1.6674249355954878,2.13104851705958,0.34426782208216805,62.57643613284838,0.3323152386009439,a5820c3a-ce41-47a3-a4c8-cf4a47aa3506,43.88,8.86,2.12
0.5185902743179454,0.012751863117861473,0.7047917101824162,0.8751170420989374,2.8711189045240726,2.312308760440998,5.582170528504086,-7.687729352779555,1.9619798868011236,77,26,1.6239687347839504,5.327981413333171,1.6074908474599827,2.3638651433151368,0.387025911037429,53.645859563764226,0.5187470314422421,3af6877b-344c-4b8c-9d2b-ee5037794192,41.55,13.86,-0.11
0.13366575804473715,-0.052022139930462515,0.8162013639240917,0.8287083349334471,2.718859366579551,2.677825997126285,5.483802618970972,-7.719356389203602,1.8732062134366514,73,22,1.6230773554330913,5.325056940397281,1.621328574851689,1.9129475876066984,0.4329209120994555,80.03308927476118,0.14343234613091582,ce3eea42-4d24-4323-b274-422bec4f4440,44.5,11.78,-2.31
0.2888415067844299,-0.014369287304798759,1.0057141394656746,1.046468739514148,3.433296389482113,3.2995870717377773,5.493915182076524,-7.657784517993982,1.8925810583797102,73,22,1.7602809540538398,5.7751999804916,1.7559703095285666,2.314083113481496,0.4605810538609952,73.95711563048427,0.2891987075682526,bf110ab0-1a46-4c50-a499-dcb33894de3f,40.96,10.48,0.72
0.033752255783301766,-0.09236484833496957,1.071764614963661,1.07626663511725,3.531058514164206,3.516288106836158,5.463029962813947,-7.733602410770145,1.8427283644729044,73,22,1.7167271511521311,5.632306926352136,1.7134015008552868,2.050969486792237,0.5243963541391098,84.75756670679029,0.09833859861927745,65e3422d-87c8-40b5-9265-cd5bd1f8dbf1,43.04,11.59,-3.72
0.1916187588171296,-0.13662341347571655,1.0500956703219648,1.0761434024651688,3.5306542075628897,3.4451957687728503,5.468984734820594,-7.766290740602644,1.8619852941562587,75,22,1.8451607265792378,6.053676924472565,1.8403238469739427,2.227130654376963,0.4921261815764714,77.3681364440757,0.2353374297479555,abbacd08-e8ef-43ad-a8cb-2768b81f7617,43.62,13.78,0.2
0.2828395826860829,-0.07003799786556174,0.836123866103825,0.8854415114209753,2.9049918353706534,2.74318853708604,5.522820052977751,-7.7366364903744405,1.901723829716385,76,25,1.647638161021271,5.405637011224642,1.6415519941169316,2.053401652507742,0.446271758507704,70.78698356599683,0.29138213857244916,e579e57e-c427-4d5d-a077-dfcaf7470423,44.27,14.29,2.17
0.2674465052190185,-0.017177948574506375,0.9599146766027489,0.9966237511862011,3.269762963209321,3.149326366806919,5.476391376145005,-7.726820110615323,1.8689177082087034,74,23,1.6540645223101225,5.426720873720874,1.6485322267993523,2.242365604370694,0.44867446840820335,74.40085221233866,0.2679976027338582,859e3767-0547-4cb5-a31b-032d82b0b164,44.54,8.87,3.38
0.2842347149940206,-0.018179960972800842,1.091970863738593,1.1285035451617835,3.7024394526305233,3.582581573945515,5.4933152336405895,-7.728406495238012,1.890659251352882,74,23,1.8161723437885962,5.958570681721116,1.8089228029329036,2.174837772197925,0.5343710167738354,75.38140738026205,0.2848155265934508,c24acd4a-7574-47c1-a971-13f04aba15f0,43.97,10.87,4.16
0.2777421280166415,-0.010905961923904937,0.578360142378775,0.6416853465469623,2.1052668849965954,1.897507028801755,5.558584102121797,-7.723239624145471,1.8972393925453575,75,24,1.4883087828151484,4.88290283075836,1.4707185135788707,2.035475819164345,0.3324680250001464,64.33135997002081,0.2779561650345215,fa3adb59-9614-46fb-aeeb-7574fdd0d786,45.62,9.14,-5.45
0.17633782081386948,-0.005860692151592966,1.1803427956204866,1.1934565303918974,3.915539797873679,3.872515733663014,5.479302420366073,-7.687912343791434,1.8837481623021908,74,22,1.9770518635608831,6.486390628480588,1.9769681582853829,2.266960971834505,0.5318371678805108,81.49849138891217,0.17643518572518374,e9850484-8a21-4e00-b03b-7b001148b318,43.64,8.27,-3.05
0.09878555462477147,-0.2220737892736276,0.8849958419850565,0.9177652172618608,3.0110407390480995,2.9035296653053035,5.450358200693092,-7.811616392524505,1.8383409026675082,75,24,1.6606336726417916,5.4482732042053525,1.6473555290532225,2.175469837909099,0.42634353924235113,74.6429893028578,0.24305421964012733,82c7fc56-3303-4c95-b5e7-ce5c253a061f,42.72,16.7,-0.95
0.053807147784312497,0.015583390144098761,1.2367215267787575,1.237989574269124,4.061645584872454,4.057485324077288,5.4556865031395,-7.712104297577384,1.865017570426235,73,22,1.857079808704334,6.092781524620518,1.856190206523605,2.127584913558769,0.5844242903418735,87.40651361212437,0.05601831130144892,d0c17463-d2f0-4ab6-8226-c342a07003f9,39.33,10.21,2.09
0.29472910117243684,-0.1423311163676655,0.41422666555786314,0.5279271921615368,1.7320445937058293,1.3590113699404958,5.583255814450179,-7.766927389971158,1.9253836795135522,75,24,1.4628384222738204,4.799338655754004,1.4583158776513396,1.763535226993862,0.30515738460450514,51.6863224122901,0.32729709709127947,f0f0d716-0f9c-492d-99d5-2f1965713553,45.4,10.45,-2.54
-0.7033957629076046,0.11583787940638011,-1.2269120112368095,1.4189774828723996,4.655437935933069,-4.025301874136514,5.31409566289134,-7.762657490430799,1.3466374479784229,88,37,1.4189774828723996,4.655437935933069,0.700882737009101,0.8703278923518726,5.8121115494865645,-59.84221171406601,0.7128702642008139,3ccc2a3a-8141-4eca-8e86-5c1fa023eaaf,47.24,7.6,-3.19
-0.715291197685795,-0.3767049712790331,-1.1177889756227808,1.3794927788491471,4.525894943730798,-3.667286665429071,5.37066240592588,-7.89226761781016,1.418970349148562,72,21,1.3794927788491471,4.525894943730798,0.7555106369065967,1.0810736263851688,5.230727822297642,-54.124258712884966,0.8084232387018053,01d709d5-fa15-425b-85fa-5c094effe5d5,47.22,9.49,1.35
-0.5072385236256673,-0.2373275157700554,-0.9927120451925058,1.139777379255186,3.739427097293917,-3.2569292821276434,5.395267473891847,-7.906647193405517,1.3816007315368182,89,38,1.139777379255186,3.739427097293917,0.8133975524066707,0.8583336689672716,3.081192137275504,-60.57157058444855,0.5600136333979134,d0cad914-311f-4acf-8b01-9ae194716660,48.85,7.94,3.45
-0.9395288338111467,-0.5306633928248461,-0.20748500314944318,1.0988030271977025,3.6049968083914123,-0.6807250759496167,5.410582277906652,-7.886955961504926,1.4460631750837911,64,13,1.345794608594722,4.415336642371135,0.7819283835338439,1.0724944816084951,3.0388783687861856,-10.884407476355172,1.0790357112009363,991f4c0c-6eb1-480e-aaa8-47c9cb025ca3,47.82,10.18,-0.33
-0.632829446429616,0.21297948065109865,-1.0416654754383399,1.2372955710609363,4.059368671459764,-3.417537649075918,5.3282118257535425,-7.724922293881389,1.3846957710444652,89,38,1.2372955710609363,4.059368671459764,0.7104017224277448,0.8753453754925836,4.2652698084809035,-57.34012945913616,0.6677075463455733,6c3242f1-3fb5-46df-93da-3f0deaf3a176,44.34,12.12,-1.92
-0.9849738497678423,-0.5887524378430564,-0.19893037418958012,1.1646356561465188,3.8209831238402843,-0.6526587079710634,5.4213895077036005,-7.898311230298989,1.4447240827781753,64,13,1.4433903488680042,4.735532640643058,0.777727723945269,1.192133260143334,2.552412122127207,-9.834865457185336,1.1475203343699953,69f01817-3d20-4b0f-87a6-f82009e06bfc,48.31,12.86,-1.99
-0.9267582320527854,-0.5904380244106376,-0.4145681195092773,1.1744635401156562,3.8532268376497907,-1.3601316256866052,5.42064082711294,-7.903638901919174,1.4569960838141418,66,15,1.4376873613394185,4.716822051638512,0.7197889440292874,1.2287767455905114,7.755729815157064,-20.670005691284324,1.0988620847711241,e59de151-5d2c-4add-b798-c210be0c38dd,48.24,10.99,0.03
-0.194575144397076,-0.039902822931074895,-0.49517628808951825,0.5335272049119194,1.7504173389498667,-1.624594121028603,5.401767657580926,-7.846499129079329,1.4652107649938992,98,47,0.6792068624927838,2.2283689714330177,0.5123507159402774,1.4628404847412662,0.4079523493106195,-68.14334534003427,0.19862457575791492,2511ec83-1d54-48a1-81e9-eba3d1619a2d,46.98,9.54,-0.96
-1.4568933448850567,0.6559145399060252,1.7880983148105216,2.3979277898758187,7.867217158385231,5.866464287436094,5.438965808013647,-7.619957360020451,2.1995321958131724,115,64,3.0246470405169976,9.92338267886154,2.7987048187814625,3.5487261440617206,1.2532617685878542,48.217952197113874,1.597736555891021,f08c7947-4e80-4821-99d6-2a7418453f5b,49.11,6.13,0.27
-0.7016077307654957,-0.34729072115550075,-1.4615771363771528,1.6580325625424412,5.439739378420082,-4.7952005786652,5.355358500718369,-7.926408421820076,1.333780385778422,81,30,1.6580325625424412,5.439739378420082,0.8075703508034181,1.0809738894736374,10.051569375732258,-61.825408835308444,0.7828564701595152,a3d5f0f5-51cf-4621-bdc0-5df523ab239c,49.75,7.85,-2.48
-0.33229930610319675,0.6243379878559878,-1.2423027478134032,1.4295233013635915,4.690037077964539,-4.075796416710641,5.463180310205244,-7.575758526151613,1.345969059363433,88,37,1.4295233013635915,4.690037077964539,0.8679090159037942,0.959910136225724,7.932609297907963,-60.346447378570126,0.7072628591384745,ee0e7500-8a84-4b89-b39f-144d1ffe71fb,48.28,8.16,-3.41
-0.2700990839643451,0.34777152052524485,-0.7919301259447391,0.906119125736605,2.9728317773510664,-2.598195951262267,5.4294005493328665,-7.659377081531108,1.4174162505181251,96,45,0.906119125736605,2.9728317773510664,0.6963199895839679,1.1018668779855698,0.9719644832033312,-60.924505098546426,0.4403391257279089,2aebb60c-c7d1-4676-be8f-bd84af71d93c,49.67,8.73,-2.37
0.028024039088722218,0.6374065402895278,-1.1963105907421767,1.3558139525364856,4.448208505697131,-3.9249035129336503,5.6001625888839355,-7.589553414831451,1.306672914524963,83,31,1.3558139525364856,4.448208505697131,0.774947534763482,0.8329647889070559,11.9013715719708,-61.92788682145821,0.6380222914371501,98f3032d-9274-4e2c-8cb8-78e388737923,48.19,11.46,-4.74
-0.34875100500498607,0.5281161771666605,-0.9323284722565327,1.126840867317704,3.6969844728271126,-3.058820447035868,5.414425940283045,-7.603453913009324,1.3576633409181194,92,41,1.126840867317704,3.6969844728271126,0.6976766908879012,0.8514097769011865,2.2163221862921936,-55.83079415384415,0.6328775237572554,028dd900-6901-4c5e-8666-fd4ddb85df3b,50.41,6.23,-1.77
0.03037478572723676,0.651456248160176,-1.185928954952043,1.3534198746392612,4.440353919420148,-3.890843028057884,5.578232211194964,-7.579947272277781,1.3579017680006473,87,36,1.3534198746392612,4.440353919420148,0.7546975515908678,0.8768407387672194,10.290479741261162,-61.19280192285228,0.6521639907836896,518d005d-6c82-41de-9587-3d4ef5953d0d,46.72,11.88,0.15
-0.09484018013474296,0.5559423268183863,-1.0013643242802281,1.149259344298505,3.7705359064911583,-3.2853160245414306,5.528610643680802,-7.584994362144013,1.370703681742578,92,41,1.149259344298505,3.7705359064911583,0.8324229170362009,0.8671243818706196,1.725672061094681,-60.61155016773306,0.5639738739660127,cbf5041c-210f-4e5c-812b-3434eb4cb63a,47.41,7.22,0.96
-0.23839230103681056,-0.015804259270925963,-0.4760828010276528,0.5326682806766925,1.7475993460521406,-1.5619514469411182,5.442128101097325,-7.8050266208823755,1.4862050201228867,102,49,0.8772622413773731,2.878156959899518,0.6992374618506564,1.7477649980840806,0.3333520885811525,-63.35084390927948,0.23891559975172813,37ac4a80-8091-4430-b052-8d367d0fadac,47.96,11.18,-0.47
-0.6572329085902,0.2590647644949515,-1.3768726033144045,1.5475295842388748,5.077196798683972,-4.5172985673044765,5.349969771349775,-7.679766757969219,1.339644924820123,83,32,1.5475295842388748,5.077196798683972,0.7884703914066571,0.9330442110420131,0.0,-62.83845486310144,0.7064486169119158,0e4c264f-d203-474f-98f4-c5bbbebc3617,50.68,9.43,-3.04
-0.009456178527332618,0.6108047027233363,-1.4816404380666681,1.602632269703712,5.25797988747937,-4.861025059273845,5.568024471609852,-7.57539961036214,1.3280465208197463,82,31,1.602632269703712,5.25797988747937,0.9319853849547726,1.0053655024841068,0.0,-67.5937272398189,0.6108778962945738,0f388e83-ff1a-4d9e-8154-a1d8fa94fc64,46.32,8.8,-2.61
-0.7905588016348222,-0.3971529585954605,-0.669955160172734,1.109753850187278,3.640924705338838,-2.198015617364613,5.390262205053999,-7.869593952707763,1.474718243138946,68,17,1.2126033614333724,3.978357485017626,0.8016142589052818,1.0428486423774057,2.6097585714117555,-37.13514299977502,0.8847110779025058,9bed362d-e5c3-4ee7-93d8-55fec8fd99b4,45.85,12.5,-3.74
-0.17386210504462088,0.45964217052744627,-0.9761179620722334,1.0928427299377432,3.5854420273548,-3.2024867522054903,5.4800519132139005,-7.630523884656126,1.3840527607249473,94,43,1.0928427299377432,3.5854420273548,0.7879560743053545,0.8240458604228698,1.7361327313489456,-63.27708487160759,0.4914254333036995,688cb2f8-7162-4b14-a7c8-f94033e61f4f,47.59,8.77,1.67
-0.7076887110100082,-0.16084452736310625,-1.7256852412745596,1.8720800799181918,6.141995012854959,-5.6616969858089226,5.300735771020757,-7.8417790738987305,1.2717760283305444,81,30,1.8720800799181918,6.141995012854959,0.7483839317584882,0.8578132466268118,14.944404183226059,-67.19080855641099,0.7257370554640764,ff6daf1e-a4ca-4e3e-94a8-0b460ad66d2b,48.07,13.44,1.59
-0.054110525967313805,0.5652763902890329,0.052411085908932065,0.57027385383236,1.870977210736089,0.17195238159098444,5.501936581370219,-7.6262622197438965,1.5720999741625519,105,54,0.9614446004709338,3.154345802069993,0.9186760333849904,2.1634966964150064,0.2755008119342451,5.273216643613347,0.5678603230008753,8df6ab6a-d76c-4f87-b06a-f3d3e66b10ae,46.73,14.14,2.27
0.05551094619640487,0.5871053420206257,-1.40794366713924,1.5264597988857311,5.008070206318015,-4.619237753081496,5.613660196221179,-7.596964909217758,1.338002969620647,82,31,1.5264597988857311,5.008070206318015,0.9669786660380252,1.0045046829024238,0.0,-67.27339928441305,0.5897237893936246,45e59b9a-ba91-4894-bafa-6d5c220cfc39,48.44,7.91,-3.96
-0.6730598435979684,-0.4336051779649182,-1.2830059983314992,1.5123251618539966,4.961696725242771,-4.2093372648671235,5.370988351063698,-7.90422664627894,1.4015548711801058,72,19,1.5123251618539966,4.961696725242771,0.7802980623047884,1.0505836397979018,5.481609038661782,-58.0344425031799,0.8006391218408642,bed1455a-d91c-477a-ab2d-ef5e166ab12e,47.42,8.01,1.3
-0.18694262580991683,0.4648586532313356,-0.4973706808570453,0.7059877527301437,2.3162327845477155,-1.631793572365634,5.467604530318978,-7.664171646535274,1.4924015986259949,101,50,0.9444792011127097,3.098685043020701,0.9099309143781059,1.7411139502790205,0.44215889026726357,-44.78942800087054,0.5010400311639357,248a8190-e736-45f3-bda2-80d9740a46ce,47.59,10.07,0.51
-0.4467234395087207,0.3902189293670622,-0.9086783721097734,1.0851400961087678,3.56017091899202,-2.981228254953325,5.38828310002806,-7.661719674840939,1.3859718836836545,92,41,1.0851400961087678,3.56017091899202,0.9300832713375344,0.9652358419486187,2.8024313861269063,-56.86484255165988,0.5931548231641364,b522ee74-58b9-4509-a920-e910731a9643,47.83,12.3,-5.93
0.11302008757556357,0.4794999434037555,-1.5777875951642482,1.6529087789028087,5.42292906464176,-5.17646848807168,5.631369255033194,-7.592577753940925,1.310363339410539,77,26,1.6529087789028087,5.42292906464176,0.8159958510852956,0.8817589846799596,7.467325173295031,-72.65984038572866,0.4926395598404505,d8012ff8-6e82-40e6-972c-6d0b03765b24,48.58,10.43,-2.54
0.0352172719787707,0.3042321782605138,-0.3790148063073609,0.48728810567770897,1.5987142574727984,-1.243486897333861,5.663468120337086,-7.646054180232629,1.506398465465393,65,14,0.9995288282771303,3.27929405602733,0.8544396801063773,1.0043496195259216,1.1584528390218456,-51.059980666493246,0.3062637336263694,4f00ed0a-49df-4d72-a327-d5f033b13a8e,47.84,11.38,-2.2
-0.1078231312296031,-0.029861677620498194,0.5357730926901596,0.5473302058805499,1.7957027751986545,1.7577857371724395,5.540813580534097,-7.78573799251155,1.7719379589158983,109,58,1.3505668208843014,4.430993506838258,1.3497516832755256,3.49381774888089,0.1622877034540883,78.20481453692537,0.11188184579486868,ac903e2d-9aef-4d56-bdb3-5dfac63dcad9,47.38,10.49,-1.33
-1.054391574738003,-0.5897395380394664,-0.11399169698415157,1.2134778212175186,3.9812264475640373,-0.3739885071658516,5.429385883038486,-7.866833028124033,1.4417170328478792,63,12,1.6038214896534053,5.261881527734269,0.7350726729994147,1.396291010440273,3.69853053037958,-5.390199170315557,1.2081118804173268,54afbce7-0d24-4572-a57e-1a9cf5b196cf,48.01,6.94,-1.22
0.15328193738913717,0.5460406219141098,-1.3679149620278588,1.480826477494846,4.858354584956844,-4.487909980406361,5.614592587423733,-7.597303416329912,1.3252884275205945,80,29,1.480826477494846,4.858354584956844,0.6490533872538948,0.7357946128091951,0.0,-67.48076605288493,0.5671469942705464,6c976ddb-808b-4d93-a148-bf92ba42d82b,50.82,8.89,-0.57
-0.28152937202580136,0.40318042956742495,-0.9610148194416206,1.0795196752657295,3.5417312180634166,-3.152935759322902,5.424193382744289,-7.634208343333429,1.384365851638115,95,44,1.0795196752657295,3.5417312180634166,0.8287469281777429,1.1030054363762714,1.0979476420134258,-62.90146592154058,0.49174510277115663,1f26b043-0ab8-4114-bed0-7907ad554869,45.19,7.78,-3.34
-0.14904322736831435,0.25870706038952096,-0.29037201903811055,0.41648425679732376,1.3664181653455503,-0.9526641044557432,5.447346831287321,-7.7088411187074755,1.5100716200333322,100,49,0.8340021857699504,2.7362276436021995,0.7520968439100494,1.8882733509434535,0.23559837479834206,-44.20263461694041,0.29856862983198734,21484c78-df30-4ab5-8af4-469d2345e49f,43.05,7.95,-0.34
-0.3252449526094998,0.6196963609150493,-1.5388595464327024,1.6905314438295354,5.546363004690076,-5.0487517927582095,5.471954044443967,-7.606754682322179,1.3029106683986418,82,31,1.6905314438295354,5.546363004690076,0.7230997958831323,0.7919691999839641,11.750518339999225,-65.5442856938338,0.6998627429212894,a52f20ef-9463-4e2c-8a5e-6e2cc4194a92,48.31,12.34,-1.97
-0.35844710840169813,0.5846718255069336,-1.4316463691834675,1.5874308802147432,5.2081065623843275,-4.697002523567806,5.458003166756608,-7.59618716331767,1.340766654572157,85,34,1.5874308802147432,5.2081065623843275,1.0121765331644246,1.0621883599201636,0.0,-64.40414087284744,0.6858027945868616,34629fd5-7afb-4ae1-b500-dfdb8ba18ea7,45.64,10.44,0.31
-0.4065669146712974,0.4864488435383897,-0.9706120657761068,1.1593174352675528,3.8035348926100814,-3.184422787979353,5.397998229345851,-7.626463433908508,1.379703556308803,91,40,1.1593174352675528,3.8035348926100814,0.787252552252108,0.8653883895294473,2.443954193674049,-56.848464523379256,0.6339788115427635,b39a6095-16f9-4bc3-a90d-57a56c6b0eaf,52.76,8.79,-1.14
-0.8998408385592077,-0.3916745193387046,-0.6561118570183433,1.1805105813834125,3.873066211887836,-2.1525979560969266,5.340429644054897,-7.851892995260671,1.4374770936267878,69,18,1.3176593288045921,4.323029293978321,0.7228835795364522,1.2375544607948665,3.312068208726049,-33.764904793185764,0.9813880291903624,d33f66e2-c2ab-46fc-8693-4bfe67e1aa1d,49.07,12.32,-5.88
-0.6257338333624095,-0.23708652096152946,0.8174690353672653,1.0564130217014294,3.4659219872094136,2.681985024170818,5.499019554480193,-7.863189062045328,1.9315003715251657,114,62,1.7858587637047514,5.859116678821363,1.7386934544582204,3.4612523894505993,0.3789844995420533,50.69778747704106,0.6691433692685428,2377a154-096a-49c1-b77f-631b23dcdac1,49.57,10.45,6.07
-0.7153849502501949,-0.17144592450653912,-1.177701808763513,1.3885787274905321,4.555704486517493,-3.863851078620449,5.3115539107899945,-7.863811253966117,1.354115605760292,84,33,1.3885787274905321,4.555704486517493,0.8797491343946358,0.992536380180609,8.982680473464,-58.009365471369854,0.7356421222811916,74c5f4ff-28e1-4363-b1f6-3d6652029fd6,50.53,8.69,-4.86
-0.8181802795764175,-0.5066394763187037,-1.0666695241613775,1.436623263986385,4.7133309185905015,-3.4995719296633117,5.359225135060538,-7.912977228516522,1.415412357189717,73,22,1.436623263986385,4.7133309185905015,0.7728665627884757,1.2570540781625081,4.041994551181204,-47.94343067319246,0.9623422098464948,a8c78031-facf-4b57-9557-82565c31c479,49.51,12.25,1.36
-0.6480525755028158,0.21248972745582104,-1.2278322394013175,1.4045269783821654,4.6080281442984425,-4.028320995411146,5.324015445986763,-7.725553729774255,1.3493243530096006,81,30,1.4045269783821654,4.6080281442984425,0.7947143462749588,0.9428031327326161,7.473212180650617,-60.94999617910557,0.6820000182478604,e56c8f60-e719-4516-9f29-bf6707bad710,47.23,9.94,-0.19
-0.46198321439837764,0.20262844066158286,-0.6177364529901362,0.7975494346456756,2.616632003430694,-2.0266943995739375,5.397147737121955,-7.739061717214902,1.4042956380465699,89,37,0.9687280202759253,3.1782415363383376,0.9050693642494142,0.9572136958593307,1.5853117715955962,-50.76363150296445,0.5044668228444781,2dba7ba3-59dd-4ef6-8d43-ccb40d5ace50,48.31,7.13,-7.71
-0.1479557248550867,0.5387199316773617,-0.2478123908360535,0.6111636788584023,2.005130179981635,-0.8130327783335088,5.482866664920856,-7.606494928594852,1.5128869314379978,101,50,0.8613982140049693,2.826109626000555,0.8034673736765904,1.9016675681075526,0.3455750270535773,-23.920978364062773,0.5586681137346711,2a4c640a-2cb4-43e4-b5c5-c704ddcd235f,45.89,11.74,-5.58
-0.2679721766742797,0.1856960981624209,-0.31897315083518024,0.45610963517341035,1.4964226875768056,-1.046499838698098,5.480210800076126,-7.748604866937883,1.521846385172577,101,50,0.9286760621307668,3.0468374741823054,0.8806839735802431,1.895620237100181,0.25648147162820006,-44.373625915543734,0.3260247357859505,90822a59-e804-4c6d-a0dc-a1c8ca0bc963,49.33,5.84,-4.11
0.2125314650436671,0.8403244157572163,0.4089061942836558,0.9583939811345109,3.144337208446558,1.3415557555238051,5.634056192318788,-7.546245374037698,1.6595857201110116,106,55,1.3041318681044536,4.278647861235084,1.000487328785871,2.621889108364875,0.4094201265934742,25.25563710378769,0.8667841411512525,b1f3302b-f423-4be5-9ef4-7d61b3dcf8eb,47.43,10.82,0.93
-0.3433549609251,0.08426046632225215,-0.9732259560409331,1.0354521799139293,3.3971528212399256,-3.1929985434413815,5.38204304106421,-7.762325728092814,1.4094179916126826,95,44,1.0354521799139293,3.3971528212399256,0.6898908580444113,0.8848541505584097,1.3774779157244827,-70.03549100546633,0.3535427207237059,4de51a1f-71c9-4bf9-9382-027c755385b3,44.32,7.81,-2.64
-0.750819515050113,-0.5178221640566157,-0.41289603764637683,1.0011757466461328,3.284697331516184,-1.3546457928030735,5.433383551525722,-7.905820641272181,1.4765068789447542,67,16,1.2628499109069187,4.143208369117187,0.800097482553317,1.0917715945129836,2.782500806400163,-24.35638952287984,0.9120689325749253,eaf00a3e-28aa-4ad7-9ca0-6d5f9f9a2a12,49.23,8.51,0.01
-0.6861244596550764,0.09088095507598744,-1.1693767796482382,1.3588481059018254,4.458163077105726,-3.8365379909719097,5.316668512696571,-7.757397406179751,1.338102448430001,88,37,1.3588481059018254,4.458163077105726,0.8132419902355424,0.9500030500224144,6.395876649437186,-59.38005216695117,0.6921171303561949,3c0517b0-9392-4d2e-9c12-2bf0285e02d5,45.83,13.44,3.75
-0.6267202372392822,0.08439824787586421,-1.426917254141963,1.560767173596952,5.120627209963753,-4.681487054271532,5.338120471363696,-7.75804049130976,1.3561670913391288,82,31,1.560767173596952,5.120627209963753,0.9120726583997087,1.019427414135324,8.5771510137463,-66.09815999580037,0.6323775138394612,03b43216-1c92-4d65-be91-0684dc10cc68,47.52,6.03,-3.3
-0.26318287729329826,-0.027956491341144685,-0.26815443986691534,0.3767672967878527,1.236113178437837,-0.8797717843402734,5.452457824123149,-7.831468915927394,1.516326236752462,102,51,0.7078270480836998,2.3222672181223745,0.6299556897154939,1.9314934351222741,0.20928613273563168,-45.37538269823628,0.26466354548461485,12f174d0-c007-49e5-b6c8-2a7fd0153628,46.55,9.35,0.08
-0.5128215880594859,0.4304612660191884,-1.3999827981016184,1.5518488063284812,5.0913674748309745,-4.593119416343892,5.388555936392272,-7.637829515147468,1.3419305278649456,80,28,1.5518488063284812,5.0913674748309745,0.954073195719274,0.9705701863012834,0.0,-64.44062384335616,0.6695393063313725,f0b9febd-a932-416f-a09b-adc144b067eb,48.91,6.47,-2.02
-0.5844969385927344,-0.29397966175272894,-1.2605113993958788,1.4201935434142363,4.659427635873478,-4.13553608725682,5.34095605583123,-7.902090562636365,1.399100001670424,77,25,1.4201935434142363,4.659427635873478,0.800174050490022,0.8746892799175441,8.313375145094293,-62.56860794306862,0.6542634887784338,1ba43ba5-0be6-4de6-8479-3003f6e36211,48.36,7.38,8.25
-0.6154840785281652,-0.3925428868026718,-1.4191513847017128,1.5959013821667767,5.235896923119346,-4.6560084799924955,5.335247652947345,-7.940240969737349,1.333565207410916,81,30,1.5959013821667767,5.235896923119346,0.6872245654612436,0.8486060763481154,13.354694635844659,-62.77884539203418,0.730007238937423,bb45caf4-ba60-4064-b345-96c276ff3888,49.0,9.12,-4.04
0.035836738621544614,0.7625682272071171,-0.03599913371608644,0.7642581439599732,2.507408608792563,-0.11810739408164843,5.577227433556561,-7.554273154259125,1.5657839990597018,103,52,0.9297476391232201,3.0503531467297247,0.8517724886120608,1.9498476754244685,0.4216583067289387,-2.6998232610848936,0.7634098329081401,97ece66d-7b1d-4551-ac88-6f6d6f10a39d,48.07,6.11,-3.97
-0.5723840620741476,0.3830822083526955,-1.1094109358247297,1.3058208596129801,4.284189171958596,-3.639799658217617,5.363684726805344,-7.670427563267883,1.3516709116328522,86,35,1.3058208596129801,4.284189171958596,0.8946104475983532,0.9543569542274233,6.198526245273719,-58.16698633876442,0.6887492235007454,4520b107-cb32-495c-a4a3-906ef0c70e6e,47.97,10.6,-2.09
-0.7799332991311269,0.13318427836242241,-1.500579591133079,1.6964000449250174,5.565616945292051,-4.923161388231886,5.318689460011195,-7.742835562868057,1.3212366309716959,82,31,1.6964000449250174,5.565616945292051,0.856518119044367,0.972885399185675,0.0,-62.19828989330616,0.7912231057650446,ec88a442-b365-4894-aea2-f3a4d3faa380,47.04,13.54,-4.13
-0.7198106539750696,-0.2592046831482484,-1.1125960191463447,1.3502534381227453,4.429965348171736,-3.650249406648112,5.308612674826675,-7.900141183581253,1.386655135767508,89,38,1.3502534381227453,4.429965348171736,0.81757258599079,1.1139322004886831,7.055701415790166,-55.48627759354674,0.7650584587742306,a64fab46-d261-43e2-a7df-026eedcab2df,51.38,5.78,-2.06
-0.5110174145000914,0.4537438418218167,-1.3313820249384185,1.4965294411546683,4.90987349460193,-4.368051262921321,5.390230313426458,-7.626758427184061,1.3180851000235365,86,35,1.4965294411546683,4.90987349460193,0.9004220613411122,0.9980572585505697,8.135579289263122,-62.828846842938695,0.6833902778892746,246ddf70-f978-4622-a2c0-1ac459250f3d,48.44,7.25,-1.16
-0.07880507575825199,0.516802433303558,-1.7756104758462599,1.850969356031786,6.072734107715832,-5.8254936871596446,5.603816102507015,-7.569860298064095,1.3022907690804977,83,32,1.850969356031786,6.072734107715832,0.8515446422565139,0.920166766385183,0.0,-73.59448694193877,0.5227762380155991,64f49656-accd-40c4-b4c6-5b5233efe08b,47.15,13.78,-3.27
-0.3147221271793913,-0.18792133052956256,-1.0962941525666698,1.1559521239031463,3.7924938448265952,-3.596765592410334,5.393444176550539,-7.88697083373045,1.368767830897928,97,46,1.1559521239031463,3.7924938448265952,0.7341133158226196,0.9612466435448059,1.4188362549248874,-71.51209583515721,0.366557558651192,4eeabf42-c4e2-47c9-b770-9565f5a88f0d,48.7,9.82,1.6
-0.07580327286117709,0.6603838310219236,-1.3679452058501238,1.5208967836970384,4.989818844150388,-4.488009205545025,5.532476224825692,-7.551918965293595,1.3126037765774088,90,39,1.5208967836970384,4.989818844150388,0.7341854493307498,0.8760471776027992,4.8205457133082845,-64.08367611782961,0.6647201971142885,daad1afb-83b1-4113-a697-845b5889bd19,47.82,13.31,-2.11
-0.3237120701546488,0.5724636936294916,-1.083630866520673,1.2675803878902803,4.158728306726641,-3.555219378348665,5.446980773592254,-7.602364222431396,1.344028059616671,89,38,1.2675803878902803,4.158728306726641,0.6045786923008744,0.7426470681126792,3.729689585528685,-58.74663221556058,0.657650503601821,3c30bcee-ca53-428f-a60a-9b1eb2a047b6,47.79,7.17,0.06
-0.4555262445465146,0.08795044566352521,0.7079653993832744,0.8464363219327151,2.777022053585023,2.3227211265855456,5.521614958158673,-7.712297767595966,1.909587842448914,114,61,1.6020229865817017,5.255980927105321,1.5842700174748543,3.5037779815707384,0.2859701908578494,56.762646777947445,0.4639390481119947,cd2dc01a-924a-487d-891c-5caf021cf81d,48.9,7.64,0.71
-0.6717983467380267,0.17879976914967788,-1.2615282276659843,1.4403943367446304,4.72570320454275,-4.1388721380117595,5.3353321929320865,-7.718903785621332,1.3431352052569439,84,33,1.4403943367446304,4.72570320454275,0.8126455684213142,0.9009103186916155,11.327225981741066,-61.142341145701295,0.695185138022904,e5c80efe-06c3-46ff-ab98-65e53192e47b,49.96,7.88,1.34
-0.4423597010455122,0.03366779552134837,-0.9135201022173696,1.01554645522476,3.331845325540551,-2.9971131962512123,5.356152471586064,-7.803021327916718,1.4124128023318434,92,41,1.01554645522476,3.331845325540551,0.8109947190262915,0.8545316005974819,1.6279886304166464,-64.09707958586232,0.44363907127792773,81655360-d7db-460c-aa82-c4cdaf15221f,48.07,6.23,-5.83
-0.9126749319022163,-0.4568167333157741,-0.07240295333391511,1.0231809452933938,3.3568928651358063,-0.23754249781468212,5.439699677917573,-7.848957169790852,1.4801141531282,65,14,1.3338470400368672,4.37613858279812,0.8511633200295232,1.1470284841505742,1.9251059861616178,-4.057790129703844,1.020616019451003,580facf8-1988-4e38-a1a7-cd76a324e14b,48.35,9.36,-3.5
-0.4677161933844896,0.0472059102880797,-0.700543937443603,0.8436519684142213,2.7678870354797285,-2.2983724981745506,5.348478401843002,-7.770424209469326,1.372431511353278,96,45,0.8436519684142213,2.7678870354797285,0.6244303815552703,0.8933774807100581,1.097851383677083,-56.13684424531159,0.4700923691363257,37167e88-5db0-4e82-b39c-d1aa20908fc1,48.21,12.9,3.06
-0.31917317006561596,0.0998474059767045,2.978617833389636,2.997333016926344,9.833769740571995,9.772368219782269,5.605708510278094,-7.555335570789504,2.0754350157345587,124,20,3.7668375888538743,12.35839103954683,3.744158704105755,3.9319796397683224,1.0045507703316283,83.59390445546066,0.3344263999298074,41934092-f36a-4da2-bfe5-4d68a15e78fc,52.42,10.09,-1.02
-0.34081671834518523,0.08028650203121135,2.791026511519398,2.8129043613169875,9.22868884946518,9.156911127032146,5.602651083581035,-7.595554623327427,1.985723248335981,116,18,3.659643198715389,12.006703407858888,3.6431764319925084,3.7994182008324064,0.9316834628012318,82.84936927244578,0.35014562386525555,5110063a-f0d6-406f-9ac6-7f41fe4ebdd8,48.91,11.42,3.94
0.5293681797468263,0.3577991786700425,-1.5271515631194759,1.6554282886080218,5.431195172598496,-5.010339774014028,5.741908879487512,-7.517835921604135,1.1752063310544123,96,45,1.6554282886080218,5.431195172598496,0.29010951196974993,0.812074072539262,5.615729021825328,-67.296046241081,0.6389451635198635,5e9cf649-d33e-41a2-b533-6b19de714fc5,50.9,14.77,0.57
-0.15833925852403555,0.026186741570134352,3.171770956389062,3.175828721139915,10.41938556804434,10.406072691565164,5.573000071886177,-7.608397496732753,2.0905525034149544,125,19,3.8505557408509894,12.63305689255574,3.835483041428811,3.945498391061208,1.0578711689245992,87.103331615625,0.16049008138823523,c6f7022b-3bd9-40c7-a00b-27a1b2afa254,51.55,10.31,1.28
-0.08618796829874556,-0.02690576819139806,2.8427271000982026,2.8441606234307812,9.331235641177104,9.326532480637146,5.594814834416962,-7.58851710670367,2.1453868813770014,120,19,3.7668115228171573,12.358305521053666,3.7540349779507642,3.8412695159520753,1.0821275249664837,88.18079686206094,0.09029001185864811,18745318-119d-44f4-9a16-70ed791151f2,54.66,-2.46,6.15
-0.6639794631748986,0.25124801855687545,-1.0353025363742938,1.255326904104994,4.118526588270977,-3.396661864745058,5.444487561767414,-7.48272944433266,1.2817789888718507,96,45,1.255326904104994,4.118526588270977,0.5130970277231418,0.7144379225527225,7.404744415989377,-55.56086703780682,0.709925555496337,29bf7c58-e76f-4091-b24a-e7b85fc2d6fd,52.64,7.82,-0.59
-0.18727072707180709,-0.08805690813077559,2.868969284310241,2.876422969349809,9.437083232774963,9.412628885532285,5.6157308443412495,-7.616289029239732,2.116813823716136,120,20,3.708145216795071,12.165830763763354,3.6864239596373887,3.955387191813926,1.0104077072999782,85.87436690839799,0.20694043656945132,f73ebb5e-1eba-428a-b1f0-8b757f60f6fc,55.2,0.83,-4.67
-0.14371454628552002,0.040511224053607936,2.9593429815820165,2.963107475730017,9.72148121958667,9.709130517001366,5.6116531094685485,-7.562970289339985,2.1240627122267224,124,21,3.7618383838763743,12.341989448413301,3.742477528129472,3.817986016017017,1.1263023856636716,87.1115607932867,0.14931520380850202,e17f61e1-ecd1-4810-9e9b-56da5e54b10a,51.07,13.32,-0.71
-0.20500382309328924,0.07598786328257214,2.9297854255204396,2.937931817187237,9.638883914656288,9.612156907875457,5.577418355177307,-7.57770619422681,2.0190975604087105,124,18,3.7445904899798266,12.285401870012553,3.732140797213607,3.8823697604564282,0.9180187292166251,85.73224165317518,0.21863376420195374,83ce7274-feb4-4cbe-a8f7-9b095238e893,53.09,10.61,-4.5
0.014015025357899278,-0.5677942406838199,-1.3673647313550295,1.4806326449336142,4.857718651357001,-4.486104761663483,5.737157465977155,-7.836291849326597,1.2457320622446013,95,44,1.4806326449336142,4.857718651357001,0.30215108831475385,0.582425556852271,5.452356144287452,-67.4432926369428,0.5679671827575059,9592880f-3d12-43d4-be1e-b16fdec1bb4a,54.28,2.52,-0.12
-0.12282292256022832,0.032693203990797545,3.320480949615109,3.3229125857672326,10.901944179026353,10.893966370128311,5.516085428819407,-7.601392573323875,2.0840068684585935,120,20,3.8012273209730756,12.471218244662321,3.7766910258793795,3.940646430618107,1.0431215474634108,87.80793233833138,0.12709962979261483,6b08a6ce-bb7d-496a-90f0-adf68c7c597d,55.73,1.8,0.87
-0.36463847617968465,-0.13617871229154715,2.9168881264960347,2.942743992005688,9.65467188978244,9.569842934698276,5.58159585456909,-7.5794738858703745,2.113063867380069,124,73,3.6583186170711057,12.00235766755612,3.629480664408239,3.7974022983448483,1.1048803291847016,82.39919781165352,0.3892375367202223,c6341f1e-34d6-46ac-8b37-5ef6f3d46f41,51.93,6.85,-4.92
-0.33649045494758073,-0.030167753692427194,2.6121174684530306,2.633874254521492,8.64131973268206,8.569939200961386,5.505581926442898,-7.60805271343044,2.036485239940617,125,19,3.583668011900695,11.757440983926164,3.5606176076221834,3.810087378362309,0.9683992664676249,82.63051924568781,0.3378400799693204,3557039d-dd11-430a-997c-fb1a69486462,49.58,12.37,-2.51
-0.3408228782181203,-0.10978992096636263,2.705335386563049,2.7289290234179644,8.953179210688859,8.8757722656268,5.551143959709493,-7.621428434057047,2.110827450351611,124,20,3.522219641588592,11.555838719122676,3.501689321912632,3.740085155911539,1.0069026587956307,82.46032974299186,0.35806991085915585,0db33161-921f-41b8-8038-6b7dfcb62016,43.6,14.23,-9.91
-0.2578994463528185,0.10639807601220821,3.0197636700982637,3.032623500907016,9.949552168330104,9.90736112236963,5.560979186459431,-7.56873005214188,2.138085488999666,126,21,3.851229698014477,12.635268038105238,3.8274409493292785,4.023377282124285,1.0657964789256138,84.72163282149818,0.27898508026091634,c95bafc3-ba2f-4277-8596-ea9d9949b185,50.0,13.69,-4.82
-0.22954284385537332,0.09368956557793315,2.8310163263420183,2.841851701246645,9.323660437160909,9.288111306896385,5.57065189929017,-7.613863594635543,2.073036833991355,125,19,3.743977137773634,12.283389559624784,3.7178982451621923,3.9104107640267216,0.9739829705595028,84.99508182175188,0.2479267066360422,d756d3a5-a865-4f59-aaa2-8f011383ecaa,52.21,10.1,-0.61
-0.1231225934188853,0.044510410816368445,2.2270343373227153,2.2308792637199484,7.319157689369909,7.306543101452478,5.637057857275393,-7.579775384186066,2.212408960229206,131,22,3.7433685768591287,12.281392968697928,3.7172869851637973,3.953340072517495,1.25918360576494,86.63561252464613,0.13092115826417833,53989f68-10de-436c-be66-57ccf91578cd,50.78,17.57,-0.61
-0.029414134059495285,-0.009175538320323891,3.1844072888245925,3.184556352603158,10.44801952953792,10.4475304751463,5.601283641468774,-7.614999991065786,2.170927076231429,130,22,3.8313547528123824,12.570061524975007,3.8065467296663305,3.9654618438308855,1.0657198655382205,89.44562847098123,0.03081203962638132,5a4ff5b5-610c-4e5b-b9c4-fcbf88e76a39,52.78,19.13,-5.11
-0.10200030303856365,-0.15131998553765538,3.1240402607022273,3.1293656466337576,10.266947659559571,10.249475920939066,5.6164360584941875,-7.63330529334029,2.115670859223926,122,20,3.711935034086119,12.178264547526636,3.698597532923333,3.851743277224298,1.1242085964425992,86.6569211062096,0.18248780738195924,75262445-8e32-417f-a97e-33e9330c51e2,54.62,8.77,-2.0
-0.24792863023703818,0.13250386495618788,2.782866677308144,2.797029285436892,9.176605267181404,9.13014001741517,5.648771336847802,-7.586458208027886,2.0271488137220626,126,19,3.6609697278697952,12.011055537630561,3.639668991292624,3.8461412418809386,0.9633593804743682,84.23174879623592,0.2811154209920574,efc6f9c5-fa06-4b7c-a276-8e96e519505d,49.56,10.98,1.2
-0.3728387345030093,-0.02602802233996355,2.756764759140032,2.7819845645023147,9.127245946529904,9.04450380295286,5.5941852984956135,-7.593980951483477,2.1719010042531868,124,21,3.892431291101817,12.77044386844428,3.865096313158137,4.0069224012232345,1.0379153210117913,82.27924498992024,0.3737461436493159,27e59563-1f91-4ad6-8650-17f0dedaa2ce,50.73,12.94,-2.9
-0.32114281806485,-0.0519892435733534,3.1152233178942774,3.132164093944344,10.276128917140236,10.220548943222694,5.529564418496126,-7.607416092308236,2.0924560029136807,124,20,3.7808325733019004,12.404306342854003,3.7418685080194805,3.92176341369917,1.0312788155524877,84.03819224683866,0.32532382489138856,ecef211f-87b2-4c26-849d-9a7c976ff0fd,53.42,8.85,3.88
-0.2717228716529552,-0.089011303672296,3.0411820042510747,3.0545939687855985,10.021633755858263,9.977631247542895,5.599889357535298,-7.58929578819396,2.103782745129191,126,21,3.7808609611537825,12.404399478850992,3.751446009141551,4.007995218542916,1.0281809669131456,84.628864382675,0.28593064047207334,e00cc4f2-afeb-4f91-b33a-a27f561ae594,52.27,10.95,2.35
-0.3368907961057147,0.0760011980279352,3.0936932491106393,3.112910135258512,10.212959761346823,10.149912234614957,5.576306205804961,-7.574646111092267,2.0375770092770753,124,19,3.897820661196911,12.788125528861256,3.8819258638501997,4.066063202232466,0.9092654908609455,83.63029207078692,0.3453571927764408,6667d490-41f3-4735-9585-afb58abd80d1,56.47,7.41,1.24
-0.4166721775888454,-0.052497374574467424,3.1327081113490673,3.160732793012735,10.369858244792438,10.277913751145233,5.565297815476819,-7.596854291501281,2.1075986168953214,127,21,3.6809357361849155,12.076560814254972,3.631158428875236,3.982054436073814,1.053613854365621,82.36453491006226,0.4199662818772982,66cf39a5-1dd0-458b-b0c2-d1489a3122d7,51.89,14.01,4.48
-0.1961803865083204,0.05857157077625572,3.1029356890548736,3.1096828235953895,10.20237146848881,10.180235200311264,5.574548330474428,-7.604900345836549,2.0912743499593933,122,19,3.8149136470648886,12.5161208893205,3.791080045030165,4.024051690920261,1.0398781119404328,86.22499245552012,0.20473732672317452,cfaecdec-2a45-4b4c-9532-8873460b9eac,53.72,5.96,-2.98
-0.1994424077392562,-0.05587051370116813,2.7786109125005938,2.7863196857814874,9.141468785372334,9.116177534450767,5.566364077236336,-7.610643649748241,2.090814817229294,123,23,3.4185580778821074,11.215741725334997,3.4119707221639923,3.4488779004993657,1.049142376160291,85.73700351701874,0.2071202266947005,dd48548f-4332-4adc-872f-4f7133bb28ad,51.43,15.43,-4.27
-0.42155738652718594,-0.0454893385472269,2.8096971042027135,2.841509761979045,9.322538589170096,9.218166352371107,5.592275948361553,-7.598142216397994,2.064416564187857,124,19,3.8061758963859047,12.487453728300212,3.7787512678289654,3.9624833012116354,0.9537485807159612,81.41838452935569,0.424004610891315,2d55c21d-dd57-4333-bcf4-537419a3bd73,53.55,6.05,0.15
-0.24979780306772048,0.06035392710133716,3.0092061506791405,3.0201594653625796,9.908659663263055,9.872723591466997,5.569393012648962,-7.58845962924106,2.099210231174419,125,20,3.7432627311117552,12.281045705747228,3.7180306757701413,3.9862094953537883,1.0103324096985886,85.11879757101597,0.25698548389746295,527092c6-df06-456c-a0bb-29b8e29cd888,47.69,11.81,-7.13
-0.10913921418676728,-0.03455436791066707,3.017477720758637,3.019648517243315,9.90698332428909,9.899861288578206,5.59376729116417,-7.614497054656697,2.0790438492422583,122,20,3.660623349947159,12.009919127123224,3.629967545178412,3.939957558013875,1.0423761663238975,87.82732379174433,0.11447869852077636,6020cd55-ce09-400f-8cc3-c46c7f06270a,54.68,3.22,3.05
-0.29391789767313536,-0.05762632695159289,2.75543761770678,2.771668268246426,9.09339983020481,9.040149664392322,5.60777753860457,-7.597727090584711,2.1160760084042143,126,22,3.5884937452973547,11.773273442576622,3.5625558589033175,3.8441306768574552,1.0307423460671035,83.79635226052034,0.2995138129210864,46e9185d-c4de-471a-beff-a541549ecc21,53.02,9.1,1.95
-0.3401837416782155,0.054658936571855374,2.906486641954891,2.9268374019257672,9.602484914454616,9.53571732924833,5.539434898748138,-7.58086692799656,2.1246109419917882,128,22,3.738656651279324,12.265933895273372,3.7028065008321946,3.942769403575174,1.0938394970501688,83.23947204951082,0.34454691618030336,68707782-66e0-44f5-827e-5c7531e84130,51.3,13.63,-1.69
-0.35583790009522903,-0.162997160153093,3.1112339083194414,3.135755908491415,10.287913085601755,10.207460329132024,5.531459105044648,-7.625166457134915,2.0747774601488023,126,19,3.6689396403086647,12.037203544319766,3.633332281513136,3.9044488568337328,1.0566049045807917,82.82985600432961,0.39139326177408224,bcf40dda-0219-4622-8bb8-df130df860f2,51.33,12.07,5.33
-0.1767342679390568,-0.10953986185128238,2.7497235748862807,2.7575738831595684,9.047158409316168,9.021402804745016,5.55216195268186,-7.608108706646502,2.078351569572003,123,21,3.5606286119281463,11.681852401339063,3.530790458842922,3.6768985659806797,1.0535730819335427,85.67565344858947,0.20792783074507448,e800c2ad-a0c5-4bce-be03-8ddbf5484a55,45.32,5.34,-1.38
-0.3305329681535933,0.015269129904572163,2.9971039275913727,3.015313771757112,9.892761718363227,9.833018135142298,5.565958054423955,-7.5841133405730154,2.0848018722505466,123,20,3.6537336376148857,11.987315084038338,3.6216659085206846,3.870619944470369,1.0662500478770922,83.69996017652156,0.3308854626067259,00209304-662f-4bf4-8918-02e9d4b0c182,46.47,10.46,-1.29
0.41397414588300135,0.17865052856683775,-1.6575538860684589,1.7177821427752182,5.6357681849580645,-5.438168917547437,5.859345277699387,-7.508186461070291,1.22535666746743,92,41,1.7177821427752182,5.6357681849580645,0.4693881383389362,0.5430242102181692,7.917926087469888,-74.7829350557285,0.4508775940505039,6543a8ca-7754-4641-a7b8-0e02d18e079a,51.3,8.7,0.7
-0.35590115970583236,0.13029825455668428,2.8859968841819548,2.9107767496200094,9.549792485629952,9.468493714507725,5.645840686935889,-7.586484427205125,2.065976792581037,124,20,3.8862476634734766,12.750156376225316,3.8686175233715514,3.9989512408568104,0.9550487686002875,82.51845596488342,0.3790029955296856,3c5bf043-f823-4bcd-ad55-3279e0574407,54.88,6.81,0.78
-0.1629905660788162,-0.09935394258440526,3.1945223527322466,3.2002203350150324,10.499410547949582,10.480716380355139,5.580048296202319,-7.615305781972293,2.2278064207408024,123,21,4.15083389209443,13.618221430756003,4.133828081778209,4.110356635738034,1.4433837808986743,86.5804205649329,0.1908851239299654,75a9264a-43b2-4282-b412-0f27b736244c,50.55,4.88,1.2
-0.26426862905170095,0.04231913203228432,2.9830418022767335,2.9950237413695495,9.826193377196685,9.786882553401357,5.53294649214702,-7.616438209233738,1.996403213030134,123,19,3.801197144447098,12.471119240312001,3.7865261622886415,3.9072217248301166,0.9183956025441324,84.87320510970493,0.26763560532341624,a0508c1d-907f-4852-b97a-2d76ed7ae381,53.42,13.91,-6.34
-0.29577996889342195,-0.024907084416746415,3.0341689311114233,3.0486533511330167,10.002143540462653,9.954622477399683,5.569741643972019,-7.655225928110801,2.0688926092116104,123,20,3.7923454939300028,12.442078392158802,3.7702623888749582,3.9870686745990143,0.9804476732268119,84.41264507202187,0.29682680615594104,c521d7fa-33e0-4e56-b50e-144f9ac26718,55.35,4.2,-2.98
-0.3783654090622243,0.12950438411648374,2.7908264582032962,2.819333979522073,9.24978339738213,9.15625478413155,5.580995181703653,-7.576822407712792,1.9980736500143041,121,19,3.7164241836496763,12.192992728509436,3.6991279519185922,3.8137230360983705,0.8793977561496745,81.845248679736,0.39991470125542283,2650bc00-aade-475f-8d8a-89cc00b605aa,55.41,3.37,0.38
-0.2419831331085722,0.1262928023697951,3.028708975411812,3.040984012845106,9.976981669439324,9.936709236915394,5.715431791828467,-7.596528700462574,1.9681020675491812,120,18,3.7831279427890894,12.41183708264137,3.7759158247432554,3.828874242926397,0.8584404050157002,84.85022600727996,0.27295733849716713,21a70b8d-97ad-46c8-83a1-68303d53d5af,55.75,1.46,7.15
-0.2132734758612933,0.09676423191406289,2.9856106588746556,2.994782112019142,9.82540062998406,9.795310560612387,5.607571611437966,-7.586946697087858,2.078852457587429,122,20,3.8268494860129456,12.555280465921737,3.802834852887113,3.9609615506001723,0.9875241390271869,85.51476721576144,0.23419840324792185,da24782f-6895-431d-8613-17542274bd77,54.83,1.44,3.49
-0.34450035696495335,0.16413131546614076,2.9608134894429115,2.985303352078769,9.794302336216433,9.713955017857321,5.663178754903918,-7.571680835466026,1.9833448382781915,118,18,3.778522652274108,12.396727861791693,3.7606070303073826,3.9359187627497043,0.9839019314925904,82.65597897161953,0.38160134258886735,f77d817d-495b-4727-a543-d894cbbab09d,52.92,-0.35,-0.44
-0.23278625219357924,0.08390705963373706,2.8159328944115694,2.826784020701941,9.27422578970453,9.238624981665254,5.593954161630327,-7.561196881145088,2.0827462722505596,126,21,3.6916415371800304,12.111684833267816,3.664971676863441,3.770165052846546,1.0521028873277465,84.97810359158973,0.24744662831954728,2062dee7-64ee-47c2-beb4-d8f6fbccae15,51.47,10.38,1.48
-0.4333840461438296,0.03433271378513351,2.8406454629825846,2.873720082584835,9.428215494044734,9.319702962541287,5.625162780232285,-7.628499073920967,1.967562114787588,122,18,3.5942042559730605,11.792008713822376,3.570491222621658,3.803519060867142,0.8385413069895561,81.29877805835564,0.434741839127371,5419f03e-b7da-43af-8360-de45c324e21a,49.62,11.07,-8.42
-0.3541231701937689,0.19625432273623644,2.7963015769530104,2.82545951804846,9.269880308557939,9.174217772155545,5.634853301853332,-7.526860965993719,2.0339020224305764,125,21,3.740968756363518,12.273519541875059,3.7166753395920673,3.843074422105972,0.8747338271937793,81.76154631840947,0.4048690885468337,6da12374-8350-4767-b546-6c457cca6632,49.55,13.16,-3.15
-0.29407853541762363,0.04903470011012537,2.904105603320797,2.9193691000021755,9.577982611555694,9.527905522706027,5.582341387287601,-7.582370698060031,2.179498091818496,127,22,3.783359042143544,12.412595282623176,3.7533363228670855,3.955247920208718,1.1528164236359693,84.13848950167093,0.29813853626840064,dfad961f-b8c4-40df-bb60-4ab2dc4b3c62,52.5,10.13,-10.61
-0.26627073301237786,-0.034066886551777045,3.8049371387381337,3.814394746977168,12.51441846121118,12.483389562789151,5.610702697523741,-7.600887154229925,2.2320675467407125,122,18,4.669719410485231,15.32060174043711,4.657846890976593,4.712846060862926,1.556986846001528,85.96442662788967,0.26844115932226315,bf1f0b5f-539a-4fdb-85d1-438a78b7fb0c,50.92,7.95,1.69
-0.4036231229029028,0.12109160416454044,2.866496990805365,2.897305610431397,9.505595834748677,9.404517686369307,5.5879777378327935,-7.589040428306597,2.05228823299179,121,20,3.8057197141756887,12.48595706750554,3.779865607716795,3.930150135564659,1.0195192852610548,81.63699820828167,0.421396252879678,07c92c71-3004-4fa6-b93f-d0780a8a7698,54.71,1.58,0.58
-0.3017603214783881,0.01651709143379848,3.2245985129351515,3.238729330393598,10.625752396304454,10.579391446637636,5.524515155815433,-7.570904294112832,2.0893528076511907,124,20,3.9262732184275957,12.88147381373883,3.893305526573935,4.076135045177886,1.0756650235046334,84.64583220374489,0.30221202148189374,21d2b1fb-ecd0-45a1-886c-3c016119623a,54.76,7.48,2.59
-0.2631325092474399,0.07932360423883558,2.9509058666977537,2.963676160737457,9.723346984046774,9.681449693890267,5.602795625355325,-7.581530336616212,2.094029141242117,126,20,3.8879801373409237,12.755840345606705,3.877708403300051,3.968742913570569,1.036501453345336,84.67917746236907,0.27482894973472766,e660e2c0-3463-49b5-9298-f35693d72dc5,54.18,14.32,0.32
0.517662428454408,-0.5339172510744585,0.034789904602147446,0.7444812679244844,2.4425238448966025,0.114140106962426,5.766615851161064,-7.760863526461894,1.375024358741253,116,65,0.9194887635524592,3.016695418479197,0.5726104001973945,3.3843607138036718,0.2477865641959093,2.67842990810533,0.743667950652858,05093bee-bfb9-4e91-b212-11fe83325d93,50.53,12.79,2.73
-0.29756845683886474,0.11068196376930808,2.786417594816514,2.804446557934799,9.20094015070472,9.14179000924053,5.627788758362055,-7.55986349839375,2.004728007841214,122,19,3.677527826106881,12.065380006912338,3.659765762407965,3.8991464335518735,0.945350583497934,83.49971559648407,0.3174861943601544,ff7f9f3e-1b0b-4880-9905-7ea1bbd8e841,49.73,10.36,-1.8
-0.204666630168189,0.0525388438016984,2.9316859985840886,2.939290995105181,9.6433431597939,9.618392383806064,5.669387685263844,-7.600354500453671,2.014921027022164,123,19,3.641564307538903,11.947389460429472,3.6222232432162462,3.904912127009536,0.8998226947189929,85.87751074771313,0.21130253101281468,89dec91b-c3d7-461f-b15a-fe7e4c1ff29b,50.99,11.5,10.06
-0.15697952190693612,0.027823589306125187,-0.12459301687288982,0.20233670520569016,0.6638343346643378,-0.4087697403966201,5.557766930614083,-7.637035904521491,1.3671621412967687,95,12,0.6920216190986194,2.270412136150326,0.6742757938408367,0.6186805825053582,1.703130446576656,-38.007942906068095,0.1594262287705701,71501d0a-af7a-40f1-9baf-2eaa519afb12,53.98,5.25,-3.1
0.046043560833324275,-0.012591194339722781,2.493075255731558,2.4935321891666216,8.180879885717262,8.179380760274139,5.634451781916993,-7.600987722521166,2.177300166584867,128,23,3.5919641267018094,11.784659208339269,3.5602348894086013,3.835274807601473,1.1563071910874332,88.9031095841796,0.04773413526097126,cb4482f5-ee79-4491-9886-e5383d1268e4,50.31,13.34,-8.58
-0.003250881309895644,-0.10078105398511669,-0.03875723376988133,0.10802551662054324,0.3544144246080815,-0.12715627877257651,5.716461532993774,-7.610582841003091,1.5666731974055355,60,9,0.9012567836101966,2.9568792113195426,0.8809700009144734,0.8938274778509497,0.5398076746770635,-21.025199008893154,0.10083347198049879,323dd5ad-2e1f-4b95-85c0-2e314d8b2171,54.77,10.21,2.9
-0.27083212365696235,0.02534385378525133,3.1464990939244206,3.1582350922938636,10.36166368862816,10.323159756969883,5.564056130665068,-7.612006846539466,2.1233311182448724,124,19,4.074059247794598,13.366336114811673,4.058238307222879,4.108666345970313,1.0472364105389729,85.05905520823053,0.2720153490691809,09767879-f196-4798-81eb-5e23a15eec51,54.28,13.17,-0.99
-0.8021825863944335,-0.32609967640265214,-1.3702034777526786,1.6208934176280414,5.317891790118246,-4.495418234096714,5.4201075098775195,-7.5974500994771414,1.361756999484023,73,17,1.6208934176280414,5.317891790118246,0.7311613631256222,0.9814684607881794,3.2982055347720634,-57.7082127353261,0.8659318107474613,f80b97e7-51dc-4158-a941-1ba64cfefee9,54.77,2.97,-0.96
0.4532539815188739,0.3505700894426753,-1.4815482519083718,1.5884973346239235,5.2116054285561795,-4.8607226112479385,5.781452797660686,-7.491136732879498,1.1915962836167957,103,52,1.5884973346239235,5.2116054285561795,0.5934507840026989,0.6889191660633358,7.176359524089465,-68.85536382552507,0.5730083414528597,c1ed0e06-2812-4907-9351-d1ea77ca5d79,48.55,19.04,-5.0
-0.6321757315192997,0.3951155656900613,-1.5954498636318395,1.7610288848100686,5.777653821555343,-5.234415563096586,5.454403252619305,-7.459139088599786,1.2256684133419593,96,45,1.7610288848100686,5.777653821555343,0.9145078343654046,0.8925149819876633,5.786086732601838,-64.95505313727121,0.7454947791718859,6ca2fe6d-376e-413f-b34d-858ac6f8b28b,55.98,2.2,-2.48
-0.25451452009641296,0.10840936817281992,3.0285812908323337,3.041189712468984,9.977656536971732,9.936290324253063,5.599876969711827,-7.566828117878556,2.0258497339423296,124,21,3.83746532200177,12.590109324152788,3.820081886163369,3.956640674130622,1.000952261045186,84.78089067173673,0.276640980419636,a2084dca-a7a9-4396-be0f-13b9e12b9e54,52.18,11.18,4.37
-0.3557508075385578,0.05339469058300813,2.9237652444254643,2.9458127629836026,9.664740036035441,9.592405657563859,5.535067074054313,-7.612110572392177,2.049919238248888,122,18,3.759316725840464,12.333716292127505,3.74391752044747,3.8305488048106713,0.930949490730327,82.98567056127877,0.35973550012028443,f3863b58-031c-42b7-a624-e84e7e1352c6,55.59,4.8,-2.73
0.463094616576734,0.09483611635680915,-1.6385893325082457,1.7054106583101363,5.595179325164489,-5.3759492536359765,5.945874557982649,-7.559567636170209,1.3786047731625741,82,31,1.7054106583101363,5.595179325164489,0.4345485797752511,0.7739970213213184,2.5757225446475926,-73.90803690344178,0.472705524473741,7d4937f1-0172-40a0-9a00-d391af15e046,55.45,9.52,0.44
-0.31590986041044433,0.02569843397477462,2.952798978313442,2.969761144560654,9.743310841734429,9.68766069000473,5.575148620822562,-7.598594674968467,2.1177475699705557,124,22,3.826258362651125,12.5533410848134,3.8034627277104116,3.9331013368233076,1.025076608479683,83.87333047392774,0.31695338681468965,408456c8-b437-4a13-aba5-43b4f25d2840,55.18,4.39,1.8
-0.367576551485565,0.10141720797965872,2.891333526075887,2.9163688947536848,9.568139418483216,9.486002382138736,5.590550792580114,-7.612650522057094,1.9924370843635608,127,18,3.6984295277428116,12.13395514351316,3.676885614685492,3.9006150086786833,0.8612363799514257,82.48715258968669,0.38131085911157786,1862aaed-0dfe-44d1-a0f7-43e2317c1251,47.62,15.58,-0.47
-0.4329628200295709,0.2669609250894919,-0.14272234350713295,0.5282940529560823,1.7332482052364906,-0.46824915848796894,5.467005637678768,-7.472392220860856,1.1448919949286906,74,23,1.251567698072143,4.1061932351448265,1.1584071663326987,1.4027278308125155,1.0261519632324883,-15.673610269852462,0.5086501145705129,eaa2d847-b909-4544-9c5a-ca47671902f9,42.43,-4.63,3.81
-0.22050550126174534,0.07307904111122482,-0.3146232255156012,0.39108949918179914,1.2831020314363488,-1.0322284301692952,5.4784001719312325,-7.681577694062021,1.3228787546751015,69,18,1.1828538118147731,3.880753975770253,1.103018066170007,1.1226269307939936,0.4305384461455546,-53.55995373988827,0.23229985436161957,d7c5a96e-8664-49e4-be4e-740573cdcd5f,43.7,7.4,-1.02
0.12606805954278882,-0.18388148339326904,1.0691540983280743,1.0921520230917996,3.58317592877887,3.5077234197115295,5.518671664415262,-7.691826796208084,1.8720811515218898,127,26,2.3936033805454686,7.853029463731852,2.383436663754828,2.39156393245738,0.5542374719693646,78.22108030797253,0.22294742782053628,7b882b0c-0c4c-49d3-9832-83510f880f32,37.05,5.47,1.85
1.5683132907944384,0.5910333331283247,0.544088712997387,1.7620895285320808,5.781133623792916,1.7850679560281726,5.801699512010538,-7.472931120036948,1.626573566977032,125,25,2.1378007351366475,7.013781939424696,1.8729634095241916,2.7540494070677335,0.7799673710626241,17.98540535955405,1.6759853755183123,0561dfdc-7437-4229-b52e-3aaf9f54defb,34.16,8.01,-2.58
0.4135475851308226,0.6259113633010986,-1.5400668369191644,1.7130652357850167,5.620292768323545,-5.052712719551064,5.875770739323154,-7.356207853158357,1.0802168968850658,95,44,1.7130652357850167,5.620292768323545,1.1465598505955918,1.3075915582776336,2.7021833629110894,-64.02854977567846,0.7501910689130968,78662c42-9daf-46ad-b451-633d41007b63,29.5,11.71,-1.74
1.3322692542385957,0.9618802120545195,1.3081270111760832,2.1003216861947562,6.8908191804289896,4.291755286010772,5.75917491190411,-7.445836366910924,1.6718028880177815,128,23,2.5551728493841463,8.383113022913866,2.184959908190249,2.775339030553638,0.8260327791552793,38.52252196274627,1.6432148088827314,48377581-bf8f-4cd5-994c-fa18179f2b79,39.49,6.88,3.48
0.3066935392814574,0.5084782058758766,-1.602255098559364,1.7087517121417068,5.606140787866492,-5.256742449341745,5.90424858825378,-7.33815605406787,1.1190585973436002,87,24,1.8521343382417277,6.07655622782719,0.3341040875011477,1.37654514146584,4.627568818667441,-69.66482748517873,0.5938105867090423,4fd9d068-a0d7-45ad-8202-fea93b60932a,41.59,-9.44,2.23
-0.4788544005125633,-0.5825325556882366,0.13763072905468626,0.7665428447954096,2.5149043464416323,0.45154438666235647,5.53221052128848,-7.6877471593194935,1.1458534288324667,80,21,1.1616917427871947,3.811324615443552,1.009777510142191,1.4933597151782005,0.5400968175558293,10.343394779243097,0.7540860132152796,7eae8366-78da-4451-bfb0-20978456af34,41.52,11.25,-4.72
-0.046355562220937854,-0.021504866896338033,0.21965300723165826,0.2255188263426346,0.739891162541452,0.7206463491852305,5.674846489063588,-7.517615960734053,1.6128446489501385,62,11,1.4696219080215367,4.821594186422364,1.4625420362828119,1.4407822155783077,0.7643657671034287,76.9034643783133,0.051100855658672256,49aa8971-a46e-4036-bf04-1eb5e625f508,41.93,10.49,0.14
0.17883609809654277,-0.02258494247914424,2.6327833418120803,2.6389468646663516,8.657962154417163,8.637740622743046,5.624866462994651,-7.623607580128472,1.8451823484117362,113,19,3.3981938420302362,11.148929927920722,3.3973196518017694,3.323636746800096,1.049114627116091,86.08329035842652,0.18025656606399257,6c78356f-f1ed-41a5-a319-9e70a0bc3230,43.32,-3.84,4.04
1.0219144096782113,0.41959794552713997,0.6563974543501914,1.285001601040238,4.21588451784855,2.153534955217163,5.771728404149716,-7.566951224730882,1.7483217154651376,106,27,1.9077402289951444,6.258990252608741,1.747464970258389,2.0311255088227025,0.7339588489726669,30.718098627713935,1.1047042575271284,fb79627c-927e-4adf-8683-0c3778443df9,41.4,-9.88,-5.65
0.4327838114427812,0.16245496055038636,-0.4394862631966311,0.6378413730645786,2.092655423440218,-1.441884065605745,5.689090288571965,-7.627573581368033,1.4995628312549367,55,4,0.6378413730645786,2.092655423440218,0.2842883722648349,0.5897952079601716,1.8583486988142839,-43.55268255261563,0.46226987967459915,b43f3c6c-61b8-49ed-bd8e-4972b4ef11df,46.23,12.08,2.86
1.026886669454292,0.14283804408566017,0.745791744162678,1.2771469235770623,4.190114578664902,2.4468233076203347,5.816596122851193,-7.61924080821493,1.8952626513328699,122,31,2.0613762854607756,6.763045555973672,1.9418580948349393,2.0485940391440356,0.8729726204154661,35.728946284198955,1.0367733304542248,fe34499b-a964-4f5f-9baa-b0fc7d273fce,43.26,14.95,0.35
-0.38707197949847616,-0.49080549313409444,-0.510414763010683,0.8069931720298024,2.647615393798564,-1.6745891174891174,5.630274393240592,-7.785969229040186,1.1756301205851898,82,30,0.8069931720298024,2.647615393798564,0.6860594288348374,1.0306667804155212,4.456541795424253,-39.23403814260224,0.6250717953991128,30aa164d-5cbc-4dd4-847b-08e9c2ba7b16,40.39,11.46,9.74
0.17280732892763748,0.10828429274525704,1.9463313675459801,1.9569858592437122,6.420557280983307,6.385601599560302,5.5992488130685105,-7.616552359632236,1.729373081789941,127,20,2.706926201130681,8.880991473525857,2.705050041172293,2.6653332693819873,0.8354149804010181,84.01853744617983,0.20393102016722522,978f1997-9e20-4aff-bb58-322059e72ac4,41.13,10.42,0.75
0.035487566463260706,0.5015026480781005,-0.5224069120998316,0.7250332786931319,2.3787181059485953,-1.7139334386477414,5.875893483005778,-7.3363533509497305,1.0847814378348999,101,48,1.0607308321467375,3.480088031977485,0.43865235915429024,2.432904415664841,0.33062704021880657,-46.09810557159134,0.5027566741504598,3d21340a-173a-4d00-a816-3e9666598746,39.44,4.4,-3.98
-0.12524696639362076,0.40758056432055867,0.548656711678672,0.6948617893313196,2.2797302799583976,1.8000548283420998,5.605900085387379,-7.443958506546093,1.5404640250047528,70,19,1.8831582079305083,6.17834057719983,1.8320419447006042,1.7993761695079922,1.0823308624296488,52.14731920123598,0.42639033643208873,9decbcf4-0fb4-4109-9e8d-553bc8c7c41a,33.35,12.09,4.77
0.030120651796168282,-0.017024609429050392,-1.1894157898806015,1.189918909929636,3.9039334315276766,-3.9022827751988234,5.872226458470964,-7.540207706519537,1.0721754156058476,106,55,1.189918909929636,3.9039334315276766,0.9130916969408185,1.843881199005571,0.7245090476274033,-88.33378874925596,0.034599002743398936,427569b7-de2a-469c-9a3e-4ea72ea37aee,39.7,12.08,-4.41
0.8955060943403006,0.6274813139798262,1.9661881485077126,2.2497910569043196,7.381204254935431,6.450748518726091,5.645158569813254,-7.458401502227317,1.772962261973714,117,23,2.8747593739367234,9.431625242574551,2.7314243196684718,2.8087433496459333,0.944151934781801,60.92007355044445,1.093464203526786,66219553-1d76-4b07-8668-eba19e22c7f0,40.43,10.14,7.5
1.405956217088163,0.6342685310838347,0.3020517721470529,1.5717012206361864,5.156500067704023,0.9909835044194649,5.764251695667409,-7.451712868307,1.498713672353264,123,22,1.8076059008980787,5.930465554127554,1.5422231882197435,2.902353668784736,0.6001749594078216,11.080116814583196,1.5424037908058004,8719b10e-64a6-422e-a7b7-a3bb2912b078,46.08,-3.34,-6.17
0.4004227968091257,-0.4662040020727541,-1.7214499568049932,1.8278606460934073,5.996918130227714,-5.647801695554439,5.925234822311682,-7.750961786562524,1.051203955793056,83,15,1.8278606460934073,5.996918130227714,1.5117616608134345,1.5683620993056946,4.085440439202068,-70.35335136422779,0.6145604833969517,09e8c219-f1c7-46b5-b52a-c189da04b0f5,40.51,1.8,2.04
1.2033550881785868,0.5533254633360394,1.3016094617788343,1.8569921183498663,6.092493826607173,4.270372249930558,5.793075290942053,-7.513545234104213,1.7009593435558772,123,24,2.566375840908808,8.41986824445147,2.262415659433161,2.579918633930035,0.8925304753667785,44.50114559316503,1.3244744378889828,693b9bf1-a503-4740-88cd-d06c51bf6c3a,41.46,9.82,-3.06
-0.5143166719200944,-0.1056368436884694,0.2539538668286707,0.5832438154294123,1.9135295781804864,0.8331819777843527,5.754954347136162,-7.55314375718244,1.3045230587933845,102,16,1.3006524397884762,4.267232414004187,1.189750812994671,2.435069685978547,0.24225079945087805,25.811786946224316,0.5250531227975167,6cc71f34-3238-4f19-a7f1-5288904a7861,43.18,-4.16,1.85
-0.7845863152331862,-0.35273005898652693,0.9839198153111455,1.306940084137657,4.287861168430633,3.22808338356675,5.345740022502681,-7.631209400271494,1.6534939826246686,117,16,1.992568516795813,6.53729828345083,1.612247392125895,1.8243293427140377,0.7267164130590263,48.83719262036061,0.8602291442190432,22a988e1-4eb8-4352-af4f-b429aa9afbd4,45.02,17.23,0.46
-0.5074654710035781,0.02558080090881932,0.460299312799445,0.6856026830458449,2.2493526346648456,1.510168349079544,5.683247433805264,-7.52995780305572,1.3079150902089687,111,14,1.2415520453405628,4.073333482088461,1.0346080498898729,2.6012747661804743,0.26407525285875394,42.17359388871971,0.5081098125760021,d3a7f4de-fb6f-45ed-b045-f8865024a9a5,42.0,21.3,2.7
1.6651867600324264,0.34471500183091985,1.0647572457927634,2.006335807072877,6.582466558638047,3.4932980505011924,5.770917885058299,-7.595437629041718,1.6787251227869806,124,23,2.4969445508959005,8.192075298214895,1.9995825118890593,2.6035281712321674,0.8969263963875802,32.052589120099235,1.700492686921817,211ad0bb-77f6-4d91-8703-141c137ee295,34.93,14.5,2.31
-2.049805162680087,-1.0521487512150247,-0.4972633417572399,2.357114556123408,7.733315472845826,-1.6314414099646979,5.335567353915373,-7.688350516225587,1.1247349790730459,105,54,2.357114556123408,7.733315472845826,1.2938202296705716,1.9477850777582875,1.266182272574319,-12.178777138986055,2.304065580584301,7d66b2d1-988d-4d7f-b002-61c062800665,40.69,4.05,-6.62
0.07596535970713107,-0.0715402838814577,0.6384047329437679,0.6468766119889302,2.1222985957642067,2.0945037170071124,5.534357269920724,-7.6239139252755415,1.8788731241438617,119,30,1.7313348206002948,5.680232351050836,1.7293527368741304,1.9313241702971384,0.41524754732821745,80.7169240748825,0.1043491643151653,f53281c6-9037-4191-a9f2-cfac998dbe92,40.67,2.49,2.87
-0.027854620124239955,-0.03228144235129516,-0.13673158600518523,0.1432253399159488,0.46989940917306033,-0.44859444227422973,5.7465427384211925,-7.591230412301773,1.407815891599496,61,10,0.9062018492734771,2.9731031800310928,0.9058977087085784,0.9049337356119904,0.6501988851403505,-72.6807008602353,0.042637675623158754,2f5f8f66-dc4d-4ab5-a3f4-782ab6abce55,41.22,-10.03,-4.6
-0.5232712623827381,0.04620185903887019,0.02085106997466698,0.5257206415325163,1.7248052543717725,0.0684090222265977,5.668009745383507,-7.586186461394882,1.4501784667043451,61,10,1.0934997881157238,3.5875977300384636,0.9399459680672382,1.1234723009922,1.9610919606741426,2.273054647562839,0.5253069824533765,a0f5924b-f4f0-4159-a6d7-c8598c9015c8,41.53,4.64,-12.98
-0.3428758291647358,-0.058643219923477825,0.05037647841453336,0.35148350038920523,1.1531610905157652,0.1652771601526685,5.644408779155627,-7.60859977309019,1.1745051294203632,124,48,0.8043715113547207,2.639014144864569,0.6392824208150087,2.6346306130722974,0.1405212751496877,8.24031307229916,0.3478546556658377,0e1615d9-9b8a-49ac-a792-5f266e8edc0c,39.07,24.89,-3.31
-0.06221522454177687,0.26575561375605933,-1.2018437818508283,1.2324468574267795,4.043460818329329,-3.9430570270696466,5.569614346303461,-7.35883698447924,1.428699565307936,79,18,1.4691390117813619,4.820009881172447,1.4020563945635414,1.3456989963597783,1.007563029768816,-77.20504227098986,0.2729409833785383,3099c2df-4b46-46f6-ab56-0550bb22d607,41.42,17.85,1.87
0.21323161701354368,0.34508485175079245,-0.7300910274185548,0.8352150535755195,2.7402068686860876,-2.3953117697459145,5.717349151323709,-7.366212904658986,1.399510926135082,72,21,1.6088804267151142,5.278479090272684,1.5608691216242918,1.5893426781257713,1.4032186324583507,-60.942812602282416,0.40564920485818406,92b75290-f589-4f58-bc3b-df562e98b712,44.14,3.32,2.61
-0.04152576099201764,-0.47700270042258436,-0.6290567463457314,0.790549400834307,2.5936660132359153,-2.063834469638226,5.584549969575246,-7.723706635294075,1.5401813301057472,66,15,0.790549400834307,2.5936660132359153,0.44263704948511134,0.8903132183754693,1.064788463292798,-52.72340743234337,0.47880681389930524,88c1c5b6-303b-46c5-8471-d1f29524c958,37.78,13.09,-4.44
0.20151197053310288,0.07942185554735341,-0.7896267952213908,0.8187950788434937,2.6863355605101495,-2.5906390919336966,5.670899172782038,-7.62097149519273,1.1809352031344784,119,66,0.8187950788434937,2.6863355605101495,0.43555483750979185,2.041470300602689,0.4134211545314596,-74.6607822042337,0.21659848892990644,6a541b45-16eb-4620-bba2-0ec11adb18fb,42.78,20.04,3.8
-0.10453594147391722,0.01384408303095443,0.43818462029186,0.45069411262532344,1.4786552251486988,1.4376135836347113,5.729209256374811,-7.471104706540686,1.4753740871212062,60,9,1.2562121902852066,4.121431070489523,1.254089906500045,1.4081954729696238,0.4733808599560537,76.46911488103068,0.1054486685302674,b1c01855-159c-4dc3-82d6-1fa091d534be,39.59,24.97,-3.31
-0.5644337360579124,-0.33007011166908007,1.7936089962447492,1.9090743705858157,6.263367357565012,5.884543950934217,5.345710039266978,-7.7527860704767,1.6333662161587619,128,19,2.5565559428459554,8.387650731121902,2.4526714286518647,2.4529025813703247,0.7792451044481017,69.97070303287299,0.6538590987495181,b81eb3c9-e67f-4833-b986-6647cfff3e34,47.69,8.96,-4.56
-0.22355105340726464,-0.01610939030744174,0.8385666639486673,0.8680026704000238,2.8477777900263246,2.7512029657108505,5.454242891849809,-7.600716726251741,1.7883572471885782,126,27,2.3047326909716603,7.561458959880775,2.216475840209631,2.179561741223764,0.5262026292981181,75.03586643978737,0.2241307340272083,81599aa2-d03d-4d98-a8b9-b8933c2752c8,40.4,8.19,-5.36
1.5634409334884818,0.31137637835930165,0.2895514188044611,1.6202292509515952,5.315712765589223,0.949971846471329,5.831778090293933,-7.623135016492908,1.6242615231137645,116,25,1.854657653764706,6.084834822062684,1.7405497495108744,2.785866184024461,0.7681427160337055,10.294638932771138,1.5941464178385532,b6a6d0f8-62c6-459e-ab44-cc723f37b4fe,43.37,-5.62,-6.96
-0.599891388783154,-0.29253393392765653,-1.301165039899894,1.4623529812918168,4.797746001613572,-4.2689141728999145,5.451248139222784,-7.71686673750992,1.2843196311524894,72,21,1.4623529812918168,4.797746001613572,0.2996324364538394,0.587284170088465,6.245854198057033,-62.8449798799195,0.6674172464323735,c3c73664-b245-4de4-9891-1de98d53ed51,42.78,3.82,-5.48
-0.013974815414463479,0.20414686725775444,-0.8403241430576601,0.8648791269782238,2.8375299441542774,-2.7569689732862863,5.555336006184891,-7.445003372992772,1.2665355509264749,93,42,1.0022835504410008,3.2883318584022336,0.9167883112152949,1.4602527854594842,1.21305202913789,-76.31443748740827,0.20462462920436422,333239fe-5508-4a62-a68d-debf60c52226,41.87,12.15,1.59
0.9755655341694777,0.7576014666733986,1.4808878933037835,1.9283975332640262,6.326763560577513,4.85855608039299,5.701223503813199,-7.399980622151974,1.7070218204133392,123,24,2.457528905598535,8.062758876635614,2.1751282835392884,2.4073077243178522,0.8896146313299421,50.168996542315284,1.2351874731250567,9e9adfcc-3d29-4139-857a-fa56f6d61596,30.21,1.62,-4.44
-0.1968324340869895,-0.036954375509504325,1.6094553904200537,1.6218678388605139,5.3210887101722895,5.280365454134034,5.4352095955031,-7.627746724398573,1.7548587965746134,126,22,2.5303377640986926,8.301633084313295,2.490942268197449,2.5876710485266616,0.713585325161018,82.90690142653203,0.20027139830217025,b6882d8d-7e32-4ad5-8756-809bd0aa5418,36.52,7.48,-0.11
0.18261011497045498,0.040694170656367844,2.1299560179840986,2.1381569418921544,7.014950596759037,6.98804467842552,5.523422445835964,-7.617938867796561,1.7084810764920149,129,20,2.9067052546820435,9.536434562605129,2.9063007089546393,3.0206653134050954,0.7613359742722045,84.9801800395315,0.1870894695458095,cf742b02-b705-4df5-9c73-29831cc5aa9a,42.44,18.17,-5.55
0.15738218875320498,-0.014648151281763165,-1.2408679728099128,1.2508944989958606,4.103984576758073,-4.071089149638821,5.804307792252273,-7.6138951285477185,1.2485101129649814,77,26,1.2508944989958606,4.103984576758073,0.5487398652759716,1.1620614317060765,1.0898134756711892,-82.7407282842722,0.15806239803546845,7a325375-4681-4764-a0ff-ceb333e028da,39.84,4.93,-4.27
-0.5288547873645364,0.09931593796511189,0.42615538124312946,0.6864105554365812,2.2520031346344527,1.3981475762569864,5.6316137236972095,-7.610701457427918,1.3524672354120237,111,15,1.3494341075512786,4.427277255745665,1.0724275780089199,2.675338905757666,0.2577241468858974,38.377954447459096,0.5380994718937001,e47c1f0c-c9bd-4932-b2a8-78b879e947a9,42.33,6.79,-1.28
-0.473158715294133,-0.22844056694208487,-0.011051406585233651,0.5255343909499431,1.7241941960299971,-0.03625789562084531,5.721868192130915,-7.519340255059276,1.3340908041807753,101,19,1.213071797684653,3.9798943493590975,1.0761780962123353,2.2402993220712015,0.23575852798387595,-1.2049556479813746,0.5254181786763906,8c46f5bb-ab4e-41c8-a1bd-7a8b834f1360,49.1,-10.17,-2.66
0.8789118724029166,0.38255144004669356,1.0065415431150406,1.389948762274713,4.56019935129499,3.302301650639897,5.684185506793418,-7.577098584145054,1.9517012955310122,105,28,2.2001365132164876,7.2182956470357205,2.0964474864104905,2.181430202123948,0.8678045614218441,46.398790220196446,0.9585570842326501,c3dd30a1-1f9e-437b-acdf-e30670889660,35.44,-0.65,0.59
0.48389622609117305,0.1813158124785441,1.1132713568884072,1.2273565478491526,4.026760327589083,3.652465081654879,5.5891207089926365,-7.637913148539586,1.8758875822808974,126,27,2.475331202553961,8.121165362709846,2.4521714715895535,2.495695638792525,0.6031734056705297,65.1005484767259,0.5167504053990033,a4bcb7ad-c113-49b7-96f3-396702f04414,42.55,6.98,-0.74
0.8796926913298379,0.3986173964923846,0.9485415857833439,1.353693539884815,4.441251771275639,3.1120130767170076,5.748282793545739,-7.497864631369345,1.8201354499327755,129,28,2.3717897348946226,7.781462384824877,2.238258642855078,2.2219035739818,0.7969264668825431,44.483697702004754,0.9657924518060287,65c52ed2-612d-4818-8444-7a778828401e,43.96,12.01,-3.76
-0.3845781246351648,0.061746218807390486,2.069654333234974,2.1059871767328535,6.9094067478111985,6.7902045053640885,5.468355312065094,-7.576389595949608,1.6728999513941636,123,20,2.7182497955835685,8.918142373961839,2.654769822584813,2.5749404492337047,0.8751006491584112,79.34175193159071,0.3895034396316809,0c831527-3a85-41a9-8ff3-0baafff4493c,38.71,9.26,3.67
-0.17757344750348633,-0.2669685388302874,1.4971428097068895,1.5310914808202976,5.023266013189953,4.911885858618404,5.421241415881946,-7.7277457992876935,1.7848163367269754,127,22,2.3219230310419685,7.617857713392285,2.2833332341567196,2.493848284281823,0.639399425899325,77.91200715631517,0.320631455074907,f51068a6-946d-4afa-b934-6eef6dc623d1,45.59,9.23,-3.77
-0.33376008217475356,-0.08159562030942506,0.11437210906568526,0.36212514002636037,1.1880746063856966,0.3752365782994923,5.470868555944411,-7.618210978587991,1.5511924636943162,67,14,1.0136342038250103,3.3255715348589576,0.9612860260048044,1.1105170790935759,2.2713936780326645,18.411281939749077,0.3435893445771829,b61ec089-9028-45e2-b8fa-ce20dbcf32c5,38.51,2.24,0.22
0.4143549378676579,-0.1666247224654099,-1.4415265656683791,1.5091231401710257,4.951191404760583,-4.729417866366073,5.868441374710729,-7.631995023459574,1.2103795949542053,102,51,1.5091231401710257,4.951191404760583,0.41508079325567043,1.052278191630217,1.6875626085806457,-72.78638089326519,0.4466025220170454,76ac3f65-1964-48ea-bbd4-d930d5cfd592,39.55,16.87,-4.31
-0.2631891386121739,-0.3355652010829235,0.9062220539615224,1.0015542611099417,3.2859391768698876,2.9731694683776984,5.3926062508587345,-7.748827799340687,1.7695101294722093,120,24,2.1655139075646725,7.104704421143938,2.0777862284197686,2.0443402895403238,0.5237215648215922,64.7984769599831,0.42646515316171024,be05f139-5df3-4604-af56-204d7268be29,39.57,4.29,-3.58
0.27402629775079884,0.04874513459233577,-0.2743538412758586,0.3908152123808046,1.2822021403569703,-0.900111027807935,5.557757313272581,-7.587783794317682,1.3901042423445198,57,6,0.8681596052019492,2.8482926679853975,0.8354522395152746,0.8444976145191682,0.5111516170741015,-44.58800692177311,0.2783280438716774,c4db0162-a137-4ca5-8000-2443a5adc872,23.78,-10.03,-3.42
0.812838257667804,-0.06787232757933713,-2.1366083151768045,2.2870084780039908,7.503308654868736,-7.009869800448834,6.041788384887162,-7.498426635566802,1.0846701533878111,89,38,2.2870084780039908,7.503308654868736,1.2261956876437836,1.2532934372669777,3.056604701201838,-69.10525097277129,0.8156670190583093,007a7681-9c1b-4d2a-b88e-77fae81131c7,40.72,2.84,-1.29
-0.19941265253403906,-0.16058054570458596,1.3420538678364524,1.3662576996395028,4.482472767846137,4.403063870854503,5.416968942828325,-7.674071671199751,1.7625039418403181,124,22,2.2122489205902465,7.2580345163721995,2.130783710767,2.2958969277565986,0.6082437253012789,79.19918276666544,0.25603030611520194,ce060167-ad96-4db7-871d-839bacc37246,47.31,7.04,-8.87
0.3183781827922121,0.13332978240207702,1.6353744060076174,1.671403884756232,5.4836085457881625,5.36540159451318,5.5650265960316725,-7.635406782285598,1.7462796174729869,110,22,2.399789675609951,7.873325707381728,2.3936318482922214,2.2916457571671773,0.7819461114598935,78.08184112428589,0.34516879661037786,eea5bc53-ff82-4e2c-8aa0-dae12386e2d9,41.72,14.36,-2.51
-0.9030015209366307,-0.11514198153948828,0.48709222011901154,1.0324380144237113,3.387263826849446,1.598071588316967,5.684565748784677,-7.627754380158714,1.261414447653089,103,12,1.581516556991345,5.1887026148010005,1.3055552430397541,3.016203323545098,0.34682445206473833,28.1504445021228,0.9103128158642545,6a7a9736-de6d-480f-ac61-f9799ca061f1,40.66,7.34,4.9
-0.18028572716328503,-0.12909604718361342,-0.052287526530854354,0.22782168081186432,0.7474464593565102,-0.1715470030539841,5.521180150678611,-7.626711833411518,1.612892853320489,68,17,1.3513064406204276,4.433420080775681,1.2873359818297647,1.2797360865631815,0.0,-13.268269714449838,0.22174023725347683,726056e8-93e9-4ddb-b003-c76423ec8712,42.34,4.93,-4.1
-0.21480333086223657,0.05349971052645495,-0.11486828648723416,0.2493940921843163,0.8182220872188855,-0.3768644569791147,5.75512302436616,-7.431154777493171,1.168695398211111,103,52,1.2253417087241978,4.020149963005898,1.1959758201891673,2.4370982923445745,0.10451079412135725,-27.425149848622684,0.22136551216466838,67855330-dfa3-4743-a9e4-42c73f7dba4c,40.55,9.79,1.68
-0.28574079970083394,0.0019051638308509834,-0.41856871557242953,0.5068048972916973,1.6627457260226288,-1.3732569408544275,5.627746837133607,-7.565285507690421,1.3694731340644908,116,21,1.669833349674346,5.478455871634993,1.4540033295382317,2.720839470722187,0.22442003799327712,-55.679553298044304,0.2857471509269944,53f4b5a1-8802-41b2-b79c-1e69f6214a89,32.32,5.97,6.63
0.22657168163618047,0.3088562062886198,1.7638895910629342,1.805002319262391,5.921923619627266,5.787039340757658,5.586207715290877,-7.507100314043792,1.726933340456076,120,21,2.5009661424718703,8.205269496298786,2.4806728958569946,2.375186104552655,0.8685087736977435,77.74778267358566,0.3830494525285804,1a024edf-0ee1-44cb-92b7-b09f040c6060,38.99,9.76,-0.34
0.9431975236503767,0.7595576360724146,1.8985099390204652,2.2518635304333183,7.388003708770729,6.228707149017274,5.627830313430152,-7.444637664749979,1.7400183255426254,129,78,2.8613040351070467,9.38748043014123,2.648405786310805,2.7988647680134635,0.8904882574960667,57.46722152915858,1.2110117138723793,6817d12b-67c1-4fa0-ae2f-31f94f1a4079,39.18,19.9,-2.97
0.11810771498618064,-0.16211826478119626,-0.2137008303858007,0.2930866919914715,0.961570511783043,-0.7011182099271677,5.610152755516079,-7.640205732449851,1.3715100320011333,115,21,1.6294839137228667,5.346075832424103,1.378334391669389,2.6818291346172045,0.12318599096424364,-46.814231271890776,0.20057857341930352,d0165b2f-3a56-4bbf-8139-e0fcbe027718,39.79,14.05,1.46
0.3799337725501712,0.1952465046706134,2.013655260043276,2.0584650532399746,6.753494269160021,6.606480511953006,5.5588423897416455,-7.606473644624545,1.7131352598622092,124,21,2.7497856597305077,9.02160649517883,2.730677020009633,2.6832522500946863,0.820106848414532,78.0231297693009,0.42716609077769396,2728f7a1-8a3d-417b-9529-a0eb30fef92e,42.05,10.8,-8.93
-0.5716045089771895,-0.10558292141392558,-1.6467394683906869,1.7463190844553564,5.729393321703925,-5.402688544588868,5.543238308693401,-7.608776518477586,1.1104412152460288,103,50,1.7463190844553564,5.729393321703925,0.5834516938337185,0.7010638206058099,3.0754925769262007,-70.5577425480407,0.5812740042160436,98f14996-2622-4aba-bf4e-011f02dcade4,42.57,6.02,-0.41
0.9804647492194418,0.43296271767211325,0.46797433413256473,1.1695160609255362,3.8369949505430974,1.53534886526432,5.979079947116805,-7.49785063663386,2.0041327872135493,141,39,1.8341448049923819,6.0175354494500715,1.6256684963473416,2.5648322421053744,0.4947526101140916,23.587154163029766,1.0718058776457446,d4492b96-97c5-474c-9c20-31282797b2e9,40.17,13.35,-0.75
0.9250345831376591,0.5543949830944881,1.0563896658359049,1.5096363480540256,4.952875157657564,3.4658453603540185,5.745832708721377,-7.495774714892076,1.7530662917522755,118,28,2.2584047878804863,7.409464527166949,2.17987218928272,2.3770675068304237,0.7855847258526226,44.40809912484258,1.0784446102053644,c8d8235b-4f27-4a73-95ca-21a0d93ff320,42.98,-1.54,-6.74
1.1795593631773629,-0.1872407232703205,0.05403812149755834,1.1955498727720075,3.922407719068266,0.17729042486075572,5.757686440504021,-7.7055576899415685,1.5171827947823102,117,66,1.6599853373682198,5.4461461199744745,1.580883658436441,2.665914551508381,0.5412300449203294,2.590616726924917,1.1943280034019879,aa164861-4240-4e7d-a9c3-5e4d5bd1e300,40.56,5.6,-0.36
0.2632314270057223,0.10518616644302496,-0.07489552470840528,0.29319661218335386,0.961931142333838,-0.24572022542127717,5.620301350627071,-7.568674072856211,1.4396434194667624,118,21,1.690913772521198,5.547617363914691,1.4822344647834724,2.7143179241897952,0.11839762172485781,-14.799938127017095,0.2834694229973467,ef2096a0-57fb-4bfc-90c6-b37aa7d57bb9,44.56,12.4,-1.05
-0.46544328576914357,-0.45740848210001495,1.5144233743658795,1.64904157879368,5.410241400241732,4.968580624559972,5.408774308031667,-7.783946388279549,1.6118017302818708,116,18,2.1635787466974814,7.09835546816759,2.044078083290065,2.101187941866938,0.8121911534857752,66.68832908312753,0.6525794754392881,92fec131-78a8-4efd-a8fe-41487e8ba495,38.22,4.54,4.09
0.859463158588373,0.3354173079697681,-1.0671179379083873,1.4106460877421514,4.628103962408633,-3.501043103373974,6.052171200158853,-7.528570913814427,1.8761862602421269,137,47,1.9536461055497114,6.409600083824512,1.8522733533853446,2.000487889608214,3.2504101501597242,-49.15438458759689,0.9225950853198759,b90fd602-80f0-452b-a8c1-16c2cf0d3eef,45.52,22.96,3.49
