filename,num_frames,num_features,min,max,mean,std,median,nan_count,inf_count,memory_kb,load_time_ms,frame_change_mean_l2,frame_change_max_l2
005_014pickle_shot_001.pt,104,337,-1.6820920705795288,2.8834948539733887,0.4595726430416107,0.6820061802864075,0.0714048370718956,0,0,136.90625,5.120992660522461,0.3599212169647217,1.0666213035583496
