{
  "angle": {
    "mean": 0.6247400513827195,
    "std": 2.3517866146825512,
    "min": -17.08520588356682,
    "max": 7.269962672040684,
    "median": 0.47254781443964333,
    "q25": -0.05404935977840353,
    "q75": 1.2541248270064145
  },
  "depth": {
    "mean": 2.275239047088684,
    "std": 6.914741826325028,
    "min": -24.982253321786473,
    "max": 18.66777725736273,
    "median": 3.5041784887199547,
    "q25": -0.7241997530559248,
    "q75": 6.604854675802154
  },
  "left_right": {
    "mean": -0.4130864763621615,
    "std": 4.280722086014329,
    "min": -13.52147785571387,
    "max": 12.287800214772503,
    "median": -0.543169169845132,
    "q25": -3.599142794961537,
    "q75": 2.7528565630407815
  }
}