{
  "angle": 0.9065292800042214,
  "depth": 0.2966531195753546,
  "left_right": 0.3792398436262936
}