{
  "1": {
    "angle": 0.00020711785309626953,
    "depth": 0.040228240515230204,
    "left_right": 0.019000656253893737,
    "total": 0.0198120048740734
  },
  "2": {
    "angle": 0.0007793369354121314,
    "depth": 0.023075209086451054,
    "left_right": 0.017099076346167256,
    "total": 0.013651207456010147
  },
  "3": {
    "angle": 0.0020732377096638545,
    "depth": 0.011061049676724076,
    "left_right": 0.019042792924603116,
    "total": 0.010725693436997016
  },
  "4": {
    "angle": 0.016421629044118737,
    "depth": 0.018022747754119467,
    "left_right": 0.015750893904925012,
    "total": 0.016731756901054405
  },
  "5": {
    "angle": 0.013008510342054126,
    "depth": 0.054934405268710275,
    "left_right": 0.019222914033741746,
    "total": 0.029055276548168713
  }
}