{
  "angle": {
    "left_wrist_z_max": 51.199999999999996,
    "knee_extension_rate_max": 49.519999999999996,
    "left_wrist_z_std": 42.160000000000004,
    "right_wrist_vel_min": 40.64,
    "set_position_stability": 37.4,
    "right_wrist_vel_load_mean": 36.64,
    "right_knee_vel_std": 35.839999999999996,
    "jerk_at_release": 35.64,
    "knee_bend_depth": 35.2,
    "right_knee_vel_min": 33.32000000000001,
    "left_wrist_z_q25": 32.800000000000004,
    "right_wrist_z_q25": 32.56,
    "right_knee_z_range": 32.4,
    "right_elbow_vel_max": 30.76,
    "wrist_snap_angle": 30.240000000000002,
    "right_wrist_z_range": 29.6,
    "hip_vertical_velocity_max": 29.6,
    "neck_z_max": 28.919999999999998,
    "right_elbow_vel_prep_mean": 28.8,
    "guide_hand_vx": 28.2
  },
  "depth": {
    "right_knee_vel_max_time": 109.64000000000001,
    "right_elbow_vel_load_mean": 61.31999999999999,
    "set_position_stability": 59.839999999999996,
    "right_wrist_vel_load_mean": 47.60000000000001,
    "right_wrist_vel_min": 45.72,
    "right_wrist_vel_prep_mean": 45.160000000000004,
    "right_knee_vel_prop_mean": 43.08,
    "right_elbow_vel_max_time": 38.28,
    "forward_position": 36.480000000000004,
    "right_knee_vel_load_mean": 34.56,
    "right_wrist_z_max": 33.279999999999994,
    "wrist_vy_release": 31.360000000000003,
    "left_wrist_z_std": 30.640000000000004,
    "left_wrist_z_mean": 30.0,
    "left_wrist_z_q75": 29.32,
    "right_elbow_vel_min": 28.4,
    "right_wrist_z_min": 28.360000000000003,
    "wrist_x_release": 28.240000000000002,
    "wrist_y_release": 27.959999999999997,
    "knee_extension_rate_max": 27.839999999999996
  },
  "left_right": {
    "shoulder_rotation": 91.0,
    "wrist_y_release": 54.879999999999995,
    "right_wrist_vel_mean": 42.08,
    "right_elbow_vel_release_mean": 41.0,
    "wrist_vy_release": 39.8,
    "right_knee_vel_min": 39.0,
    "right_wrist_vel_min": 38.44,
    "right_knee_z_q25": 37.879999999999995,
    "forward_position": 36.239999999999995,
    "right_elbow_vel_min": 35.44,
    "guide_hand_vx": 34.92,
    "left_wrist_z_range": 33.440000000000005,
    "right_wrist_vel_std": 33.36,
    "right_wrist_vel_release_mean": 33.2,
    "left_wrist_z_min": 32.6,
    "right_knee_vel_std": 30.919999999999998,
    "right_wrist_z_std": 29.8,
    "jerk_at_release": 28.68,
    "shoulder_elevation_rate": 28.639999999999997,
    "set_position_stability": 26.48
  }
}