Model,MSE_Original,MSE_Augmented,Difference,Pct_Change,Verdict
LightGBM,0.023665105343371316,0.025133000665798468,0.0014678953224271513,6.202783808179051,HURTS
XGBoost,0.027308214455842972,0.028167542070150375,0.0008593276143074036,3.146773099899292,HURTS
CatBoost,0.025157265802028112,0.027942107147570734,0.002784841345542622,11.06972978485649,HURTS
RandomForest,0.02662477009065135,0.02563163581415696,-0.0009931342764943896,-3.7301139995312296,HELPS
Ridge,0.04560001939535141,0.0479203537106514,0.002320334315299988,5.0884504318237305,HURTS
k-NN,0.04030173568859033,0.04268542084962176,0.0023836851610314277,5.914596779280313,HURTS
MLP,0.48368415236473083,0.2301686704158783,-0.25351548194885254,-52.41343307495117,HELPS
