hoop_x,hoop_y,hoop_z,gravity
17.9156551361084,-20.466533660888672,0.0,9.81
