feature_name,feature_type,beta,p_value,r_squared
right_ankle_z,raw_mean,142.4819955292397,0.06358274675467576,0.05195301320218045
left_big_toe_z,raw_mean,126.99101077824407,0.07305761953052087,0.04858991121563215
right_heel_z,raw_mean,117.5693364413509,0.020272702291852303,0.08013822418590978
left_small_toe_z,raw_mean,114.91186468368349,0.13087370781786098,0.034761136058466195
right_small_toe_z,raw_mean,102.57812516908918,0.18918203164412836,0.026373041271522093
