feature_name,feature_type,beta,p_value,r_squared
right_big_toe_z,raw_std,-135.63933290567698,0.13336773694617252,0.031015999370251714
left_big_toe_z,raw_std,-132.66111573269993,0.1428157165852788,0.029585210477529912
right_knee_z,raw_mean,-118.73084946426593,0.06321266226165853,0.047117338568860946
left_hip_z,raw_std,103.84831932081818,0.06667612308542581,0.04594375871621223
left_knee_z,raw_mean,-98.42394708207247,0.1458423122560287,0.029148817548642618
