feature_name,feature_type,beta,p_value,r_squared
left_small_toe_z,raw_mean,136.50128211623434,0.01360958833963631,0.08875163255643255
left_big_toe_z,raw_mean,127.05302626362773,0.07177976515089281,0.04828610181976806
right_small_toe_z,raw_mean,96.40078035538932,0.049049704534545886,0.05742121075615261
right_knee_z,raw_mean,73.51887056244657,0.004658900699202228,0.11506039330074294
left_knee_z,raw_mean,54.05404910887187,0.020606236999558724,0.07856425828257764
