feature_name,feature_type,beta,p_value,r_squared
left_big_toe_z,raw_std,103.01714589444232,0.02426926364663914,0.0685179459103476
left_small_toe_z,raw_std,102.75129033556335,0.025304429733578073,0.06757494649501916
right_big_toe_z,raw_std,86.4680796981049,0.05961730048356928,0.04840877053745233
right_ankle_z,raw_mean,84.00908722548719,0.02619513169903779,0.0667943492878721
left_ankle_z,raw_std,72.55562475218223,0.14768202448625434,0.028888421648895293
