feature_name,feature_type,beta,p_value,r_squared
left_eye_z,raw_mean,-80.9456480524784,0.0002619512116347758,0.1840451838359126
nose_z,raw_mean,-75.9350423554954,0.000692788368299149,0.16111149979512385
left_ear_z,raw_mean,-75.51666428005217,0.0009461987310710288,0.15367138027628802
right_eye_z,raw_mean,-74.67035295904228,0.0011220042492536871,0.14958685402293556
left_small_toe_z,raw_mean,-70.22287105647085,0.3107359281541053,0.015564697762718785
