feature_name,feature_type,beta,p_value,r_squared
right_small_toe_z,raw_mean,153.4943535909392,0.03702419039990892,0.06239799774346511
right_big_toe_z,raw_mean,127.6709706714441,0.03402112640040983,0.064400624964291
right_big_toe_z,raw_std,-66.76641765293049,0.19557432378472628,0.024510139274076116
right_hip_z,raw_mean,66.21687238849894,0.0004897540245001203,0.164761894695325
mid_hip_z,raw_mean,64.95264925793612,0.00099528979715905,0.14829716385624506
