feature_name,feature_type,beta,p_value,r_squared
right_small_toe_z,raw_mean,-177.5978949581146,0.028379667172649958,0.06870384372635219
right_big_toe_z,raw_mean,-145.8688692687596,0.027859799529115114,0.06914337205975785
left_hip_z,raw_mean,-47.57476262369778,0.036622610305573115,0.06265598376377753
mid_hip_z,raw_mean,-47.562845795570254,0.032613200859755824,0.06540249721850724
right_hip_z,raw_mean,-46.43522348616263,0.030955908212347092,0.06663986237423751
