shot_index,shot_id,participant_id,num_frames,release_frame,release_time_s,release_score,num_valid_ball_positions,ball_coverage_percent,distance_traveled_ft,height_gain_ft,max_height_ft,min_height_ft,height_range_ft,avg_velocity_ft_s,anomalies
0,qxapevM,1,240,6,0.1,0.8,240,100.0,0.2438290494725492,-0.2147049903869629,4.124093055725098,3.9093880653381348,0.2147049903869629,2.4382904947254915,none
1,ygOvl2j,1,240,149,2.4833333333333334,0.8,240,100.0,3.9138898152034947,3.898550510406494,7.895752906799316,3.6094276905059814,4.286325216293335,1.576063012833622,none
2,Qyw8BYM,1,240,148,2.466666666666667,0.8,240,100.0,4.353542660982367,4.309195518493652,8.118556022644043,3.540665626525879,4.577890396118164,1.7649497274252837,none
3,mOkVEmv,1,240,147,2.45,0.8,240,100.0,4.155829623548281,4.098130941390991,8.086837768554688,3.566305160522461,4.520532608032227,1.6962569892033799,none
4,Za4zwj6,1,240,149,2.4833333333333334,0.8,240,100.0,3.492299521242888,3.4690065383911133,8.037010192871094,3.692195415496826,4.344814777374268,1.406295109225324,none
